#
# A fatal error has been detected by the Java Runtime Environment:
#
#  EXCEPTION_ACCESS_VIOLATION (0xc0000005) at pc=0x00007ff9b7bee5c6, pid=23512, tid=6148
#
# JRE version: Java(TM) SE Runtime Environment (25.0.1+8) (build 25.0.1+8-LTS-27)
# Java VM: Java HotSpot(TM) 64-Bit Server VM (25.0.1+8-LTS-27, mixed mode, sharing, tiered, compressed oops, compressed class ptrs, g1 gc, windows-amd64)
# Problematic frame:
# C  [awt.dll+0xde5c6]
#
# No core dump will be written. Minidumps are not enabled by default on client versions of Windows
#
# If you would like to submit a bug report, please visit:
#   https://bugreport.java.com/bugreport/crash.jsp
# The crash happened outside the Java Virtual Machine in native code.
# See problematic frame for where to report the bug.
#

---------------  S U M M A R Y ------------

Command Line: -javaagent:C:\Program Files\JetBrains\IntelliJ IDEA 2025.3.3\lib\idea_rt.jar=51300 -Dfile.encoding=UTF-8 -Dsun.stdout.encoding=UTF-8 -Dsun.stderr.encoding=UTF-8 Main

Host: 13th Gen Intel(R) Core(TM) i5-13420H, 12 cores, 15G,  Windows 11 , 64 bit Build 26100 (10.0.26100.8246)
Time: Fri Apr 24 22:14:32 2026 Sri Lanka Standard Time elapsed time: 3135.313044 seconds (0d 0h 52m 15s)

---------------  T H R E A D  ---------------

Current thread (0x00000190140ead20):  JavaThread "AWT-EventQueue-0"        [_thread_in_native, id=6148, stack(0x0000005530e00000,0x0000005530f00000) (1024K)]

Stack: [0x0000005530e00000,0x0000005530f00000],  sp=0x0000005530eff220,  free space=1020k
Native frames: (J=compiled Java code, j=interpreted, Vv=VM code, C=native code)
C  [awt.dll+0xde5c6]  (no source info available)
C  [awt.dll+0xdfeb2]  (no source info available)
C  0x000001900753d193  (no source info available)

The last pc belongs to native method entry point (kind = native) (printed below).
Java frames: (J=compiled Java code, j=interpreted, Vv=VM code)
j  sun.awt.Win32GraphicsDevice.initNativeScale(I)V+0 java.desktop@25.0.1
j  sun.awt.Win32GraphicsDevice.initScaleFactors()V+60 java.desktop@25.0.1
j  sun.awt.Win32GraphicsDevice.displayChanged()V+16 java.desktop@25.0.1
j  sun.awt.Win32GraphicsEnvironment.displayChanged()V+271 java.desktop@25.0.1
j  sun.awt.windows.WToolkit.lambda$displayChanged$0()V+15 java.desktop@25.0.1
j  sun.awt.windows.WToolkit$$Lambda+0x000000008a1f1218.run()V+0 java.desktop@25.0.1
J 4904 c2 java.awt.EventQueue.dispatchEvent(Ljava/awt/AWTEvent;)V java.desktop@25.0.1 (48 bytes) @ 0x0000019007c236ec [0x0000019007c22d00+0x00000000000009ec]
J 5166 c2 java.awt.EventDispatchThread.pumpOneEventForFilters(I)V java.desktop@25.0.1 (106 bytes) @ 0x0000019007c58ce8 [0x0000019007c58000+0x0000000000000ce8]
j  java.awt.EventDispatchThread.pumpEventsForFilter(ILjava/awt/Conditional;Ljava/awt/EventFilter;)V+35 java.desktop@25.0.1
j  java.awt.EventDispatchThread.pumpEventsForHierarchy(ILjava/awt/Conditional;Ljava/awt/Component;)V+11 java.desktop@25.0.1
j  java.awt.EventDispatchThread.pumpEvents(ILjava/awt/Conditional;)V+4 java.desktop@25.0.1
j  java.awt.EventDispatchThread.pumpEvents(Ljava/awt/Conditional;)V+3 java.desktop@25.0.1
j  java.awt.EventDispatchThread.run()V+9 java.desktop@25.0.1
v  ~StubRoutines::call_stub 0x00000190075312ed

siginfo: EXCEPTION_ACCESS_VIOLATION (0xc0000005), reading address 0x000000010000004e


Registers:
RAX=0x00000000fffffffe, RBX=0x0000019013c37280, RCX=0x00000000fffffffe, RDX=0x0000000000000000
RSP=0x0000005530eff220, RBP=0x0000005530eff300, RSI=0x0000000000000001, RDI=0x0000000000000000
R8 =0x0000000000000001, R9 =0x000000552ec50000, R10=0x000001900753d233, R11=0x0000000000000100
R12=0x0000000000000000, R13=0x000001900fa46030, R14=0x0000005530eff328, R15=0x00000190140ead20
RIP=0x00007ff9b7bee5c6, EFLAGS=0x0000000000010202

XMM[0]=0x0000000000000000 0x0000000000000000
XMM[1]=0x0000000000000000 0x00000000bf800000
XMM[2]=0x0000000000000000 0x0000000000000000
XMM[3]=0x0000000000000000 0x0000000708606848
XMM[4]=0x0000000000000000 0x0000000000000000
XMM[5]=0x0000000000000000 0x0000000000000000
XMM[6]=0xc1e833f5f8abb63f 0x8fc30fe66c9d5dfb
XMM[7]=0x7c4ccb6eef2a6bf1 0xb76c25743618890c
XMM[8]=0x03da6d46c43d4f6d 0x97058b370aa274b1
XMM[9]=0x9e932d089e932d08 0x9e932d087ee8b7e0
XMM[10]=0x0000000000000000 0x00000000e0558ad8
XMM[11]=0x69f3b40d69f3b40d 0x69f3b40de8dc6bed
XMM[12]=0x0000000000000000 0x000000007ee8b7e0
XMM[13]=0x0000000000000000 0x404a000000000000
XMM[14]=0x0000000000000000 0x00000000c1c80000
XMM[15]=0x0000000000000000 0x000000003f7f0000
  MXCSR=0x00001fa2


Register to memory mapping:

RAX=0x00000000fffffffe is an unknown value
RBX=0x0000019013c37280 points into unknown readable memory: 0x000001901419e740 | 40 e7 19 14 90 01 00 00
RCX=0x00000000fffffffe is an unknown value
RDX=0x0 is null
RSP=0x0000005530eff220 is pointing into the stack for thread: 0x00000190140ead20
RBP=0x0000005530eff300 is pointing into the stack for thread: 0x00000190140ead20
RSI=0x0000000000000001 is an unknown value
RDI=0x0 is null
R8 =0x0000000000000001 is an unknown value
R9 =0x000000552ec50000 points into unknown readable memory: 0x0000000000000000 | 00 00 00 00 00 00 00 00
R10=0x000001900753d233 is at code_begin+1139 in an Interpreter codelet
native method entry point (kind = native)  [0x000001900753cdc0, 0x000001900753d8b8]  2808 bytes
R11=0x0000000000000100 is an unknown value
R12=0x0 is null
R13={method} {0x000001900fa46038} 'initNativeScale' '(I)V' in 'sun/awt/Win32GraphicsDevice'
R14=0x0000005530eff328 is pointing into the stack for thread: 0x00000190140ead20
R15=0x00000190140ead20 is a thread

Top of Stack: (sp=0x0000005530eff220)
0x0000005530eff220:   0000019013c37280 000000000000000a   .r..............
0x0000005530eff230:   0000005530eff250 0000019013c37280   P..0U....r......
0x0000005530eff240:   0000019013c37280 00007ff9b7befeb2   .r..............
0x0000005530eff250:   00007ff9b7c4c838 000001900fa46030   8.......0`......
0x0000005530eff260:   0000005530eff380 00000190075483f9   ...0U.....T.....
0x0000005530eff270:   0000019007538cb2 000001900753d193   ..S.......S.....
0x0000005530eff280:   000001900fa46030 0000005530eff3d8   0`.........0U...
0x0000005530eff290:   0000005530eff380 0000005530eff3f0   ...0U......0U...
0x0000005530eff2a0:   0000019007538cb2 00007ff99d7b194d   ..S.....M.{.....
0x0000005530eff2b0:   0000005530eff3f0 fffffffffffffff7   ...0U...........
0x0000005530eff2c0:   0000000000000000 0000000000000005   ................
0x0000005530eff2d0:   000001900fa495d8 0000000000000000   ................
0x0000005530eff2e0:   0000000708b44080 000001900fa46030   .@......0`......
0x0000005530eff2f0:   0000000000000000 0000005530eff320   ........ ..0U...
0x0000005530eff300:   0000005530eff378 0000019007538b18   x..0U.....S.....
0x0000005530eff310:   0000000000000000 000001900753a757   ........W.S.....
0x0000005530eff320:   0000000000000000 000000070870a490   ..........p.....
0x0000005530eff330:   fffffffffffffff7 000001900fa46694   .........f......
0x0000005530eff340:   0000000000000002 000001900fa495d8   ................
0x0000005530eff350:   0000000000000000 0000000708b44080   .........@......
0x0000005530eff360:   000001900fa466e0 fffffffffffffff5   .f..............
0x0000005530eff370:   0000005530eff388 0000005530eff3d8   ...0U......0U...
0x0000005530eff380:   0000019007538b18 000000070870a490   ..S.......p.....
0x0000005530eff390:   fffffffffffffff7 000001900fa47e50   ........P~......
0x0000005530eff3a0:   0000000000000003 000001900fa495d8   ................
0x0000005530eff3b0:   0000000000000000 0000000708b44080   .........@......
0x0000005530eff3c0:   000001900fa47e98 fffffffffffffff6   .~..............
0x0000005530eff3d0:   0000005530eff3f0 0000005530eff440   ...0U...@..0U...
0x0000005530eff3e0:   0000019007538b18 0000000000000000   ..S.............
0x0000005530eff3f0:   000000070870a490 fffffffffffffff7   ..p.............
0x0000005530eff400:   000001900f941317 0000000000000008   ................
0x0000005530eff410:   000001900f945dc8 0000000000000000   .]..............

Instructions: (pc=0x00007ff9b7bee5c6)
  0x00007ff9b7bee4c6:   11 45 d4 0f 11 45 e4 0f 11 45 f4 89 45 04 c7 45
  0x00007ff9b7bee4d6:   a0 68 00 00 00 0f 11 44 24 34 0f 11 44 24 44 0f
  0x00007ff9b7bee4e6:   11 44 24 54 0f 11 44 24 64 0f 11 44 24 74 0f 11
  0x00007ff9b7bee4f6:   45 84 89 45 94 c7 44 24 30 68 00 00 00 48 8d 55
  0x00007ff9b7bee506:   a0 49 8b ce ff 15 78 74 06 00 85 c0 74 41 48 8d
  0x00007ff9b7bee516:   54 24 30 48 8b ce ff 15 66 74 06 00 85 c0 74 2f
  0x00007ff9b7bee526:   48 8d 54 24 34 48 8d 4d a4 ff 15 9b 73 06 00 85
  0x00007ff9b7bee536:   c0 74 1c 48 8d 54 24 44 48 8d 4d b4 ff 15 88 73
  0x00007ff9b7bee546:   06 00 85 c0 74 09 8b 44 24 54 39 45 c4 74 11 ff
  0x00007ff9b7bee556:   c7 3b 7b 0c 0f 8c 40 ff ff ff 8b 3d ca ae 06 00
  0x00007ff9b7bee566:   48 8b cb e8 02 a0 f4 ff 90 8b c7 48 8b 4d 10 48
  0x00007ff9b7bee576:   33 cc e8 c3 f9 00 00 4c 8d 9c 24 20 01 00 00 49
  0x00007ff9b7bee586:   8b 5b 28 49 8b 73 30 49 8b e3 41 5e 5f 5d c3 cc
  0x00007ff9b7bee596:   cc cc cc cc cc cc cc cc cc cc 48 8b 41 08 48 8b
  0x00007ff9b7bee5a6:   80 18 0c 00 00 c3 cc cc cc cc 48 8b 41 08 48 05
  0x00007ff9b7bee5b6:   00 04 00 00 c3 cc cc cc cc cc 40 53 48 83 ec 20
=>0x00007ff9b7bee5c6:   83 79 50 00 48 8b d9 75 56 48 8b 49 28 4c 8d 44
  0x00007ff9b7bee5d6:   24 38 48 8d 54 24 30 c7 44 24 30 00 00 80 bf c7
  0x00007ff9b7bee5e6:   44 24 38 00 00 80 bf e8 be d7 00 00 f3 0f 10 54
  0x00007ff9b7bee5f6:   24 30 0f 57 c0 0f 2f d0 76 25 f3 0f 10 4c 24 38
  0x00007ff9b7bee606:   0f 2f c8 76 1a f3 0f 5e 15 19 97 02 00 f3 0f 5e
  0x00007ff9b7bee616:   0d 11 97 02 00 f3 0f 11 53 48 f3 0f 11 4b 4c 48
  0x00007ff9b7bee626:   83 c4 20 5b c3 cc cc cc cc cc 48 89 5c 24 10 48
  0x00007ff9b7bee636:   89 74 24 18 48 89 7c 24 20 41 56 48 83 ec 40 48
  0x00007ff9b7bee646:   8b d9 48 83 79 18 00 75 14 b9 28 04 00 00 e8 87
  0x00007ff9b7bee656:   8d 00 00 48 89 43 18 c7 00 28 00 00 00 48 8b 43
  0x00007ff9b7bee666:   18 45 33 f6 66 44 89 70 0e 48 8b 4b 28 e8 68 03
  0x00007ff9b7bee676:   00 00 48 8b f8 ba 01 00 00 00 44 8b c2 48 8b c8
  0x00007ff9b7bee686:   ff 15 a4 6f 06 00 48 8b f0 44 89 74 24 30 48 8b
  0x00007ff9b7bee696:   4b 18 48 89 4c 24 28 4c 89 74 24 20 41 b9 01 00
  0x00007ff9b7bee6a6:   00 00 45 33 c0 48 8b d0 48 8b cf ff 15 99 6e 06
  0x00007ff9b7bee6b6:   00 48 8b 53 30 48 8b 0b 83 79 04 08 0f 8e 0f 02


Stack slot to memory mapping:

stack at sp + 0 slots: 0x0000019013c37280 points into unknown readable memory: 0x000001901419e740 | 40 e7 19 14 90 01 00 00
stack at sp + 1 slots: 0x000000000000000a is an unknown value
stack at sp + 2 slots: 0x0000005530eff250 is pointing into the stack for thread: 0x00000190140ead20
stack at sp + 3 slots: 0x0000019013c37280 points into unknown readable memory: 0x000001901419e740 | 40 e7 19 14 90 01 00 00
stack at sp + 4 slots: 0x0000019013c37280 points into unknown readable memory: 0x000001901419e740 | 40 e7 19 14 90 01 00 00
stack at sp + 5 slots: 0x00007ff9b7befeb2 awt.dll
stack at sp + 6 slots: 0x00007ff9b7c4c838 awt.dll
stack at sp + 7 slots: {method} {0x000001900fa46038} 'initNativeScale' '(I)V' in 'sun/awt/Win32GraphicsDevice'

Lock stack of current Java thread (top to bottom):

native method entry point (kind = native)  [0x000001900753cdc0, 0x000001900753d8b8]  2808 bytes
[MachCode]
  0x000001900753cdc0: 488b 4b08 | 0fb7 492e | 584c 8d74 | ccf8 6800 | 0000 0068 | 0000 0000 | 5055 488b | ec41 5548 
  0x000001900753cde0: 8b43 084c | 8d68 3848 | 8b40 0868 | 0000 0000 | 5348 8b50 | 1848 8b52 | 7048 8b12 | 5248 8b53 
  0x000001900753ce00: 1048 85d2 | 7407 4881 | c2d0 0000 | 0052 488b | 5010 5249 | 8bc6 482b | c548 c1e8 | 0350 6800 
  0x000001900753ce20: 0000 0068 | f7ff ffff | 41c6 87f1 | 0400 0001 | 488b 4310 | 4885 c074 | 208b 8890 | 0000 0083 
  0x000001900753ce40: c102 8988 | 9000 0000 | 2388 a400 | 0000 0f84 | b209 0000 | e9cf 0000 | 0048 8b43 | 1848 85c0 
  0x000001900753ce60: 0f85 b000 | 0000 e805 | 0000 00e9 | 9900 0000 | 488b d348 | 8d44 2408 | 4c89 6dc0 | 498b cfc5 
  0x000001900753ce80: f877 4989 | af38 0400 | 0049 8987 | 2804 0000 | 4883 ec20 | 40f6 c40f | 0f84 1900 | 0000 4883 
  0x000001900753cea0: ec08 48b8 | 401f 4d9d | f97f 0000 | ffd0 4883 | c408 e90c | 0000 0048 | b840 1f4d | 9df9 7f00 
  0x000001900753cec0: 00ff d048 | 83c4 2049 | c787 2804 | 0000 0000 | 0000 49c7 | 8738 0400 | 0000 0000 | 0049 c787 
  0x000001900753cee0: 3004 0000 | 0000 0000 | c5f8 7749 | 837f 0800 | 0f84 0500 | 0000 e9e5 | 42ff ff4c | 8b6d c04c 
  0x000001900753cf00: 8b75 c84e | 8d74 f500 | c348 8b43 | 1848 85c0 | 0f84 1200 | 0000 8b48 | 0883 c102 | 8948 0823 
  0x000001900753cf20: 482c 0f84 | de08 0000 | 493b a770 | 0500 000f | 8748 0000 | 0089 8424 | 00f0 ffff | 8984 2400 
  0x000001900753cf40: e0ff ff89 | 8424 00d0 | ffff 8984 | 2400 c0ff | ff89 8424 | 00b0 ffff | 8984 2400 | a0ff ff89 
  0x000001900753cf60: 8424 0090 | ffff 8984 | 2400 80ff | ff49 3ba7 | 6805 0000 | 7607 4989 | a770 0500 | 0041 c687 
  0x000001900753cf80: f104 0000 | 0048 8b5d | e84c 8b5b | 0845 0fb7 | 5b2e 41c1 | e303 492b | e348 83ec | 2048 83e4 
  0x000001900753cfa0: f04c 8b5b | 604d 85db | 0f85 ab00 | 0000 e805 | 0000 00e9 | 9900 0000 | 488b d348 | 8d44 2408 
  0x000001900753cfc0: 4c89 6dc0 | 498b cfc5 | f877 4989 | af38 0400 | 0049 8987 | 2804 0000 | 4883 ec20 | 40f6 c40f 
  0x000001900753cfe0: 0f84 1900 | 0000 4883 | ec08 48b8 | 7048 4d9d | f97f 0000 | ffd0 4883 | c408 e90c | 0000 0048 
  0x000001900753d000: b870 484d | 9df9 7f00 | 00ff d048 | 83c4 2049 | c787 2804 | 0000 0000 | 0000 49c7 | 8738 0400 
  0x000001900753d020: 0000 0000 | 0049 c787 | 3004 0000 | 0000 0000 | c5f8 7749 | 837f 0800 | 0f84 0500 | 0000 e99d 
  0x000001900753d040: 41ff ff4c | 8b6d c04c | 8b75 c84e | 8d74 f500 | c348 8b5d | e84c 8b5b | 6041 ffd3 | 488b 5de8 
  0x000001900753d060: 4889 4518 | 440f b75b | 2c41 f6c3 | 080f 841b | 0000 004c | 8b5b 084d | 8b5b 084d | 8b5b 184d 
  0x000001900753d080: 8b5b 704d | 8b1b 4c89 | 5d10 488d | 5510 488b | 4358 49ba | a00f 889d | f97f 0000 | 493b c20f 
  0x000001900753d0a0: 85ab 0000 | 00e8 0500 | 0000 e999 | 0000 0048 | 8bd3 488d | 4424 084c | 896d c049 | 8bcf c5f8 
  0x000001900753d0c0: 7749 89af | 3804 0000 | 4989 8728 | 0400 0048 | 83ec 2040 | f6c4 0f0f | 8419 0000 | 0048 83ec 
  0x000001900753d0e0: 0848 b870 | 484d 9df9 | 7f00 00ff | d048 83c4 | 08e9 0c00 | 0000 48b8 | 7048 4d9d | f97f 0000 
  0x000001900753d100: ffd0 4883 | c420 49c7 | 8728 0400 | 0000 0000 | 0049 c787 | 3804 0000 | 0000 0000 | 49c7 8730 
  0x000001900753d120: 0400 0000 | 0000 00c5 | f877 4983 | 7f08 000f | 8405 0000 | 00e9 a640 | ffff 4c8b | 6dc0 4c8b 
  0x000001900753d140: 75c8 4e8d | 74f5 00c3 | 488b 5de8 | 488b 4358 | 498d 8f48 | 0400 004c | 8d15 d500 | 0000 4d89 
  0x000001900753d160: 9730 0400 | 00c5 f877 | 4989 af38 | 0400 0049 | 89a7 2804 | 0000 41c7 | 87d4 0400 | 0004 0000 
  0x000001900753d180: 0049 3ba7 | c805 0000 | 7607 4989 | a7c8 0500 | 00ff d049 | 3ba7 c805 | 0000 720b | 49c7 87c8 
  0x000001900753d1a0: 0500 0000 | 0000 00c5 | f877 4883 | ec10 c5fb | 1104 2448 | 83ec 1048 | 8904 2448 | c744 2408 
  0x000001900753d1c0: 0000 0000 | 41c7 87d4 | 0400 0005 | 0000 00f0 | 8344 24c0 | 0049 3b6f | 280f 870e | 0000 0041 
  0x000001900753d1e0: 83bf d004 | 0000 000f | 8420 0000 | 0049 8bcf | 4c8b e448 | 83ec 2048 | 83e4 f048 | b8a0 ac4e 
  0x000001900753d200: 9df9 7f00 | 00ff d049 | 8be4 4d33 | e441 c787 | d404 0000 | 0800 0000 | 4d8b 97f0 | 0500 0049 
  0x000001900753d220: 83fa 0074 | 3549 c787 | f005 0000 | 0000 0000 | 41ff e249 | ba60 be53 | 0790 0100 | 0041 ffd2 
  0x000001900753d240: 4883 ec10 | c5fb 1104 | 2448 83ec | 1048 8904 | 2448 c744 | 2408 0000 | 0000 49c7 | 8728 0400 
  0x000001900753d260: 0000 0000 | 0049 c787 | 3804 0000 | 0000 0000 | 49c7 8730 | 0400 0000 | 0000 00c5 | f877 4d8b 
  0x000001900753d280: 9fb8 0400 | 0041 c783 | 0001 0000 | 0000 0000 | 49bb 5aa7 | 5307 9001 | 0000 4c3b | 5d18 0f85 
  0x000001900753d2a0: 5501 0000 | 488b 0424 | 4883 c410 | 4885 c00f | 842f 0100 | 00a8 030f | 8508 0000 | 0048 8b00 
  0x000001900753d2c0: e91f 0100 | 00a8 010f | 8509 0000 | 0048 8b40 | fee9 0e01 | 0000 488b | 40ff 4180 | 7f48 000f 
  0x000001900753d2e0: 84ff 0000 | 0048 83f8 | 000f 84f5 | 0000 004d | 8b5f 384d | 85db 0f84 | 1400 0000 | 4983 eb08 
  0x000001900753d300: 4d89 5f38 | 4d03 5f40 | 4989 03e9 | d400 0000 | 4883 ec70 | 4889 0424 | 4889 4c24 | 0848 8954 
  0x000001900753d320: 2410 4c89 | 4424 184c | 894c 2420 | 4c89 5424 | 284c 895c | 2430 c5fb | 1144 2440 | c5fb 114c 
  0x000001900753d340: 2448 c5fb | 1154 2450 | c5fb 115c | 2458 c5fb | 1164 2460 | c5fb 116c | 2468 498b | d748 8bc8 
  0x000001900753d360: 4883 ec20 | 40f6 c40f | 0f84 1900 | 0000 4883 | ec08 48b8 | 2076 419d | f97f 0000 | ffd0 4883 
  0x000001900753d380: c408 e90c | 0000 0048 | b820 7641 | 9df9 7f00 | 00ff d048 | 83c4 20c5 | fb10 6c24 | 68c5 fb10 
  0x000001900753d3a0: 6424 60c5 | fb10 5c24 | 58c5 fb10 | 5424 50c5 | fb10 4c24 | 48c5 fb10 | 4424 404c | 8b5c 2430 
  0x000001900753d3c0: 4c8b 5424 | 284c 8b4c | 2420 4c8b | 4424 1848 | 8b54 2410 | 488b 4c24 | 0848 8b04 | 2448 83c4 
  0x000001900753d3e0: 70c5 f877 | 4889 4510 | 4883 ec10 | 4889 0424 | 48c7 4424 | 0800 0000 | 0041 83bf | 5005 0000 
  0x000001900753d400: 020f 85bf | 0000 0048 | 81ec 8000 | 0000 4889 | 4424 7848 | 894c 2470 | 4889 5424 | 6848 895c 
  0x000001900753d420: 2460 4889 | 6c24 5048 | 8974 2448 | 4889 7c24 | 404c 8944 | 2438 4c89 | 4c24 304c | 8954 2428 
  0x000001900753d440: 4c89 5c24 | 204c 8964 | 2418 4c89 | 6c24 104c | 8974 2408 | 4c89 3c24 | 4c8b e448 | 83ec 2048 
  0x000001900753d460: 83e4 f048 | b810 f787 | 9df9 7f00 | 00ff d049 | 8be4 4c8b | 3c24 4c8b | 7424 084c | 8b6c 2410 
  0x000001900753d480: 4c8b 6424 | 184c 8b5c | 2420 4c8b | 5424 284c | 8b4c 2430 | 4c8b 4424 | 3848 8b7c | 2440 488b 
  0x000001900753d4a0: 7424 4848 | 8b6c 2450 | 488b 5c24 | 6048 8b54 | 2468 488b | 4c24 7048 | 8b44 2478 | 4881 c480 
  0x000001900753d4c0: 0000 004d | 33e4 488b | 5de8 4c8b | 6b08 4d8d | 6d38 4983 | 7f08 000f | 84bb 0000 | 00e8 0500 
  0x000001900753d4e0: 0000 e996 | 0000 0048 | 8d44 2408 | 4c89 6dc0 | 498b cfc5 | f877 4989 | af38 0400 | 0049 8987 
  0x000001900753d500: 2804 0000 | 4883 ec20 | 40f6 c40f | 0f84 1900 | 0000 4883 | ec08 48b8 | b066 4d9d | f97f 0000 
  0x000001900753d520: ffd0 4883 | c408 e90c | 0000 0048 | b8b0 664d | 9df9 7f00 | 00ff d048 | 83c4 2049 | c787 2804 
  0x000001900753d540: 0000 0000 | 0000 49c7 | 8738 0400 | 0000 0000 | 0049 c787 | 3004 0000 | 0000 0000 | c5f8 7749 
  0x000001900753d560: 837f 0800 | 0f84 0500 | 0000 e971 | 3cff ff4c | 8b6d c04c | 8b75 c84e | 8d74 f500 | c348 b948 
  0x000001900753d580: 08b1 9df9 | 7f00 0048 | 83e4 f048 | b800 8d74 | 9df9 7f00 | 00ff d0f4 | 440f b75b | 2c41 f6c3 
  0x000001900753d5a0: 200f 8472 | 0100 0048 | 8d55 a84c | 8b5a 084d | 85db 0f85 | bb00 0000 | e805 0000 | 00e9 9600 
  0x000001900753d5c0: 0000 488d | 4424 084c | 896d c049 | 8bcf c5f8 | 7749 89af | 3804 0000 | 4989 8728 | 0400 0048 
  0x000001900753d5e0: 83ec 2040 | f6c4 0f0f | 8419 0000 | 0048 83ec | 0848 b8e0 | 654d 9df9 | 7f00 00ff | d048 83c4 
  0x000001900753d600: 08e9 0c00 | 0000 48b8 | e065 4d9d | f97f 0000 | ffd0 4883 | c420 49c7 | 8728 0400 | 0000 0000 
  0x000001900753d620: 0049 c787 | 3804 0000 | 0000 0000 | 49c7 8730 | 0400 0000 | 0000 00c5 | f877 4983 | 7f08 000f 
  0x000001900753d640: 8405 0000 | 00e9 963b | ffff 4c8b | 6dc0 4c8b | 75c8 4e8d | 74f5 00c3 | 48b9 4808 | b19d f97f 
  0x000001900753d660: 0000 4883 | e4f0 48b8 | 008d 749d | f97f 0000 | ffd0 f44c | 896d c04c | 8b4a 0848 | c742 0800 
  0x000001900753d680: 0000 0045 | 8b87 d806 | 0000 4f3b | 4c07 f80f | 8542 0000 | 0041 83af | d806 0000 | 084f 3b4c 
  0x000001900753d6a0: 07f0 0f84 | 2a00 0000 | 498b 01a8 | 020f 8512 | 0000 004c | 8bc0 4983 | c801 f04d | 0fb1 010f 
  0x000001900753d6c0: 840d 0000 | 0041 8387 | d806 0000 | 08e9 0500 | 0000 e93e | 0000 004c | 894a 0848 | 8bca 4883 
  0x000001900753d6e0: ec20 40f6 | c40f 0f84 | 1900 0000 | 4883 ec08 | 48b8 3038 | 4d9d f97f | 0000 ffd0 | 4883 c408 
  0x000001900753d700: e90c 0000 | 0048 b830 | 384d 9df9 | 7f00 00ff | d048 83c4 | 204c 8b6d | c041 c687 | 9603 0000 
  0x000001900753d720: 0149 3b6f | 280f 8705 | 0000 00e9 | ab00 0000 | 4883 ec10 | c5fb 1104 | 2448 83ec | 1048 8904 
  0x000001900753d740: 2448 c744 | 2408 0000 | 0000 c5f8 | 7749 89af | 3804 0000 | 49ba 4ad7 | 5307 9001 | 0000 4d89 
  0x000001900753d760: 9730 0400 | 0049 89a7 | 2804 0000 | 498b cf48 | 83ec 2040 | f6c4 0f0f | 8419 0000 | 0048 83ec 
  0x000001900753d780: 0848 b8d0 | 1e4d 9df9 | 7f00 00ff | d048 83c4 | 08e9 0c00 | 0000 48b8 | d01e 4d9d | f97f 0000 
  0x000001900753d7a0: ffd0 4883 | c420 49c7 | 8728 0400 | 0000 0000 | 0049 c787 | 3804 0000 | 0000 0000 | 49c7 8730 
  0x000001900753d7c0: 0400 0000 | 0000 00c5 | f877 488b | 0424 4883 | c410 c5fb | 1004 2448 | 83c4 1048 | 8b04 2448 
  0x000001900753d7e0: 83c4 10c5 | fb10 0424 | 4883 c410 | 4c8b 5d18 | 41ff d34c | 8b5d f8c9 | 41c6 8796 | 0300 0000 
  0x000001900753d800: 5f49 8be3 | ffe7 ba00 | 0000 00e8 | 0500 0000 | e996 0000 | 0048 8d44 | 2408 4c89 | 6dc0 498b 
  0x000001900753d820: cfc5 f877 | 4989 af38 | 0400 0049 | 8987 2804 | 0000 4883 | ec20 40f6 | c40f 0f84 | 1900 0000 
  0x000001900753d840: 4883 ec08 | 48b8 202e | 4d9d f97f | 0000 ffd0 | 4883 c408 | e90c 0000 | 0048 b820 | 2e4d 9df9 
  0x000001900753d860: 7f00 00ff | d048 83c4 | 2049 c787 | 2804 0000 | 0000 0000 | 49c7 8738 | 0400 0000 | 0000 0049 
  0x000001900753d880: c787 3004 | 0000 0000 | 0000 c5f8 | 7749 837f | 0800 0f84 | 0500 0000 | e943 39ff | ff4c 8b6d 
  0x000001900753d8a0: c04c 8b75 | c84e 8d74 | f500 c348 | 8b5d e8e9 | 74f6 ffff | 0f1f 4000 
[/MachCode]

Compiled method (c2) 3135521 4904       4       java.awt.EventQueue::dispatchEvent (48 bytes)
 total in heap  [0x0000019007c22c08,0x0000019007c242a8] = 5792
 main code      [0x0000019007c22d00,0x0000019007c241f8] = 5368
 stub code      [0x0000019007c241f8,0x0000019007c24288] = 144
 oops           [0x0000019007c24288,0x0000019007c242a8] = 32
 mutable data [0x00000190148bc5e0,0x00000190148bca28] = 1096
 relocation     [0x00000190148bc5e0,0x00000190148bc7e8] = 520
 metadata       [0x00000190148bc7e8,0x00000190148bca28] = 576
 immutable data [0x0000019013ac6f70,0x0000019013ac7d30] = 3520
 dependencies   [0x0000019013ac6f70,0x0000019013ac7000] = 144
 nul chk table  [0x0000019013ac7000,0x0000019013ac7070] = 112
 handler table  [0x0000019013ac7070,0x0000019013ac7278] = 520
 scopes pcs     [0x0000019013ac7278,0x0000019013ac76c8] = 1104
 scopes data    [0x0000019013ac76c8,0x0000019013ac7d30] = 1640

[Constant Pool (empty)]

[MachCode]
[Instructions begin]
  0x0000019007c22d00: 6690 448b | 5208 443b 

  0x0000019007c22d08: ;   {runtime_call Shared Runtime ic_miss_blob}
  0x0000019007c22d08: 5008 0f85 | d0bd 95ff 
[Verified Entry Point]
  0x0000019007c22d10: 8984 2400 | 80ff ff55 | 4883 ec70 | 4181 7f20 | 0300 0000 | 0f85 c214 | 0000 4c89 | 4424 3045 
  0x0000019007c22d30: 8b50 0c4c | 8bca 8b6a | 4c85 ed0f | 8590 0b00 | 0041 c640 | 1a01 458b | 6808 be00 | 0000 8949 
  0x0000019007c22d50: 03f5 4c8b 

  0x0000019007c22d54: ;   {metadata('java/awt/event/InvocationEvent')}
  0x0000019007c22d54: 7650 4181 | fdb8 1513 

  0x0000019007c22d5c: ;   {metadata('java/awt/event/MouseEvent')}
  0x0000019007c22d5c: 0174 2441 | 81fd 783c | 1301 0f84 | 8508 0000 | 4c8b 5e20 

  0x0000019007c22d70: ;   {metadata('java/awt/ActiveEvent')}
  0x0000019007c22d70: 48b8 e0df | dd0f 9001 | 0000 4c3b | d80f 852a | 0800 0041 | 8b69 2c45 | 8b5c ec08 

  0x0000019007c22d8c: ;   {metadata('java/util/concurrent/locks/ReentrantLock')}
  0x0000019007c22d8c: 4181 fb88 | 941d 000f | 8577 0b00 | 004d 8d14 | ec45 8b52 | 0c45 85d2 | 0f84 4a0b | 0000 41b8 
  0x0000019007c22dac: 0100 0000 | 4d8b 9f10 | 0400 0049 | 8b0b 33c0 | f047 0fb1 | 44d4 1841 | 0f94 c345 | 0fb6 db45 
  0x0000019007c22dcc: 85db 0f84 | b109 0000 | 4f8d 44d4 | 0c41 807f | 4800 0f85 | 7011 0000 | 488b d948 | c1eb 0341 
  0x0000019007c22dec: 8918 4d8b | d84c 33d9 | 49c1 eb15 | 0f84 1e00 | 0000 4d8b | d849 c1eb | 0948 bb00 | a0bf 7090 
  0x0000019007c22e0c: 0100 004c | 03db 4180 | 3b02 0f85 | b411 0000 

  0x0000019007c22e1c: ;   {oop(a 'java/lang/Class'{0x00000007088a54f8} = 'java/awt/EventQueue')}
  0x0000019007c22e1c: 49ba f854 | 8a08 0700 | 0000 410f | b6aa b000 | 0000 85ed | 0f85 ea0c | 0000 418b | 6934 4c8b 
  0x0000019007c22e3c: d549 c1e2 | 0349 3bca | 0f85 ee0c | 0000 498b | 87c8 0100 | 004c 8bd0 | 4983 c220 | 4d3b 97d8 
  0x0000019007c22e5c: 0100 000f | 83e9 0900 | 004d 8997 | c801 0000 | 410f 0d8a | c000 0000 | 48c7 0001 

  0x0000019007c22e78: ;   {metadata('java/lang/ref/WeakReference')}
  0x0000019007c22e78: 0000 00c7 | 4008 287b | 1b00 4c89 | 6010 4c89 | 6018 4c8b | 5424 304d | 8bda 49c1 | eb03 4489 
  0x0000019007c22e98: ;   {oop(a 'java/lang/ref/ReferenceQueue$Null'{0x00000007086101d0})}
  0x0000019007c22e98: 580c 41bb | 3a20 0ce1 | 4c8d 4010 | 4589 18f0 | 8344 24c0 | 004d 8d59 | 4041 807f | 4800 0f85 
  0x0000019007c22eb8: 8911 0000 | 4c8b c049 | c1e8 0345 | 8903 4d8b | d34c 33d0 | 49c1 ea15 | 0f84 1e00 | 0000 4d8b 
  0x0000019007c22ed8: d349 c1ea | 0949 b800 | a0bf 7090 | 0100 004d | 03d0 4180 | 3a02 0f85 | d711 0000 

  0x0000019007c22ef4: ;   {metadata('java/awt/event/InputEvent')}
  0x0000019007c22ef4: 49ba 8869 | 980f 9001 | 0000 4d3b | f20f 857c | 0700 004c | 8b54 2430 | 4d8b 5220 

  0x0000019007c22f10: ;   {metadata('java/awt/event/KeyEvent')}
  0x0000019007c22f10: 4181 fd60 | 1216 0175 | 044d 8951 | 1841 8b69 | 2c4d 8b59 | 104d 3bd3 | 4d0f 4cd3 | 4d89 5110 
  0x0000019007c22f30: ; implicit exception: dispatches to 0x0000019007c23d34
  0x0000019007c22f30: 458b 54ec 

  0x0000019007c22f34: ;   {metadata('java/util/concurrent/locks/ReentrantLock')}
  0x0000019007c22f34: 0841 81fa | 8894 1d00 | 0f85 e609 | 0000 4d8d | 14ec 418b | 5a0c 458b | 54dc 1841 | 8b6c dc0c 
  0x0000019007c22f54: 4c8b dd49 | c1e3 034c | 3bd9 0f85 | fc0b 0000 | 4183 fa01 | 7516 4d33 | db4d 8d4c | dc0c 4180 
  0x0000019007c22f74: 7f48 000f | 85c3 1100 | 0045 8919 | 458d 5aff | 4589 5cdc | 18f0 8344 | 24c0 0041 | 83fa 0175 
  0x0000019007c22f94: 1845 8b54 | dc10 4585 | d274 0e47 | 8b44 d414 | 4585 c00f | 854c 0700 | 0048 8b54 | 2430 448b 
  0x0000019007c22fb4: ;   {metadata('java/awt/event/InvocationEvent')}
  0x0000019007c22fb4: 5a08 4181 | fbb8 1513 | 010f 85f2 | 0700 0048 | 8954 2438 | 0fb6 6a1d | 85ed 0f85 | b40b 0000 
  0x0000019007c22fd4: 448b 5228 

  0x0000019007c22fd8: ; implicit exception: dispatches to 0x0000019007c23d64
  0x0000019007c22fd8: 478b 44d4 | 084b 8d3c 

  0x0000019007c22fe0: ;   {metadata('sun/awt/GlobalCursorManager$NativeUpdater')}
  0x0000019007c22fe0: d441 81f8 | f851 1101 | 0f85 e606 | 0000 488d | 5c24 604c | 8b17 418b | 9fd8 0600 | 0041 f6c2 
  0x0000019007c23000: 020f 8537 | 0000 0081 | fb27 0700 | 000f 8f4b | 0000 0049 | 3b7c 1ff8 | 7416 498b | c248 83c8 
  0x0000019007c23020: 0149 83e2 | fef0 4c0f | b117 0f85 | 2e00 0000 | 4989 3c1f | 4183 87d8 | 0600 0008 | eb1e 4833 
  0x0000019007c23040: c049 8b9f | c804 0000 | f049 0fb1 | 5a3e 740c | 483b d875 | 0949 ff82 | 8600 0000 | 33c0 0f85 
  0x0000019007c23060: f408 0000 | 0fb6 5f0c | 85db 7404 | 4488 670c | 488d 4424 | 6041 8b87 | d806 0000 | 4c8b 1749 
  0x0000019007c23080: 3b7c 07f8 | 0f85 2e00 | 0000 4183 | afd8 0600 | 0008 493b | 7c07 f00f | 845f 0000 | 0049 8bc2 
  0x0000019007c230a0: 4883 e0fc | 4983 ca01 | f04c 0fb1 | 170f 852c | 1100 00e9 | 4400 0000 | 4983 ba86 | 0000 0000 
  0x0000019007c230c0: 7533 49c7 | 423e 0000 | 0000 f083 | 4424 c000 | 4983 ba8e | 0000 0000 | 7422 4983 | ba9e 0000 
  0x0000019007c230e0: ;   {other}
  0x0000019007c230e0: 0000 7518 | 4983 e2fd | 4d89 97e8 | 0500 0041 | 83ca 01eb | 0a49 ff8a | 8600 0000 | 4533 d20f 
  0x0000019007c23100: 857d 0800 | 0085 db0f | 8473 0400 | 008b 7f10 

  0x0000019007c23110: ; implicit exception: dispatches to 0x0000019007c23d7c
  0x0000019007c23110: 458b 54fc | 1845 85d2 | 0f84 1e08 | 0000 4b8d | 34d4 498d | 2cfc 488d | 5c24 604c | 8b16 418b 
  0x0000019007c23130: 9fd8 0600 | 0041 f6c2 | 020f 8537 | 0000 0081 | fb27 0700 | 000f 8f4b | 0000 0049 | 3b74 1ff8 
  0x0000019007c23150: 7416 498b | c248 83c8 | 0149 83e2 | fef0 4c0f | b116 0f85 | 2e00 0000 | 4989 341f | 4183 87d8 
  0x0000019007c23170: 0600 0008 | eb1e 4833 | c049 8b9f | c804 0000 | f049 0fb1 | 5a3e 740c | 483b d875 | 0949 ff82 
  0x0000019007c23190: 8600 0000 | 33c0 0f85 | 3008 0000 

  0x0000019007c2319c: ;   {runtime_call}
  0x0000019007c2319c: 49ba 6010 | 809d f97f | 0000 41ff 

  0x0000019007c231a8: ;   {post_call_nop}
  0x0000019007c231a8: d20f 1f84 | 0000 0000 | 0049 8944 | fc10 488d | 4424 6041 | 8b87 d806 | 0000 4c8b | 1649 3b74 
  0x0000019007c231c8: 07f8 0f85 | 2e00 0000 | 4183 afd8 | 0600 0008 | 493b 7407 | f00f 845f | 0000 0049 | 8bc2 4883 
  0x0000019007c231e8: e0fc 4983 | ca01 f04c | 0fb1 160f | 85d9 0f00 | 00e9 4400 | 0000 4983 | ba86 0000 | 0000 7533 
  0x0000019007c23208: 49c7 423e | 0000 0000 | f083 4424 | c000 4983 | ba8e 0000 | 0000 7422 | 4983 ba9e | 0000 0000 
  0x0000019007c23228: 7518 4983 | e2fd 4d89 | 97e8 0500 | 0041 83ca | 01eb 0a49 | ff8a 8600 | 0000 4533 | d20f 855c 
  0x0000019007c23248: 0700 0048 | 896c 2428 | 897c 2420 | 488b d545 

  0x0000019007c23258: ;   {optimized virtual_call}
  0x0000019007c23258: 33c0 90e8 

  0x0000019007c2325c: ; ImmutableOopMap {rbp=Oop [32]=NarrowOop [40]=Oop [56]=Oop }
                      ;*invokevirtual findHeavyweightUnderCursor {reexecute=0 rethrow=0 return_oop=1}
                      ; - sun.awt.GlobalCursorManager::_updateCursor@30 (line 178)
                      ; - sun.awt.GlobalCursorManager$NativeUpdater::run@39 (line 52)
                      ; - java.awt.event.InvocationEvent::dispatch@47 (line 323)
                      ; - java.awt.EventQueue::dispatchEventImpl@21 (line 723)
                      ; - java.awt.EventQueue::dispatchEvent@22 (line 702)
  0x0000019007c2325c: 3005 f6ff 

  0x0000019007c23260: ;   {post_call_nop}
  0x0000019007c23260: 0f1f 8400 | 5806 0000 | 4c8b c048 | 85c0 0f84 | 0c03 0000 | 448b 5808 

  0x0000019007c23278: ;   {metadata('java/awt/Window')}
  0x0000019007c23278: 49ba 101e | 0e8a 0000 | 0000 41b9 | 0000 0089 | 4d03 cb4d | 8b59 484d | 3bda 0f85 | 7407 0000 
  0x0000019007c23298: ;   {oop(a 'java/lang/Class'{0x00000007088a56b8} = 'sun/awt/AWTAccessor')}
  0x0000019007c23298: 49ba b856 | 8a08 0700 | 0000 418b | 6a7c 458b 

  0x0000019007c232a8: ;   {metadata('java/awt/Component$1')}
  0x0000019007c232a8: 54ec 0841 | 81fa 002d | 0f01 0f85 | 6c07 0000 | 498b 87c8 | 0100 0045 | 8b58 0c4c | 8bd0 4983 
  0x0000019007c232c8: c218 418b | 4818 4d3b | 97d8 0100 | 000f 83c7 | 0500 004d | 8997 c801 | 0000 410f | 0d8a c000 
  0x0000019007c232e8: 0000 48c7 | 0001 0000 

  0x0000019007c232f0: ;   {metadata('java/awt/Point')}
  0x0000019007c232f0: 00c7 4008 | 187a 0f01 | 4489 600c | 4c89 6010 | 4c89 4424 | 304c 894c | 2440 4489 | 5c24 2489 
  0x0000019007c23310: 4c24 4848 | 8944 2450 | 488b 5424 | 284c 8bc0 

  0x0000019007c23320: ;   {optimized virtual_call}
  0x0000019007c23320: 6666 90e8 

  0x0000019007c23324: ; ImmutableOopMap {[32]=NarrowOop [40]=Oop [48]=Oop [56]=Oop [80]=Oop }
                      ;*invokevirtual getCursorPos {reexecute=0 rethrow=0 return_oop=0}
                      ; - sun.awt.GlobalCursorManager::_updateCursor@96 (line 191)
                      ; - sun.awt.GlobalCursorManager$NativeUpdater::run@39 (line 52)
                      ; - java.awt.event.InvocationEvent::dispatch@47 (line 323)
                      ; - java.awt.EventQueue::dispatchEventImpl@21 (line 723)
                      ; - java.awt.EventQueue::dispatchEvent@22 (line 702)
  0x0000019007c23324: 6808 f6ff 

  0x0000019007c23328: ;   {post_call_nop}
  0x0000019007c23328: 0f1f 8400 | 2007 0001 

  0x0000019007c23330: ;   {oop(a 'java/lang/Class'{0x00000007088a56b8} = 'sun/awt/AWTAccessor')}
  0x0000019007c23330: 49ba b856 | 8a08 0700 | 0000 418b | aa80 0000 | 0045 8b44 | ec08 4c8b | 5424 404d 

  0x0000019007c2334c: ;   {metadata('java/awt/Container')}
  0x0000019007c2334c: 8b52 4049 | bbd8 100e | 8a00 0000 | 004d 3bd3 | 0f85 e606 | 0000 4c8b | 5c24 304c | 8b54 2450 
  0x0000019007c2336c: 458b 4a0c | 458b 5210 | 442b 4c24 | 2444 2b54 

  0x0000019007c2337c: ;   {metadata('java/awt/Container$1')}
  0x0000019007c2337c: 2448 4181 | f810 3e0f | 010f 85d9 

  0x0000019007c23388: ;   {oop(a 'java/awt/Component$AWTTreeLock'{0x0000000708701620})}
  0x0000019007c23388: 0600 0048 | b920 1670 | 0807 0000 | 0048 8d5c | 2460 4c8b | 0141 8b9f | d806 0000 | 41f6 c002 
  0x0000019007c233a8: 0f85 3700 | 0000 81fb | 2707 0000 | 0f8f 4b00 | 0000 493b | 4c1f f874 | 1649 8bc0 | 4883 c801 
  0x0000019007c233c8: 4983 e0fe | f04c 0fb1 | 010f 852e | 0000 0049 | 890c 1f41 | 8387 d806 | 0000 08eb | 1e48 33c0 
  0x0000019007c233e8: 498b 9fc8 | 0400 00f0 | 490f b158 | 3e74 0c48 | 3bd8 7509 | 49ff 8086 | 0000 0033 | c00f 8585 
  0x0000019007c23408: 0600 0044 | 8954 2440 | 4489 4c24 | 2449 8beb | 498b d366 | 9048 b890 | a45f 1390 

  0x0000019007c23424: ;   {virtual_call}
  0x0000019007c23424: 0100 00e8 

  0x0000019007c23428: ; ImmutableOopMap {rbp=Oop [32]=NarrowOop [40]=Oop [48]=Oop [56]=Oop }
                      ;*invokevirtual isRecursivelyVisible {reexecute=0 rethrow=0 return_oop=0}
                      ; - java.awt.Container::findComponentAt@9 (line 2681)
                      ; - java.awt.Container$1::findComponentAt@5 (line 271)
                      ; - sun.awt.GlobalCursorManager::_updateCursor@126 (line 193)
                      ; - sun.awt.GlobalCursorManager$NativeUpdater::run@39 (line 52)
                      ; - java.awt.event.InvocationEvent::dispatch@47 (line 323)
                      ; - java.awt.EventQueue::dispatchEventImpl@21 (line 723)
                      ; - java.awt.EventQueue::dispatchEvent@22 (line 702)
  0x0000019007c23428: ace5 a9ff 

  0x0000019007c2342c: ;   {post_call_nop}
  0x0000019007c2342c: 0f1f 8400 | 2408 0002 | 85c0 0f84 | 8807 0000 | 488b d544 | 8b44 2424 | 448b 4c24 

  0x0000019007c23448: ;   {optimized virtual_call}
  0x0000019007c23448: 4033 ffe8 

  0x0000019007c2344c: ; ImmutableOopMap {[32]=NarrowOop [40]=Oop [48]=Oop [56]=Oop }
                      ;*invokevirtual findComponentAtImpl {reexecute=0 rethrow=0 return_oop=1}
                      ; - java.awt.Container::findComponentAt@19 (line 2682)
                      ; - java.awt.Container$1::findComponentAt@5 (line 271)
                      ; - sun.awt.GlobalCursorManager::_updateCursor@126 (line 193)
                      ; - sun.awt.GlobalCursorManager$NativeUpdater::run@39 (line 52)
                      ; - java.awt.event.InvocationEvent::dispatch@47 (line 323)
                      ; - java.awt.EventQueue::dispatchEventImpl@21 (line 723)
                      ; - java.awt.EventQueue::dispatchEvent@22 (line 702)
  0x0000019007c2344c: c0c2 1000 

  0x0000019007c23450: ;   {post_call_nop}
  0x0000019007c23450: 0f1f 8400 | 4808 0003 | 4889 4424 

  0x0000019007c2345c: ;   {oop(a 'java/awt/Component$AWTTreeLock'{0x0000000708701620})}
  0x0000019007c2345c: 4049 bb20 | 1670 0807 | 0000 0048 | 8d44 2460 | 418b 87d8 | 0600 004d | 8b13 4d3b | 5c07 f80f 
  0x0000019007c2347c: 852e 0000 | 0041 83af | d806 0000 | 084d 3b5c | 07f0 0f84 | 5f00 0000 | 498b c248 | 83e0 fc49 
  0x0000019007c2349c: 83ca 01f0 | 4d0f b113 | 0f85 1b0d | 0000 e944 | 0000 0049 | 83ba 8600 | 0000 0075 | 3349 c742 
  0x0000019007c234bc: 3e00 0000 | 00f0 8344 | 24c0 0049 | 83ba 8e00 | 0000 0074 | 2249 83ba | 9e00 0000 | 0075 1849 
  0x0000019007c234dc: 83e2 fd4d | 8997 e805 | 0000 4183 | ca01 eb0a | 49ff 8a86 | 0000 0045 | 33d2 0f85 | d205 0000 
  0x0000019007c234fc: 4c8b 5424 | 4045 8b5a 

  0x0000019007c23504: ;   {oop(a 'java/lang/Class'{0x00000007088a56b8} = 'sun/awt/AWTAccessor')}
  0x0000019007c23504: 5c49 bab8 | 568a 0807 | 0000 0041 | 8b6a 7c45 | 8b54 ec08 

  0x0000019007c23518: ;   {metadata('java/awt/Component$1')}
  0x0000019007c23518: 4181 fa00 | 2d0f 010f | 85d5 0500 | 0045 85db | 0f85 9401 | 0000 4c8b | 5424 4041 | 8b6a 4445 
  0x0000019007c23538: 8b5c ec5c | 4585 db0f | 8586 0100 | 0041 8b6c | ec44 85ed | 0f84 a606 | 0000 498d 

  0x0000019007c23554: ;   {optimized virtual_call}
  0x0000019007c23554: 14ec 90e8 

  0x0000019007c23558: ; ImmutableOopMap {[40]=Oop [56]=Oop [64]=Oop }
                      ;*invokevirtual getCursor_NoClientCode {reexecute=0 rethrow=0 return_oop=1}
                      ; - java.awt.Component::getCursor_NoClientCode@21 (line 3217)
                      ; - java.awt.Component::getCursor_NoClientCode@21 (line 3217)
                      ; - java.awt.Component$1::getCursor@1 (line 912)
                      ; - sun.awt.GlobalCursorManager::_updateCursor@150 (line 205)
                      ; - sun.awt.GlobalCursorManager$NativeUpdater::run@39 (line 52)
                      ; - java.awt.event.InvocationEvent::dispatch@47 (line 323)
                      ; - java.awt.EventQueue::dispatchEventImpl@21 (line 723)
                      ; - java.awt.EventQueue::dispatchEvent@22 (line 702)
  0x0000019007c23558: b439 fbff 

  0x0000019007c2355c: ;   {post_call_nop}
  0x0000019007c2355c: 0f1f 8400 | 5409 0004 | 4c8b c848 | 8b54 2428 | 4c8b 4424 

  0x0000019007c23570: ;   {optimized virtual_call}
  0x0000019007c23570: 4033 ffe8 

  0x0000019007c23574: ; ImmutableOopMap {[56]=Oop }
                      ;*invokevirtual setCursor {reexecute=0 rethrow=0 return_oop=0}
                      ; - sun.awt.GlobalCursorManager::_updateCursor@156 (line 205)
                      ; - sun.awt.GlobalCursorManager$NativeUpdater::run@39 (line 52)
                      ; - java.awt.event.InvocationEvent::dispatch@47 (line 323)
                      ; - java.awt.EventQueue::dispatchEventImpl@21 (line 723)
                      ; - java.awt.EventQueue::dispatchEvent@22 (line 702)
  0x0000019007c23574: 1809 f6ff 

  0x0000019007c23578: ;   {post_call_nop}
  0x0000019007c23578: 0f1f 8400 | 7009 0005 | 4c8b 5424 | 3841 c642 | 1c01 f083 | 4424 c000 | 418b 6a2c | 85ed 0f85 
  0x0000019007c23598: 0006 0000 | 418b 6a30 | 85ed 0f84 | cb00 0000 | e903 0600 | 0048 33ff | 4c8b 9ea8 | 0000 0049 
  0x0000019007c235b8: 8bd3 48c1 | e230 0f89 | 2100 0000 | f348 0fb8 | d248 8b5e | 2848 3b04 | d374 1549 | 0fba e310 
  0x0000019007c235d8: 730b 49c1 

  0x0000019007c235dc: ;   {runtime_call Stub::lookup_secondary_supers_table_slow_path}
  0x0000019007c235dc: cb0f e820 | 0e94 ffeb | 0348 ffc7 | 4885 ff0f | 8492 f7ff | ff47 8b5c 

  0x0000019007c235f4: ;   {metadata('java/awt/Component')}
  0x0000019007c235f4: d408 49b8 | 8032 880f | 9001 0000 | b900 0000 | 8949 03cb | 4c8b 5938 | 4d3b d80f | 85c7 0500 
  0x0000019007c23614: 0049 8bee | 4b8d 14d4 | 4c8b 4424 | 3048 b8b8 | a45f 1390 

  0x0000019007c23628: ;   {virtual_call}
  0x0000019007c23628: 0100 00e8 

  0x0000019007c2362c: ; ImmutableOopMap {[48]=Oop }
                      ;*invokevirtual dispatchEventImpl {reexecute=0 rethrow=0 return_oop=0}
                      ; - java.awt.Component::dispatchEvent@2 (line 4790)
                      ; - java.awt.EventQueue::dispatchEventImpl@41 (line 725)
                      ; - java.awt.EventQueue::dispatchEvent@22 (line 702)
  0x0000019007c2362c: d8ab a6ff 

  0x0000019007c23630: ;   {post_call_nop}
  0x0000019007c23630: 0f1f 8400 | 280a 0006 

  0x0000019007c23638: ;   {metadata('java/awt/event/InputEvent')}
  0x0000019007c23638: 49ba 8869 | 980f 9001 | 0000 493b 

  0x0000019007c23644: ;   {oop(a 'java/lang/Class'{0x00000007088a56b8} = 'sun/awt/AWTAccessor')}
  0x0000019007c23644: ea75 2c49 | bab8 568a | 0807 0000 | 0045 8b92 | 8c00 0000 

  0x0000019007c23658: ; implicit exception: dispatches to 0x0000019007c23e48
  0x0000019007c23658: 478b 5cd4 | 0848 8b6c 

  0x0000019007c23660: ;   {metadata('java/awt/event/InputEvent$1')}
  0x0000019007c23660: 2430 4181 | fbc0 030f | 010f 859d | 0500 0044 | 8865 2848 | 83c4 705d 

  0x0000019007c23678: ;   {poll_return}
  0x0000019007c23678: 493b 6728 | 0f87 2d0b 

  0x0000019007c23680: ;   {metadata('java/awt/event/InputMethodEvent')}
  0x0000019007c23680: 0000 c341 | 81fd d82b | 1301 0f84 | 9405 0000 

  0x0000019007c23690: ;   {metadata('java/awt/event/ActionEvent')}
  0x0000019007c23690: 4181 fdc0 | 510f 010f | 84a3 0500 | 004c 8b56 

  0x0000019007c236a0: ;   {metadata('java/awt/event/InvocationEvent')}
  0x0000019007c236a0: 4849 bbb8 | 1513 8a00 | 0000 004d | 3bd3 0f85 | 1d01 0000 | 4c8b 5424 | 304d 8b52 | 20e9 5bf8 
  0x0000019007c236c0: ffff 4f8d | 0cdc e99c | feff ff4b | 8d04 dce9 | 90fe ffff | 488b d748 | 8b6c 2438 | 9048 b8e0 
  0x0000019007c236e0: a45f 1390 

  0x0000019007c236e4: ;   {virtual_call}
  0x0000019007c236e4: 0100 00e8 

  0x0000019007c236e8: ; ImmutableOopMap {rbp=Oop [56]=Oop }
                      ;*invokeinterface run {reexecute=0 rethrow=0 return_oop=0}
                      ; - java.awt.event.InvocationEvent::dispatch@47 (line 323)
                      ; - java.awt.EventQueue::dispatchEventImpl@21 (line 723)
                      ; - java.awt.EventQueue::dispatchEvent@22 (line 702)
  0x0000019007c236e8: fc2e a3ff 

  0x0000019007c236ec: ;   {post_call_nop}
  0x0000019007c236ec: 0f1f 8400 | e40a 0007 | e987 feff | ff47 8b5c | c40c 4585 | db0f 84a6 | f8ff ff43 | 8b44 c40c 
  0x0000019007c2370c: 448b d041 | 83e2 fef0 | 470f b154 | c40c 400f | 94c5 400f | b6ed 85ed | 0f84 3205 | 0000 478b 
  0x0000019007c2372c: 5cc4 1845 | 85db 0f84 | 75f8 ffff | 478b 4cdc | 084f 8d04 

  0x0000019007c23740: ;   {metadata('java/lang/BaseVirtualThread')}
  0x0000019007c23740: dc49 ba40 | 3e1a 8900 | 0000 0041 | bb00 0000 | 894d 03d9 | 4d8b 5b40 | 4d3b da0f | 857f 0000 
  0x0000019007c23760: ;   {oop(a 'java/lang/System$1'{0x0000000708639da0})}
  0x0000019007c23760: 0048 baa0 | 9d63 0807 | 0000 0048 | 8b6c 2430 

  0x0000019007c23770: ;   {optimized virtual_call}
  0x0000019007c23770: 6666 90e8 

  0x0000019007c23774: ; ImmutableOopMap {rbp=Oop [48]=Oop }
                      ;*invokeinterface unparkVirtualThread {reexecute=0 rethrow=0 return_oop=0}
                      ; - java.util.concurrent.locks.LockSupport::unpark@15 (line 181)
                      ; - java.util.concurrent.locks.AbstractQueuedSynchronizer::signalNext@30 (line 646)
                      ; - java.util.concurrent.locks.AbstractQueuedSynchronizer::release@12 (line 1100)
                      ; - java.util.concurrent.locks.ReentrantLock::unlock@5 (line 495)
                      ; - java.awt.EventQueue::setCurrentEventAndMostRecentTimeImpl@168 (line 1236)
                      ; - java.awt.EventQueue::dispatchEventImpl@14 (line 722)
                      ; - java.awt.EventQueue::dispatchEvent@22 (line 702)
  0x0000019007c23774: 68b6 95ff 

  0x0000019007c23778: ;   {post_call_nop}
  0x0000019007c23778: 0f1f 8400 | 700b 0008 | e928 f8ff | ff43 8b5c | d40c 4c8b | db49 c1e3 | 034c 3bd9 | 756b 438b 
  0x0000019007c23798: 6cd4 18ff | c585 ed0f | 8ccf 0400 | 0043 896c | d418 f083 | 4424 c000 | e967 f6ff | ff48 b808 
  0x0000019007c237b8: a55f 1390 

  0x0000019007c237bc: ;   {virtual_call}
  0x0000019007c237bc: 0100 00e8 

  0x0000019007c237c0: ; ImmutableOopMap {}
                      ;*invokeinterface dispatch {reexecute=0 rethrow=0 return_oop=0}
                      ; - java.awt.EventQueue::dispatchEventImpl@21 (line 723)
                      ; - java.awt.EventQueue::dispatchEvent@22 (line 702)
  0x0000019007c237c0: 242e a3ff 

  0x0000019007c237c4: ;   {post_call_nop}
  0x0000019007c237c4: 0f1f 8400 | bc0b 0009 | e9a2 feff | ff49 ba00 | 0000 0000 | 0000 80e9 | 3df7 ffff 

  0x0000019007c237e0: ;   {oop(a 'jdk/internal/misc/Unsafe'{0x0000000708639d90})}
  0x0000019007c237e0: 48ba 909d | 6308 0700 | 0000 488b 

  0x0000019007c237ec: ;   {optimized virtual_call}
  0x0000019007c237ec: 6c24 30e8 

  0x0000019007c237f0: ; ImmutableOopMap {rbp=Oop [48]=Oop }
                      ;*invokevirtual unpark {reexecute=0 rethrow=0 return_oop=0}
                      ; - java.util.concurrent.locks.LockSupport::unpark@27 (line 183)
                      ; - java.util.concurrent.locks.AbstractQueuedSynchronizer::signalNext@30 (line 646)
                      ; - java.util.concurrent.locks.AbstractQueuedSynchronizer::release@12 (line 1100)
                      ; - java.util.concurrent.locks.ReentrantLock::unlock@5 (line 495)
                      ; - java.awt.EventQueue::setCurrentEventAndMostRecentTimeImpl@168 (line 1236)
                      ; - java.awt.EventQueue::dispatchEventImpl@14 (line 722)
                      ; - java.awt.EventQueue::dispatchEvent@22 (line 702)
  0x0000019007c237f0: ecb5 95ff 

  0x0000019007c237f4: ;   {post_call_nop}
  0x0000019007c237f4: 0f1f 8400 | ec0b 000a | e9ac f7ff | ff48 894c | 2448 4c89 | 7424 4048 | 8974 2438 | 4489 6c24 
  0x0000019007c23814: 284c 894c | 2420 488b | 6c24 304b 

  0x0000019007c23820: ;   {optimized virtual_call}
  0x0000019007c23820: 8d14 d4e8 

  0x0000019007c23824: ; ImmutableOopMap {rbp=Oop [32]=Oop [48]=Oop [72]=Oop }
                      ;*invokevirtual acquire {reexecute=0 rethrow=0 return_oop=0}
                      ; - java.util.concurrent.locks.ReentrantLock$Sync::lock@9 (line 154)
                      ; - java.util.concurrent.locks.ReentrantLock::lock@4 (line 323)
                      ; - java.awt.EventQueue::setCurrentEventAndMostRecentTimeImpl@4 (line 1201)
                      ; - java.awt.EventQueue::dispatchEventImpl@14 (line 722)
                      ; - java.awt.EventQueue::dispatchEvent@22 (line 702)
  0x0000019007c23824: fd09 0000 

  0x0000019007c23828: ;   {post_call_nop}
  0x0000019007c23828: 0f1f 8400 | 200c 000b | 4c8b 4c24 | 2044 8b6c | 2428 488b | 7424 384c | 8b74 2440 | 488b 4c24 
  0x0000019007c23848: 48e9 cef5 | ffff 4889 | 4c24 484c | 8974 2440 | 4889 7424 | 3844 896c | 2428 4c89 | 4c24 2048 
  0x0000019007c23868: 8b6c 2430 

  0x0000019007c2386c: ;   {metadata('java/lang/ref/WeakReference')}
  0x0000019007c2386c: 48ba 287b | 1b89 0000 

  0x0000019007c23874: ;   {runtime_call C2 Runtime new_instance}
  0x0000019007c23874: 0000 90e8 

  0x0000019007c23878: ; ImmutableOopMap {rbp=Oop [32]=Oop [48]=Oop [72]=Oop }
                      ;*new {reexecute=0 rethrow=0 return_oop=1}
                      ; - java.awt.EventQueue::setCurrentEventAndMostRecentTimeImpl@36 (line 1207)
                      ; - java.awt.EventQueue::dispatchEventImpl@14 (line 722)
                      ; - java.awt.EventQueue::dispatchEvent@22 (line 702)
  0x0000019007c23878: e418 a3ff 

  0x0000019007c2387c: ;   {post_call_nop}
  0x0000019007c2387c: 0f1f 8400 | 740c 000c | 4c8b 4c24 | 2044 8b6c | 2428 488b | 7424 384c | 8b74 2440 | 488b 4c24 
  0x0000019007c2389c: 48e9 e8f5 | ffff 894c | 2448 4489 | 5c24 244c | 894c 2440 | 4c89 4424 

  0x0000019007c238b4: ;   {metadata('java/awt/Point')}
  0x0000019007c238b4: 3048 ba18 | 7a0f 8a00 

  0x0000019007c238bc: ;   {runtime_call C2 Runtime new_instance}
  0x0000019007c238bc: 0000 00e8 

  0x0000019007c238c0: ; ImmutableOopMap {[32]=NarrowOop [40]=Oop [48]=Oop [56]=Oop }
                      ;*new {reexecute=0 rethrow=0 return_oop=1}
                      ; - sun.awt.GlobalCursorManager::_updateCursor@86 (line 190)
                      ; - sun.awt.GlobalCursorManager$NativeUpdater::run@39 (line 52)
                      ; - java.awt.event.InvocationEvent::dispatch@47 (line 323)
                      ; - java.awt.EventQueue::dispatchEventImpl@21 (line 723)
                      ; - java.awt.EventQueue::dispatchEvent@22 (line 702)
  0x0000019007c238c0: 9c18 a3ff 

  0x0000019007c238c4: ;   {post_call_nop}
  0x0000019007c238c4: 0f1f 8400 | bc0c 000d | e942 faff | ffba ecff | ffff 4c89 | 4c24 204c | 8944 2428 | 4489 5424 
  0x0000019007c238e4: ;   {runtime_call UncommonTrapBlob}
  0x0000019007c238e4: 3066 90e8 

  0x0000019007c238e8: ; ImmutableOopMap {rbp=NarrowOop [32]=Oop [40]=Oop [48]=NarrowOop }
                      ;*ifnull {reexecute=1 rethrow=0 return_oop=0}
                      ; - (reexecute) java.awt.EventQueue::dispatchEvent@9 (line 701)
  0x0000019007c238e8: 74c2 a2ff 

  0x0000019007c238ec: ;   {post_call_nop}
  0x0000019007c238ec: 0f1f 8400 | e40c 000e | baf6 ffff | ff4c 894c | 2420 4c89 

  0x0000019007c23900: ;   {runtime_call UncommonTrapBlob}
  0x0000019007c23900: 4424 28e8 

  0x0000019007c23904: ; ImmutableOopMap {[32]=Oop [40]=Oop [48]=Oop }
                      ;*invokevirtual lock {reexecute=0 rethrow=0 return_oop=0}
                      ; - java.util.concurrent.locks.ReentrantLock::lock@4 (line 323)
                      ; - java.awt.EventQueue::setCurrentEventAndMostRecentTimeImpl@4 (line 1201)
                      ; - java.awt.EventQueue::dispatchEventImpl@14 (line 722)
                      ; - java.awt.EventQueue::dispatchEvent@22 (line 702)
  0x0000019007c23904: 58c2 a2ff 

  0x0000019007c23908: ;   {post_call_nop}
  0x0000019007c23908: 0f1f 8400 | 000d 000f | bade ffff | ff4c 894c 

  0x0000019007c23918: ;   {runtime_call UncommonTrapBlob}
  0x0000019007c23918: 2428 90e8 

  0x0000019007c2391c: ; ImmutableOopMap {rbp=NarrowOop [40]=Oop [48]=Oop }
                      ;*invokeinterface lock {reexecute=0 rethrow=0 return_oop=0}
                      ; - java.awt.EventQueue::setCurrentEventAndMostRecentTimeImpl@4 (line 1201)
                      ; - java.awt.EventQueue::dispatchEventImpl@14 (line 722)
                      ; - java.awt.EventQueue::dispatchEvent@22 (line 702)
  0x0000019007c2391c: 40c2 a2ff 

  0x0000019007c23920: ;   {post_call_nop}
  0x0000019007c23920: 0f1f 8400 | 180d 0010 | bade ffff 

  0x0000019007c2392c: ;   {runtime_call UncommonTrapBlob}
  0x0000019007c2392c: ff66 90e8 

  0x0000019007c23930: ; ImmutableOopMap {rbp=NarrowOop [48]=Oop }
                      ;*invokeinterface unlock {reexecute=0 rethrow=0 return_oop=0}
                      ; - java.awt.EventQueue::setCurrentEventAndMostRecentTimeImpl@168 (line 1236)
                      ; - java.awt.EventQueue::dispatchEventImpl@14 (line 722)
                      ; - java.awt.EventQueue::dispatchEvent@22 (line 702)
  0x0000019007c23930: 2cc2 a2ff 

  0x0000019007c23934: ;   {post_call_nop}
  0x0000019007c23934: 0f1f 8400 | 2c0d 0011 | baf6 ffff | ff48 8b6c | 2438 897c 

  0x0000019007c23948: ;   {runtime_call UncommonTrapBlob}
  0x0000019007c23948: 2420 90e8 

  0x0000019007c2394c: ; ImmutableOopMap {rbp=Oop [32]=NarrowOop }
                      ;*monitorenter {reexecute=0 rethrow=0 return_oop=0}
                      ; - sun.awt.GlobalCursorManager::_updateCursor@6 (line 170)
                      ; - sun.awt.GlobalCursorManager$NativeUpdater::run@39 (line 52)
                      ; - java.awt.event.InvocationEvent::dispatch@47 (line 323)
                      ; - java.awt.EventQueue::dispatchEventImpl@21 (line 723)
                      ; - java.awt.EventQueue::dispatchEvent@22 (line 702)
  0x0000019007c2394c: 10c2 a2ff 

  0x0000019007c23950: ;   {post_call_nop}
  0x0000019007c23950: 0f1f 8400 | 480d 0012 | 4889 7c24 | 2048 8bea | 488b d74c | 8d44 2460 

  0x0000019007c23968: ;   {runtime_call C2 Runtime complete_monitor_locking}
  0x0000019007c23968: 6666 90e8 

  0x0000019007c2396c: ; ImmutableOopMap {rbp=Oop [32]=Oop [56]=Oop }
                      ;*monitorenter {reexecute=0 rethrow=0 return_oop=0}
                      ; - sun.awt.GlobalCursorManager$NativeUpdater::run@5 (line 45)
                      ; - java.awt.event.InvocationEvent::dispatch@47 (line 323)
                      ; - java.awt.EventQueue::dispatchEventImpl@21 (line 723)
                      ; - java.awt.EventQueue::dispatchEvent@22 (line 702)
  0x0000019007c2396c: f057 a3ff 

  0x0000019007c23970: ;   {post_call_nop}
  0x0000019007c23970: 0f1f 8400 | 680d 0013 | 488b 7c24 | 20e9 e2f6 | ffff 488b | cf48 8d54 | 2460 4d8b 

  0x0000019007c2398c: ;   {runtime_call}
  0x0000019007c2398c: c749 ba80 | a387 9df9 | 7f00 0041 

  0x0000019007c23998: ;   {post_call_nop}
  0x0000019007c23998: ffd2 0f1f | 8400 0000 | 0000 e95e | f7ff ff48 | 8bce 488d | 5424 604d 

  0x0000019007c239b0: ;   {runtime_call}
  0x0000019007c239b0: 8bc7 49ba | 80a3 879d | f97f 0000 

  0x0000019007c239bc: ;   {post_call_nop}
  0x0000019007c239bc: 41ff d20f | 1f84 0000 | 0000 00e9 | 7ff8 ffff | 4889 6c24 | 3048 8974 | 2428 897c | 2420 488b 
  0x0000019007c239dc: 6c24 3848 | 8bd6 4c8d 

  0x0000019007c239e4: ;   {runtime_call C2 Runtime complete_monitor_locking}
  0x0000019007c239e4: 4424 60e8 

  0x0000019007c239e8: ; ImmutableOopMap {rbp=Oop [32]=NarrowOop [40]=Oop [48]=Oop }
                      ;*monitorenter {reexecute=0 rethrow=0 return_oop=0}
                      ; - sun.awt.GlobalCursorManager::_updateCursor@6 (line 170)
                      ; - sun.awt.GlobalCursorManager$NativeUpdater::run@39 (line 52)
                      ; - java.awt.event.InvocationEvent::dispatch@47 (line 323)
                      ; - java.awt.EventQueue::dispatchEventImpl@21 (line 723)
                      ; - java.awt.EventQueue::dispatchEvent@22 (line 702)
  0x0000019007c239e8: 7457 a3ff 

  0x0000019007c239ec: ;   {post_call_nop}
  0x0000019007c239ec: 0f1f 8400 | e40d 0014 | 4889 6c24 | 388b 7c24 | 2048 8b74 | 2428 488b | 6c24 30e9 | 90f7 ffff 
  0x0000019007c23a0c: ba45 ffff | ff48 8944 

  0x0000019007c23a14: ;   {runtime_call UncommonTrapBlob}
  0x0000019007c23a14: 2428 90e8 

  0x0000019007c23a18: ; ImmutableOopMap {[32]=NarrowOop [40]=Oop [56]=Oop }
                      ;*ifeq {reexecute=1 rethrow=0 return_oop=0}
                      ; - (reexecute) sun.awt.GlobalCursorManager::_updateCursor@50 (line 184)
                      ; - sun.awt.GlobalCursorManager$NativeUpdater::run@39 (line 52)
                      ; - java.awt.event.InvocationEvent::dispatch@47 (line 323)
                      ; - java.awt.EventQueue::dispatchEventImpl@21 (line 723)
                      ; - java.awt.EventQueue::dispatchEvent@22 (line 702)
  0x0000019007c23a18: 44c1 a2ff 

  0x0000019007c23a1c: ;   {post_call_nop}
  0x0000019007c23a1c: 0f1f 8400 | 140e 0015 | bade ffff | ff48 ff74 | 2438 488f | 4424 2848 | 8944 2438 

  0x0000019007c23a38: ;   {runtime_call UncommonTrapBlob}
  0x0000019007c23a38: 6666 90e8 

  0x0000019007c23a3c: ; ImmutableOopMap {rbp=NarrowOop [32]=NarrowOop [40]=Oop [56]=Oop }
                      ;*invokeinterface getLocation {reexecute=0 rethrow=0 return_oop=0}
                      ; - sun.awt.GlobalCursorManager::_updateCursor@58 (line 185)
                      ; - sun.awt.GlobalCursorManager$NativeUpdater::run@39 (line 52)
                      ; - java.awt.event.InvocationEvent::dispatch@47 (line 323)
                      ; - java.awt.EventQueue::dispatchEventImpl@21 (line 723)
                      ; - java.awt.EventQueue::dispatchEvent@22 (line 702)
  0x0000019007c23a3c: 20c1 a2ff 

  0x0000019007c23a40: ;   {post_call_nop}
  0x0000019007c23a40: 0f1f 8400 | 380e 0016 | bade ffff | ff48 ff74 | 2438 488f 

  0x0000019007c23a54: ;   {runtime_call UncommonTrapBlob}
  0x0000019007c23a54: 4424 28e8 

  0x0000019007c23a58: ; ImmutableOopMap {rbp=NarrowOop [32]=NarrowOop [40]=Oop [48]=Oop [80]=Oop }
                      ;*checkcast {reexecute=0 rethrow=0 return_oop=0}
                      ; - sun.awt.GlobalCursorManager::_updateCursor@104 (line 192)
                      ; - sun.awt.GlobalCursorManager$NativeUpdater::run@39 (line 52)
                      ; - java.awt.event.InvocationEvent::dispatch@47 (line 323)
                      ; - java.awt.EventQueue::dispatchEventImpl@21 (line 723)
                      ; - java.awt.EventQueue::dispatchEvent@22 (line 702)
  0x0000019007c23a58: 04c1 a2ff 

  0x0000019007c23a5c: ;   {post_call_nop}
  0x0000019007c23a5c: 0f1f 8400 | 540e 0017 | bade ffff | ff48 ff74 | 2438 488f | 4424 284c | 895c 2438 | 4489 4c24 
  0x0000019007c23a7c: 2444 8954 

  0x0000019007c23a80: ;   {runtime_call UncommonTrapBlob}
  0x0000019007c23a80: 2440 90e8 

  0x0000019007c23a84: ; ImmutableOopMap {rbp=NarrowOop [32]=NarrowOop [40]=Oop [48]=Oop [56]=Oop }
                      ;*invokeinterface findComponentAt {reexecute=0 rethrow=0 return_oop=0}
                      ; - sun.awt.GlobalCursorManager::_updateCursor@126 (line 193)
                      ; - sun.awt.GlobalCursorManager$NativeUpdater::run@39 (line 52)
                      ; - java.awt.event.InvocationEvent::dispatch@47 (line 323)
                      ; - java.awt.EventQueue::dispatchEventImpl@21 (line 723)
                      ; - java.awt.EventQueue::dispatchEvent@22 (line 702)
  0x0000019007c23a84: d8c0 a2ff 

  0x0000019007c23a88: ;   {post_call_nop}
  0x0000019007c23a88: 0f1f 8400 | 800e 0018 | 4489 5424 | 4044 894c | 2424 498b 

  0x0000019007c23a9c: ;   {oop(a 'java/awt/Component$AWTTreeLock'{0x0000000708701620})}
  0x0000019007c23a9c: eb48 ba20 | 1670 0807 | 0000 004c | 8d44 2460 

  0x0000019007c23aac: ;   {runtime_call C2 Runtime complete_monitor_locking}
  0x0000019007c23aac: 6666 90e8 

  0x0000019007c23ab0: ; ImmutableOopMap {rbp=Oop [32]=NarrowOop [40]=Oop [48]=Oop [56]=Oop }
                      ;*monitorenter {reexecute=0 rethrow=0 return_oop=0}
                      ; - java.awt.Container::findComponentAt@7 (line 2680)
                      ; - java.awt.Container$1::findComponentAt@5 (line 271)
                      ; - sun.awt.GlobalCursorManager::_updateCursor@126 (line 193)
                      ; - sun.awt.GlobalCursorManager$NativeUpdater::run@39 (line 52)
                      ; - java.awt.event.InvocationEvent::dispatch@47 (line 323)
                      ; - java.awt.EventQueue::dispatchEventImpl@21 (line 723)
                      ; - java.awt.EventQueue::dispatchEvent@22 (line 702)
  0x0000019007c23ab0: ac56 a3ff 

  0x0000019007c23ab4: ;   {post_call_nop}
  0x0000019007c23ab4: 0f1f 8400 | ac0e 0019 | 4c8b dd44 | 8b4c 2424 | 448b 5424 | 40e9 3df9 

  0x0000019007c23acc: ;   {oop(a 'java/awt/Component$AWTTreeLock'{0x0000000708701620})}
  0x0000019007c23acc: ffff 48b9 | 2016 7008 | 0700 0000 | 488d 5424 | 604d 8bc7 

  0x0000019007c23ae0: ;   {runtime_call}
  0x0000019007c23ae0: 49ba 80a3 | 879d f97f | 0000 41ff 

  0x0000019007c23aec: ;   {post_call_nop}
  0x0000019007c23aec: d20f 1f84 | 0000 0000 | 00e9 02fa | ffff bade | ffff ff48 | ff74 2438 | 488f 4424 | 2848 ff74 
  0x0000019007c23b0c: 2440 488f 

  0x0000019007c23b10: ;   {runtime_call UncommonTrapBlob}
  0x0000019007c23b10: 4424 30e8 

  0x0000019007c23b14: ; ImmutableOopMap {rbp=NarrowOop [32]=NarrowOop [40]=Oop [48]=Oop }
                      ;*invokeinterface getCursor {reexecute=0 rethrow=0 return_oop=0}
                      ; - sun.awt.GlobalCursorManager::_updateCursor@150 (line 205)
                      ; - sun.awt.GlobalCursorManager$NativeUpdater::run@39 (line 52)
                      ; - java.awt.event.InvocationEvent::dispatch@47 (line 323)
                      ; - java.awt.EventQueue::dispatchEventImpl@21 (line 723)
                      ; - java.awt.EventQueue::dispatchEvent@22 (line 702)
  0x0000019007c23b14: 48c0 a2ff 

  0x0000019007c23b18: ;   {post_call_nop}
  0x0000019007c23b18: 0f1f 8400 | 100f 001a | ba45 ffff | ff4c 894c 

  0x0000019007c23b28: ;   {runtime_call UncommonTrapBlob}
  0x0000019007c23b28: 2428 90e8 

  0x0000019007c23b2c: ; ImmutableOopMap {[40]=Oop [48]=Oop }
                      ;*ifne {reexecute=1 rethrow=0 return_oop=0}
                      ; - (reexecute) java.awt.EventQueue::setCurrentEventAndMostRecentTimeImpl@12 (line 1203)
                      ; - java.awt.EventQueue::dispatchEventImpl@14 (line 722)
                      ; - java.awt.EventQueue::dispatchEvent@22 (line 702)
  0x0000019007c23b2c: 30c0 a2ff 

  0x0000019007c23b30: ;   {post_call_nop}
  0x0000019007c23b30: 0f1f 8400 | 280f 001b | ba45 ffff | ff48 ff74 | 2430 488f | 4424 204c | 894c 2428 | 4889 4c24 
  0x0000019007c23b50: ;   {runtime_call UncommonTrapBlob}
  0x0000019007c23b50: 3066 90e8 

  0x0000019007c23b54: ; ImmutableOopMap {rbp=NarrowOop [32]=Oop [40]=Oop [48]=Oop }
                      ;*if_acmpeq {reexecute=1 rethrow=0 return_oop=0}
                      ; - (reexecute) java.awt.EventQueue::setCurrentEventAndMostRecentTimeImpl@22 (line 1203)
                      ; - java.awt.EventQueue::dispatchEventImpl@14 (line 722)
                      ; - java.awt.EventQueue::dispatchEvent@22 (line 702)
  0x0000019007c23b54: 08c0 a2ff 

  0x0000019007c23b58: ;   {post_call_nop}
  0x0000019007c23b58: 0f1f 8400 | 500f 001c | ba45 ffff | ff48 ff74 | 2430 488f | 4424 2089 | 5c24 2848 | 894c 2430 
  0x0000019007c23b78: ;   {runtime_call UncommonTrapBlob}
  0x0000019007c23b78: 6666 90e8 

  0x0000019007c23b7c: ; ImmutableOopMap {rbp=NarrowOop [32]=Oop [40]=NarrowOop [48]=Oop }
                      ;*if_acmpeq {reexecute=1 rethrow=0 return_oop=0}
                      ; - (reexecute) java.util.concurrent.locks.ReentrantLock$Sync::tryRelease@14 (line 175)
                      ; - java.util.concurrent.locks.AbstractQueuedSynchronizer::release@2 (line 1099)
                      ; - java.util.concurrent.locks.ReentrantLock::unlock@5 (line 495)
                      ; - java.awt.EventQueue::setCurrentEventAndMostRecentTimeImpl@168 (line 1236)
                      ; - java.awt.EventQueue::dispatchEventImpl@14 (line 722)
                      ; - java.awt.EventQueue::dispatchEvent@22 (line 702)
  0x0000019007c23b7c: e0bf a2ff 

  0x0000019007c23b80: ;   {post_call_nop}
  0x0000019007c23b80: 0f1f 8400 | 780f 001d | ba45 ffff 

  0x0000019007c23b8c: ;   {runtime_call UncommonTrapBlob}
  0x0000019007c23b8c: ff66 90e8 

  0x0000019007c23b90: ; ImmutableOopMap {[56]=Oop }
                      ;*ifeq {reexecute=1 rethrow=0 return_oop=0}
                      ; - (reexecute) java.awt.event.InvocationEvent::dispatch@4 (line 311)
                      ; - java.awt.EventQueue::dispatchEventImpl@21 (line 723)
                      ; - java.awt.EventQueue::dispatchEvent@22 (line 702)
  0x0000019007c23b90: ccbf a2ff 

  0x0000019007c23b94: ;   {post_call_nop}
  0x0000019007c23b94: 0f1f 8400 | 8c0f 001e | ba45 ffff 

  0x0000019007c23ba0: ;   {runtime_call UncommonTrapBlob}
  0x0000019007c23ba0: ff66 90e8 

  0x0000019007c23ba4: ; ImmutableOopMap {rbp=NarrowOop [56]=Oop }
                      ;*ifnull {reexecute=1 rethrow=0 return_oop=0}
                      ; - (reexecute) java.awt.event.InvocationEvent::finishedDispatching@9 (line 407)
                      ; - java.awt.event.InvocationEvent::dispatch@54 (line 326)
                      ; - java.awt.EventQueue::dispatchEventImpl@21 (line 723)
                      ; - java.awt.EventQueue::dispatchEvent@22 (line 702)
  0x0000019007c23ba4: b8bf a2ff 

  0x0000019007c23ba8: ;   {post_call_nop}
  0x0000019007c23ba8: 0f1f 8400 | a00f 001f | ba45 ffff 

  0x0000019007c23bb4: ;   {runtime_call UncommonTrapBlob}
  0x0000019007c23bb4: ff66 90e8 

  0x0000019007c23bb8: ; ImmutableOopMap {rbp=NarrowOop [56]=Oop }
                      ;*ifnull {reexecute=1 rethrow=0 return_oop=0}
                      ; - (reexecute) java.awt.event.InvocationEvent::finishedDispatching@40 (line 413)
                      ; - java.awt.event.InvocationEvent::dispatch@54 (line 326)
                      ; - java.awt.EventQueue::dispatchEventImpl@21 (line 723)
                      ; - java.awt.EventQueue::dispatchEvent@22 (line 702)
  0x0000019007c23bb8: a4bf a2ff 

  0x0000019007c23bbc: ;   {post_call_nop}
  0x0000019007c23bbc: 0f1f 8400 | b40f 0020 | ba45 ffff | ff89 4424 

  0x0000019007c23bcc: ;   {runtime_call UncommonTrapBlob}
  0x0000019007c23bcc: 2466 90e8 

  0x0000019007c23bd0: ; ImmutableOopMap {[32]=NarrowOop [48]=Oop [56]=Oop }
                      ;*ifeq {reexecute=1 rethrow=0 return_oop=0}
                      ; - (reexecute) java.awt.Container::findComponentAt@12 (line 2681)
                      ; - java.awt.Container$1::findComponentAt@5 (line 271)
                      ; - sun.awt.GlobalCursorManager::_updateCursor@126 (line 193)
                      ; - sun.awt.GlobalCursorManager$NativeUpdater::run@39 (line 52)
                      ; - java.awt.event.InvocationEvent::dispatch@47 (line 323)
                      ; - java.awt.EventQueue::dispatchEventImpl@21 (line 723)
                      ; - java.awt.EventQueue::dispatchEvent@22 (line 702)
  0x0000019007c23bd0: 8cbf a2ff 

  0x0000019007c23bd4: ;   {post_call_nop}
  0x0000019007c23bd4: 0f1f 8400 | cc0f 0021 | ba45 ffff | ff49 8be9 | 4489 5424 

  0x0000019007c23be8: ;   {runtime_call UncommonTrapBlob}
  0x0000019007c23be8: 2866 90e8 

  0x0000019007c23bec: ; ImmutableOopMap {rbp=Oop [40]=NarrowOop [48]=Oop }
                      ;*ifeq {reexecute=1 rethrow=0 return_oop=0}
                      ; - (reexecute) java.awt.EventQueue::dispatchEventImpl@33 (line 724)
                      ; - java.awt.EventQueue::dispatchEvent@22 (line 702)
  0x0000019007c23bec: 70bf a2ff 

  0x0000019007c23bf0: ;   {post_call_nop}
  0x0000019007c23bf0: 0f1f 8400 | e80f 0022 | ba45 ffff 

  0x0000019007c23bfc: ;   {runtime_call UncommonTrapBlob}
  0x0000019007c23bfc: ff66 90e8 

  0x0000019007c23c00: ; ImmutableOopMap {rbp=NarrowOop [32]=NarrowOop [56]=Oop [64]=Oop }
                      ;*ifnull {reexecute=1 rethrow=0 return_oop=0}
                      ; - (reexecute) java.awt.Component::getCursor_NoClientCode@17 (line 3216)
                      ; - java.awt.Component::getCursor_NoClientCode@21 (line 3217)
                      ; - java.awt.Component$1::getCursor@1 (line 912)
                      ; - sun.awt.GlobalCursorManager::_updateCursor@150 (line 205)
                      ; - sun.awt.GlobalCursorManager$NativeUpdater::run@39 (line 52)
                      ; - java.awt.event.InvocationEvent::dispatch@47 (line 323)
                      ; - java.awt.EventQueue::dispatchEventImpl@21 (line 723)
                      ; - java.awt.EventQueue::dispatchEvent@22 (line 702)
  0x0000019007c23c00: 5cbf a2ff 

  0x0000019007c23c04: ;   {post_call_nop}
  0x0000019007c23c04: 0f1f 8400 | fc0f 0023 | bade ffff | ff44 8954 

  0x0000019007c23c14: ;   {runtime_call UncommonTrapBlob}
  0x0000019007c23c14: 2420 90e8 

  0x0000019007c23c18: ; ImmutableOopMap {rbp=Oop [32]=NarrowOop }
                      ;*invokeinterface setCanAccessSystemClipboard {reexecute=0 rethrow=0 return_oop=0}
                      ; - java.awt.AWTEvent::dispatched@15 (line 572)
                      ; - java.awt.EventQueue::dispatchEventImpl@45 (line 726)
                      ; - java.awt.EventQueue::dispatchEvent@22 (line 702)
  0x0000019007c23c18: 44bf a2ff 

  0x0000019007c23c1c: ;   {post_call_nop}
  0x0000019007c23c1c: 0f1f 8400 | 1410 0024 | ba45 ffff | ff48 8b6c | 2430 4c89 

  0x0000019007c23c30: ;   {runtime_call UncommonTrapBlob}
  0x0000019007c23c30: 4c24 20e8 

  0x0000019007c23c34: ; ImmutableOopMap {rbp=Oop [32]=Oop }
                      ;*ifeq {reexecute=1 rethrow=0 return_oop=0}
                      ; - (reexecute) java.awt.EventQueue::setCurrentEventAndMostRecentTimeImpl@93 (line 1224)
                      ; - java.awt.EventQueue::dispatchEventImpl@14 (line 722)
                      ; - java.awt.EventQueue::dispatchEvent@22 (line 702)
  0x0000019007c23c34: 28bf a2ff 

  0x0000019007c23c38: ;   {post_call_nop}
  0x0000019007c23c38: 0f1f 8400 | 3010 0025 | ba45 ffff | ff48 8b6c | 2430 4c89 

  0x0000019007c23c4c: ;   {runtime_call UncommonTrapBlob}
  0x0000019007c23c4c: 4c24 20e8 

  0x0000019007c23c50: ; ImmutableOopMap {rbp=Oop [32]=Oop }
                      ;*ifeq {reexecute=1 rethrow=0 return_oop=0}
                      ; - (reexecute) java.awt.EventQueue::setCurrentEventAndMostRecentTimeImpl@115 (line 1227)
                      ; - java.awt.EventQueue::dispatchEventImpl@14 (line 722)
                      ; - java.awt.EventQueue::dispatchEvent@22 (line 702)
  0x0000019007c23c50: 0cbf a2ff 

  0x0000019007c23c54: ;   {post_call_nop}
  0x0000019007c23c54: 0f1f 8400 | 4c10 0026 | ba45 ffff | ff44 8944 

  0x0000019007c23c64: ;   {runtime_call UncommonTrapBlob}
  0x0000019007c23c64: 242c 90e8 

  0x0000019007c23c68: ; ImmutableOopMap {[44]=NarrowOop [48]=Oop }
                      ;*ifeq {reexecute=1 rethrow=0 return_oop=0}
                      ; - (reexecute) jdk.internal.misc.Unsafe::getAndBitwiseAndInt@21 (line 3249)
                      ; - java.util.concurrent.locks.AbstractQueuedSynchronizer$Node::getAndUnsetStatus@10 (line 482)
                      ; - java.util.concurrent.locks.AbstractQueuedSynchronizer::signalNext@22 (line 645)
                      ; - java.util.concurrent.locks.AbstractQueuedSynchronizer::release@12 (line 1100)
                      ; - java.util.concurrent.locks.ReentrantLock::unlock@5 (line 495)
                      ; - java.awt.EventQueue::setCurrentEventAndMostRecentTimeImpl@168 (line 1236)
                      ; - java.awt.EventQueue::dispatchEventImpl@14 (line 722)
                      ; - java.awt.EventQueue::dispatchEvent@22 (line 702)
  0x0000019007c23c68: f4be a2ff 

  0x0000019007c23c6c: ;   {post_call_nop}
  0x0000019007c23c6c: 0f1f 8400 | 6410 0027 | ba45 ffff | ff4c 894c | 2428 4489 

  0x0000019007c23c80: ;   {runtime_call UncommonTrapBlob}
  0x0000019007c23c80: 5424 38e8 

  0x0000019007c23c84: ; ImmutableOopMap {[40]=Oop [48]=Oop [56]=NarrowOop }
                      ;*ifge {reexecute=1 rethrow=0 return_oop=0}
                      ; - (reexecute) java.util.concurrent.locks.ReentrantLock$NonfairSync::initialTryLock@36 (line 231)
                      ; - java.util.concurrent.locks.ReentrantLock$Sync::lock@1 (line 153)
                      ; - java.util.concurrent.locks.ReentrantLock::lock@4 (line 323)
                      ; - java.awt.EventQueue::setCurrentEventAndMostRecentTimeImpl@4 (line 1201)
                      ; - java.awt.EventQueue::dispatchEventImpl@14 (line 722)
                      ; - java.awt.EventQueue::dispatchEvent@22 (line 702)
  0x0000019007c23c84: d8be a2ff 

  0x0000019007c23c88: ;   {post_call_nop}
  0x0000019007c23c88: 0f1f 8400 | 8010 0028 

  0x0000019007c23c90: ;   {runtime_call C2 Runtime rethrow}
  0x0000019007c23c90: 488b d0e8 

  0x0000019007c23c94: ; ImmutableOopMap {[40]=Oop [56]=Oop }
                      ;*invokevirtual findHeavyweightUnderCursor {reexecute=0 rethrow=0 return_oop=1}
                      ; - sun.awt.GlobalCursorManager::_updateCursor@30 (line 178)
                      ; - sun.awt.GlobalCursorManager$NativeUpdater::run@39 (line 52)
                      ; - java.awt.event.InvocationEvent::dispatch@47 (line 323)
                      ; - java.awt.EventQueue::dispatchEventImpl@21 (line 723)
                      ; - java.awt.EventQueue::dispatchEvent@22 (line 702)
  0x0000019007c23c94: c85d a3ff 

  0x0000019007c23c98: ;   {post_call_nop}
  0x0000019007c23c98: 0f1f 8400 | 9010 0029 | 488b d044 | 8b54 2424 | 4489 5424 

  0x0000019007c23cac: ;   {runtime_call C2 Runtime rethrow}
  0x0000019007c23cac: 2066 90e8 

  0x0000019007c23cb0: ; ImmutableOopMap {[40]=Oop [48]=Oop [56]=Oop [80]=Oop }
                      ;*invokevirtual getCursorPos {reexecute=0 rethrow=0 return_oop=1}
                      ; - sun.awt.GlobalCursorManager::_updateCursor@96 (line 191)
                      ; - sun.awt.GlobalCursorManager$NativeUpdater::run@39 (line 52)
                      ; - java.awt.event.InvocationEvent::dispatch@47 (line 323)
                      ; - java.awt.EventQueue::dispatchEventImpl@21 (line 723)
                      ; - java.awt.EventQueue::dispatchEvent@22 (line 702)
  0x0000019007c23cb0: ac5d a3ff 

  0x0000019007c23cb4: ;   {post_call_nop}
  0x0000019007c23cb4: 0f1f 8400 | ac10 002a | 488b e8eb | 0348 8be8 | ba95 ffff 

  0x0000019007c23cc8: ;   {runtime_call UncommonTrapBlob}
  0x0000019007c23cc8: ff66 90e8 

  0x0000019007c23ccc: ; ImmutableOopMap {rbp=Oop [32]=NarrowOop [48]=Oop [56]=Oop }
                      ;*astore {reexecute=0 rethrow=0 return_oop=0}
                      ; - java.awt.Container::findComponentAt@32 (line 2684)
                      ; - java.awt.Container$1::findComponentAt@5 (line 271)
                      ; - sun.awt.GlobalCursorManager::_updateCursor@126 (line 193)
                      ; - sun.awt.GlobalCursorManager$NativeUpdater::run@39 (line 52)
                      ; - java.awt.event.InvocationEvent::dispatch@47 (line 323)
                      ; - java.awt.EventQueue::dispatchEventImpl@21 (line 723)
                      ; - java.awt.EventQueue::dispatchEvent@22 (line 702)
  0x0000019007c23ccc: 90be a2ff 

  0x0000019007c23cd0: ;   {post_call_nop}
  0x0000019007c23cd0: 0f1f 8400 | c810 002b 

  0x0000019007c23cd8: ;   {runtime_call C2 Runtime rethrow}
  0x0000019007c23cd8: 488b d0e8 

  0x0000019007c23cdc: ; ImmutableOopMap {[56]=Oop }
                      ;*invokevirtual setCursor {reexecute=0 rethrow=0 return_oop=1}
                      ; - sun.awt.GlobalCursorManager::_updateCursor@156 (line 205)
                      ; - sun.awt.GlobalCursorManager$NativeUpdater::run@39 (line 52)
                      ; - java.awt.event.InvocationEvent::dispatch@47 (line 323)
                      ; - java.awt.EventQueue::dispatchEventImpl@21 (line 723)
                      ; - java.awt.EventQueue::dispatchEvent@22 (line 702)
  0x0000019007c23cdc: 805d a3ff 

  0x0000019007c23ce0: ;   {post_call_nop}
  0x0000019007c23ce0: 0f1f 8400 | d810 002c | 488b d04c | 8b54 2428 | 4c89 5424 

  0x0000019007c23cf4: ;   {runtime_call C2 Runtime rethrow}
  0x0000019007c23cf4: 2066 90e8 

  0x0000019007c23cf8: ; ImmutableOopMap {[32]=Oop [56]=Oop [64]=Oop }
                      ;*invokeinterface getCursor {reexecute=0 rethrow=0 return_oop=1}
                      ; - sun.awt.GlobalCursorManager::_updateCursor@150 (line 205)
                      ; - sun.awt.GlobalCursorManager$NativeUpdater::run@39 (line 52)
                      ; - java.awt.event.InvocationEvent::dispatch@47 (line 323)
                      ; - java.awt.EventQueue::dispatchEventImpl@21 (line 723)
                      ; - java.awt.EventQueue::dispatchEvent@22 (line 702)
  0x0000019007c23cf8: 645d a3ff 

  0x0000019007c23cfc: ;   {post_call_nop}
  0x0000019007c23cfc: 0f1f 8400 | f410 002d | baf6 ffff 

  0x0000019007c23d08: ;   {runtime_call UncommonTrapBlob}
  0x0000019007c23d08: ff66 90e8 

  0x0000019007c23d0c: ; ImmutableOopMap {}
                      ;*invokevirtual getSource {reexecute=0 rethrow=0 return_oop=0}
                      ; - java.awt.EventQueue::dispatchEvent@1 (line 697)
  0x0000019007c23d0c: 50be a2ff 

  0x0000019007c23d10: ;   {post_call_nop}
  0x0000019007c23d10: 0f1f 8400 | 0811 002e | baf6 ffff | ff4c 894c | 2420 4c89 

  0x0000019007c23d24: ;   {runtime_call UncommonTrapBlob}
  0x0000019007c23d24: 4424 28e8 

  0x0000019007c23d28: ; ImmutableOopMap {[32]=Oop [40]=Oop [48]=Oop }
                      ;*invokeinterface lock {reexecute=0 rethrow=0 return_oop=0}
                      ; - java.awt.EventQueue::setCurrentEventAndMostRecentTimeImpl@4 (line 1201)
                      ; - java.awt.EventQueue::dispatchEventImpl@14 (line 722)
                      ; - java.awt.EventQueue::dispatchEvent@22 (line 702)
  0x0000019007c23d28: 34be a2ff 

  0x0000019007c23d2c: ;   {post_call_nop}
  0x0000019007c23d2c: 0f1f 8400 | 2411 002f | baf6 ffff | ff48 8b6c 

  0x0000019007c23d3c: ;   {runtime_call UncommonTrapBlob}
  0x0000019007c23d3c: 2430 90e8 

  0x0000019007c23d40: ; ImmutableOopMap {rbp=Oop }
                      ;*invokeinterface unlock {reexecute=0 rethrow=0 return_oop=0}
                      ; - java.awt.EventQueue::setCurrentEventAndMostRecentTimeImpl@168 (line 1236)
                      ; - java.awt.EventQueue::dispatchEventImpl@14 (line 722)
                      ; - java.awt.EventQueue::dispatchEvent@22 (line 702)
  0x0000019007c23d40: 1cbe a2ff 

  0x0000019007c23d44: ;   {post_call_nop}
  0x0000019007c23d44: 0f1f 8400 | 3c11 0030 | baf6 ffff | ff48 8b6c 

  0x0000019007c23d54: ;   {runtime_call UncommonTrapBlob}
  0x0000019007c23d54: 2430 90e8 

  0x0000019007c23d58: ; ImmutableOopMap {rbp=Oop }
                      ;*invokevirtual release {reexecute=0 rethrow=0 return_oop=0}
                      ; - java.util.concurrent.locks.ReentrantLock::unlock@5 (line 495)
                      ; - java.awt.EventQueue::setCurrentEventAndMostRecentTimeImpl@168 (line 1236)
                      ; - java.awt.EventQueue::dispatchEventImpl@14 (line 722)
                      ; - java.awt.EventQueue::dispatchEvent@22 (line 702)
  0x0000019007c23d58: 04be a2ff 

  0x0000019007c23d5c: ;   {post_call_nop}
  0x0000019007c23d5c: 0f1f 8400 | 5411 0031 | baf6 ffff | ff48 8b6c 

  0x0000019007c23d6c: ;   {runtime_call UncommonTrapBlob}
  0x0000019007c23d6c: 2438 90e8 

  0x0000019007c23d70: ; ImmutableOopMap {rbp=Oop }
                      ;*invokeinterface run {reexecute=0 rethrow=0 return_oop=0}
                      ; - java.awt.event.InvocationEvent::dispatch@47 (line 323)
                      ; - java.awt.EventQueue::dispatchEventImpl@21 (line 723)
                      ; - java.awt.EventQueue::dispatchEvent@22 (line 702)
  0x0000019007c23d70: ecbd a2ff 

  0x0000019007c23d74: ;   {post_call_nop}
  0x0000019007c23d74: 0f1f 8400 | 6c11 0032 | baf6 ffff | ff48 8b6c 

  0x0000019007c23d84: ;   {runtime_call UncommonTrapBlob}
  0x0000019007c23d84: 2438 90e8 

  0x0000019007c23d88: ; ImmutableOopMap {rbp=Oop }
                      ;*invokevirtual _updateCursor {reexecute=0 rethrow=0 return_oop=0}
                      ; - sun.awt.GlobalCursorManager$NativeUpdater::run@39 (line 52)
                      ; - java.awt.event.InvocationEvent::dispatch@47 (line 323)
                      ; - java.awt.EventQueue::dispatchEventImpl@21 (line 723)
                      ; - java.awt.EventQueue::dispatchEvent@22 (line 702)
  0x0000019007c23d88: d4bd a2ff 

  0x0000019007c23d8c: ;   {post_call_nop}
  0x0000019007c23d8c: 0f1f 8400 | 8411 0033 | ba45 ffff | ff48 8944 

  0x0000019007c23d9c: ;   {runtime_call UncommonTrapBlob}
  0x0000019007c23d9c: 2430 90e8 

  0x0000019007c23da0: ; ImmutableOopMap {rbp=NarrowOop [32]=NarrowOop [48]=Oop [56]=Oop }
                      ;*ifnonnull {reexecute=1 rethrow=0 return_oop=0}
                      ; - (reexecute) sun.awt.AWTAccessor::getComponentAccessor@5 (line 886)
                      ; - sun.awt.GlobalCursorManager::_updateCursor@53 (line 185)
                      ; - sun.awt.GlobalCursorManager$NativeUpdater::run@39 (line 52)
                      ; - java.awt.event.InvocationEvent::dispatch@47 (line 323)
                      ; - java.awt.EventQueue::dispatchEventImpl@21 (line 723)
                      ; - java.awt.EventQueue::dispatchEvent@22 (line 702)
  0x0000019007c23da0: bcbd a2ff 

  0x0000019007c23da4: ;   {post_call_nop}
  0x0000019007c23da4: 0f1f 8400 | 9c11 0034 | ba45 ffff | ff48 ff74 | 2438 488f 

  0x0000019007c23db8: ;   {runtime_call UncommonTrapBlob}
  0x0000019007c23db8: 4424 28e8 

  0x0000019007c23dbc: ; ImmutableOopMap {rbp=NarrowOop [32]=NarrowOop [40]=Oop [48]=Oop [80]=Oop }
                      ;*ifnonnull {reexecute=1 rethrow=0 return_oop=0}
                      ; - (reexecute) sun.awt.AWTAccessor::getContainerAccessor@5 (line 905)
                      ; - sun.awt.GlobalCursorManager::_updateCursor@99 (line 192)
                      ; - sun.awt.GlobalCursorManager$NativeUpdater::run@39 (line 52)
                      ; - java.awt.event.InvocationEvent::dispatch@47 (line 323)
                      ; - java.awt.EventQueue::dispatchEventImpl@21 (line 723)
                      ; - java.awt.EventQueue::dispatchEvent@22 (line 702)
  0x0000019007c23dbc: a0bd a2ff 

  0x0000019007c23dc0: ;   {post_call_nop}
  0x0000019007c23dc0: 0f1f 8400 | b811 0035 | ba45 ffff | ff48 8b6c | 2438 4c8b | 5424 304c | 8954 2428 | 48ff 7424 
  0x0000019007c23de0: 4048 8f44 

  0x0000019007c23de4: ;   {runtime_call UncommonTrapBlob}
  0x0000019007c23de4: 2430 90e8 

  0x0000019007c23de8: ; ImmutableOopMap {rbp=Oop [32]=NarrowOop [40]=Oop [48]=Oop }
                      ;*ifnull {reexecute=1 rethrow=0 return_oop=0}
                      ; - (reexecute) sun.awt.GlobalCursorManager::_updateCursor@135 (line 200)
                      ; - sun.awt.GlobalCursorManager$NativeUpdater::run@39 (line 52)
                      ; - java.awt.event.InvocationEvent::dispatch@47 (line 323)
                      ; - java.awt.EventQueue::dispatchEventImpl@21 (line 723)
                      ; - java.awt.EventQueue::dispatchEvent@22 (line 702)
  0x0000019007c23de8: 74bd a2ff 

  0x0000019007c23dec: ;   {post_call_nop}
  0x0000019007c23dec: 0f1f 8400 | e411 0036 | ba45 ffff | ff48 ff74 | 2438 488f | 4424 2848 | ff74 2440 | 488f 4424 
  0x0000019007c23e0c: ;   {runtime_call UncommonTrapBlob}
  0x0000019007c23e0c: 3066 90e8 

  0x0000019007c23e10: ; ImmutableOopMap {rbp=NarrowOop [32]=NarrowOop [40]=Oop [48]=Oop }
                      ;*ifnonnull {reexecute=1 rethrow=0 return_oop=0}
                      ; - (reexecute) sun.awt.AWTAccessor::getComponentAccessor@5 (line 886)
                      ; - sun.awt.GlobalCursorManager::_updateCursor@145 (line 205)
                      ; - sun.awt.GlobalCursorManager$NativeUpdater::run@39 (line 52)
                      ; - java.awt.event.InvocationEvent::dispatch@47 (line 323)
                      ; - java.awt.EventQueue::dispatchEventImpl@21 (line 723)
                      ; - java.awt.EventQueue::dispatchEvent@22 (line 702)
  0x0000019007c23e10: 4cbd a2ff 

  0x0000019007c23e14: ;   {post_call_nop}
  0x0000019007c23e14: 0f1f 8400 | 0c12 0037 | ba45 ffff 

  0x0000019007c23e20: ;   {runtime_call UncommonTrapBlob}
  0x0000019007c23e20: ff66 90e8 

  0x0000019007c23e24: ; ImmutableOopMap {rbp=NarrowOop [32]=NarrowOop [56]=Oop [64]=Oop }
                      ;*ifnull {reexecute=1 rethrow=0 return_oop=0}
                      ; - (reexecute) java.awt.Component::getCursor_NoClientCode@17 (line 3216)
                      ; - java.awt.Component$1::getCursor@1 (line 912)
                      ; - sun.awt.GlobalCursorManager::_updateCursor@150 (line 205)
                      ; - sun.awt.GlobalCursorManager$NativeUpdater::run@39 (line 52)
                      ; - java.awt.event.InvocationEvent::dispatch@47 (line 323)
                      ; - java.awt.EventQueue::dispatchEventImpl@21 (line 723)
                      ; - java.awt.EventQueue::dispatchEvent@22 (line 702)
  0x0000019007c23e24: 38bd a2ff 

  0x0000019007c23e28: ;   {post_call_nop}
  0x0000019007c23e28: 0f1f 8400 | 2012 0038 | baf4 ffff | ff49 8be9 

  0x0000019007c23e38: ;   {runtime_call UncommonTrapBlob}
  0x0000019007c23e38: 6666 90e8 

  0x0000019007c23e3c: ; ImmutableOopMap {rbp=Oop [48]=Oop }
                      ;*instanceof {reexecute=0 rethrow=0 return_oop=0}
                      ; - java.awt.EventQueue::dispatchEventImpl@30 (line 724)
                      ; - java.awt.EventQueue::dispatchEvent@22 (line 702)
  0x0000019007c23e3c: 20bd a2ff 

  0x0000019007c23e40: ;   {post_call_nop}
  0x0000019007c23e40: 0f1f 8400 | 3812 0039 | ba45 ffff | ff48 8b6c | 2430 4489 

  0x0000019007c23e54: ;   {runtime_call UncommonTrapBlob}
  0x0000019007c23e54: 5424 24e8 

  0x0000019007c23e58: ; ImmutableOopMap {rbp=Oop [36]=NarrowOop }
                      ;*ifnonnull {reexecute=1 rethrow=0 return_oop=0}
                      ; - (reexecute) sun.awt.AWTAccessor::getInputEventAccessor@5 (line 962)
                      ; - java.awt.AWTEvent::dispatched@7 (line 571)
                      ; - java.awt.EventQueue::dispatchEventImpl@45 (line 726)
                      ; - java.awt.EventQueue::dispatchEvent@22 (line 702)
  0x0000019007c23e58: 04bd a2ff 

  0x0000019007c23e5c: ;   {post_call_nop}
  0x0000019007c23e5c: 0f1f 8400 | 5412 003a | 488b d0eb | 0feb 0548 | 8bd0 eb08 | 488b d0eb | 0348 8bd0 | 4883 c470 
  0x0000019007c23e7c: ;   {runtime_call C2 Runtime rethrow}
  0x0000019007c23e7c: 5de9 de5b | a3ff ba95 | ffff ff48 | 8944 2428 

  0x0000019007c23e8c: ;   {runtime_call UncommonTrapBlob}
  0x0000019007c23e8c: 6666 90e8 

  0x0000019007c23e90: ; ImmutableOopMap {rbp=Oop [32]=Oop [40]=Oop }
                      ;*astore {reexecute=0 rethrow=0 return_oop=0}
                      ; - java.awt.EventQueue::setCurrentEventAndMostRecentTimeImpl@176 (line 1236)
                      ; - java.awt.EventQueue::dispatchEventImpl@14 (line 722)
                      ; - java.awt.EventQueue::dispatchEvent@22 (line 702)
  0x0000019007c23e90: ccbc a2ff 

  0x0000019007c23e94: ;   {post_call_nop}
  0x0000019007c23e94: 0f1f 8400 | 8c12 003b | 488b d044 | 8b54 2424 | 4489 5424 

  0x0000019007c23ea8: ;   {runtime_call C2 Runtime rethrow}
  0x0000019007c23ea8: 2066 90e8 

  0x0000019007c23eac: ; ImmutableOopMap {[40]=Oop [48]=Oop [56]=Oop }
                      ;*new {reexecute=0 rethrow=0 return_oop=1}
                      ; - sun.awt.GlobalCursorManager::_updateCursor@86 (line 190)
                      ; - sun.awt.GlobalCursorManager$NativeUpdater::run@39 (line 52)
                      ; - java.awt.event.InvocationEvent::dispatch@47 (line 323)
                      ; - java.awt.EventQueue::dispatchEventImpl@21 (line 723)
                      ; - java.awt.EventQueue::dispatchEvent@22 (line 702)
  0x0000019007c23eac: b05b a3ff 

  0x0000019007c23eb0: ;   {post_call_nop}
  0x0000019007c23eb0: 0f1f 8400 | a812 003c | baad ffff | ff48 8944 

  0x0000019007c23ec0: ;   {runtime_call UncommonTrapBlob}
  0x0000019007c23ec0: 2420 90e8 

  0x0000019007c23ec4: ; ImmutableOopMap {[32]=Oop [56]=Oop }
                      ;*astore {reexecute=0 rethrow=0 return_oop=0}
                      ; - sun.awt.GlobalCursorManager::_updateCursor@162 (line 207)
                      ; - sun.awt.GlobalCursorManager$NativeUpdater::run@39 (line 52)
                      ; - java.awt.event.InvocationEvent::dispatch@47 (line 323)
                      ; - java.awt.EventQueue::dispatchEventImpl@21 (line 723)
                      ; - java.awt.EventQueue::dispatchEvent@22 (line 702)
  0x0000019007c23ec4: 98bc a2ff 

  0x0000019007c23ec8: ;   {post_call_nop}
  0x0000019007c23ec8: 0f1f 8400 | c012 003d | baad ffff | ff48 8944 

  0x0000019007c23ed8: ;   {runtime_call UncommonTrapBlob}
  0x0000019007c23ed8: 2420 90e8 

  0x0000019007c23edc: ; ImmutableOopMap {[32]=Oop [56]=Oop }
                      ;*astore {reexecute=0 rethrow=0 return_oop=0}
                      ; - sun.awt.GlobalCursorManager::_updateCursor@162 (line 207)
                      ; - sun.awt.GlobalCursorManager$NativeUpdater::run@39 (line 52)
                      ; - java.awt.event.InvocationEvent::dispatch@47 (line 323)
                      ; - java.awt.EventQueue::dispatchEventImpl@21 (line 723)
                      ; - java.awt.EventQueue::dispatchEvent@22 (line 702)
  0x0000019007c23edc: 80bc a2ff 

  0x0000019007c23ee0: ;   {post_call_nop}
  0x0000019007c23ee0: 0f1f 8400 | d812 003e | baad ffff | ff48 8944 

  0x0000019007c23ef0: ;   {runtime_call UncommonTrapBlob}
  0x0000019007c23ef0: 2420 90e8 

  0x0000019007c23ef4: ; ImmutableOopMap {[32]=Oop [56]=Oop }
                      ;*astore {reexecute=0 rethrow=0 return_oop=0}
                      ; - sun.awt.GlobalCursorManager::_updateCursor@162 (line 207)
                      ; - sun.awt.GlobalCursorManager$NativeUpdater::run@39 (line 52)
                      ; - java.awt.event.InvocationEvent::dispatch@47 (line 323)
                      ; - java.awt.EventQueue::dispatchEventImpl@21 (line 723)
                      ; - java.awt.EventQueue::dispatchEvent@22 (line 702)
  0x0000019007c23ef4: 68bc a2ff 

  0x0000019007c23ef8: ;   {post_call_nop}
  0x0000019007c23ef8: 0f1f 8400 | f012 003f | baad ffff | ff48 8944 

  0x0000019007c23f08: ;   {runtime_call UncommonTrapBlob}
  0x0000019007c23f08: 2420 90e8 

  0x0000019007c23f0c: ; ImmutableOopMap {[32]=Oop [56]=Oop }
                      ;*astore {reexecute=0 rethrow=0 return_oop=0}
                      ; - sun.awt.GlobalCursorManager::_updateCursor@162 (line 207)
                      ; - sun.awt.GlobalCursorManager$NativeUpdater::run@39 (line 52)
                      ; - java.awt.event.InvocationEvent::dispatch@47 (line 323)
                      ; - java.awt.EventQueue::dispatchEventImpl@21 (line 723)
                      ; - java.awt.EventQueue::dispatchEvent@22 (line 702)
  0x0000019007c23f0c: 50bc a2ff 

  0x0000019007c23f10: ;   {post_call_nop}
  0x0000019007c23f10: 0f1f 8400 | 0813 0040 | baad ffff | ff48 8944 

  0x0000019007c23f20: ;   {runtime_call UncommonTrapBlob}
  0x0000019007c23f20: 2420 90e8 

  0x0000019007c23f24: ; ImmutableOopMap {[32]=Oop [56]=Oop }
                      ;*astore {reexecute=0 rethrow=0 return_oop=0}
                      ; - sun.awt.GlobalCursorManager::_updateCursor@162 (line 207)
                      ; - sun.awt.GlobalCursorManager$NativeUpdater::run@39 (line 52)
                      ; - java.awt.event.InvocationEvent::dispatch@47 (line 323)
                      ; - java.awt.EventQueue::dispatchEventImpl@21 (line 723)
                      ; - java.awt.EventQueue::dispatchEvent@22 (line 702)
  0x0000019007c23f24: 38bc a2ff 

  0x0000019007c23f28: ;   {post_call_nop}
  0x0000019007c23f28: 0f1f 8400 | 2013 0041 | eb06 eb04 | eb02 eb00 | 488b e8eb | 0348 8be8 | ba95 ffff 

  0x0000019007c23f44: ;   {runtime_call UncommonTrapBlob}
  0x0000019007c23f44: ff66 90e8 

  0x0000019007c23f48: ; ImmutableOopMap {rbp=Oop [56]=Oop }
                      ;*astore_2 {reexecute=0 rethrow=0 return_oop=0}
                      ; - java.awt.event.InvocationEvent::dispatch@60 (line 326)
                      ; - java.awt.EventQueue::dispatchEventImpl@21 (line 723)
                      ; - java.awt.EventQueue::dispatchEvent@22 (line 702)
  0x0000019007c23f48: 14bc a2ff 

  0x0000019007c23f4c: ;   {post_call_nop}
  0x0000019007c23f4c: 0f1f 8400 | 4413 0042 | 418b 1848 | c1e3 0348 | 83fb 000f | 847f eeff | ff4d 8b5f | 384d 85db 
  0x0000019007c23f6c: 0f84 1400 | 0000 4983 | eb08 4d89 | 5f38 4d03 | 5f40 4989 | 1be9 5eee | ffff 4883 | ec40 4c89 
  0x0000019007c23f8c: 4424 384c | 894c 2430 | 4889 4c24 | 2848 8974 | 2420 488b | cb49 8bd7 

  0x0000019007c23fa4: ;   {runtime_call}
  0x0000019007c23fa4: 48b8 2076 | 419d f97f | 0000 ffd0 | 488b 7424 | 2048 8b4c | 2428 4c8b | 4c24 304c | 8b44 2438 
  0x0000019007c23fc4: c5f8 7748 | 83c4 40e9 | 14ee ffff | f083 4424 | c000 4180 | 3b00 0f84 | 3cee ffff | 41c6 0300 
  0x0000019007c23fe4: 498b 5f50 | 4885 db0f | 8414 0000 | 0048 83eb | 0849 895f | 5049 035f | 584c 891b | e917 eeff 
  0x0000019007c24004: ff48 83ec | 404c 894c | 2438 4889 | 4c24 3048 | 8974 2428 | 498b cb49 

  0x0000019007c2401c: ;   {runtime_call}
  0x0000019007c2401c: 8bd7 48b8 | 0076 419d | f97f 0000 | ffd0 488b | 7424 2848 | 8b4c 2430 | 4c8b 4c24 | 38c5 f877 
  0x0000019007c2403c: 4883 c440 | e9d7 edff | ff45 8b03 | 49c1 e003 | 4983 f800 | 0f84 66ee | ffff 4d8b | 5738 4d85 
  0x0000019007c2405c: d20f 8414 | 0000 0049 | 83ea 084d | 8957 384d | 0357 404d | 8902 e945 | eeff ff48 | 83ec 504c 
  0x0000019007c2407c: 895c 2448 | 4c89 4c24 | 4048 894c | 2438 4889 | 7424 3048 | 8944 2428 | 498b c849 

  0x0000019007c24098: ;   {runtime_call}
  0x0000019007c24098: 8bd7 48b8 | 2076 419d | f97f 0000 | ffd0 488b | 4424 2848 | 8b74 2430 | 488b 4c24 | 384c 8b4c 
  0x0000019007c240b8: 2440 4c8b | 5c24 48c5 | f877 4883 | c450 e9f1 | edff fff0 | 8344 24c0 | 0041 803a | 000f 8419 
  0x0000019007c240d8: eeff ff41 | c602 004d | 8b47 504d | 85c0 0f84 | 1400 0000 | 4983 e808 | 4d89 4750 | 4d03 4758 
  0x0000019007c240f8: 4d89 10e9 | f4ed ffff | 4883 ec40 | 4c89 4c24 | 3848 894c | 2430 4889 | 7424 2849 | 8bca 498b 
  0x0000019007c24118: ;   {runtime_call}
  0x0000019007c24118: d748 b800 | 7641 9df9 | 7f00 00ff | d048 8b74 | 2428 488b | 4c24 304c | 8b4c 2438 | c5f8 7748 
  0x0000019007c24138: 83c4 40e9 | b4ed ffff | 418b 0948 | c1e1 0348 | 83f9 000f | 842c eeff | ff4d 8b47 | 384d 85c0 
  0x0000019007c24158: 0f84 1400 | 0000 4983 | e808 4d89 | 4738 4d03 | 4740 4989 | 08e9 0bee | ffff 4883 | ec40 4c89 
  0x0000019007c24178: 5424 384c | 895c 2430 | 4c89 4c24 | 2849 8bd7 

  0x0000019007c24188: ;   {runtime_call}
  0x0000019007c24188: 48b8 2076 | 419d f97f | 0000 ffd0 | 4c8b 4c24 | 284c 8b5c | 2430 4c8b | 5424 38c5 | f877 4883 
  0x0000019007c241a8: c440 e9ce 

  0x0000019007c241ac: ;   {internal_word}
  0x0000019007c241ac: edff ff49 | ba78 36c2 | 0790 0100 | 004d 8997 | e004 0000 

  0x0000019007c241c0: ;   {runtime_call SafepointBlob}
  0x0000019007c241c0: e99b cd95 | ff41 8387 | d806 0000 | 08e9 24f3 | ffff 4183 | 87d8 0600 | 0008 e966 | f0ff ff41 
  0x0000019007c241e0: 8387 d806 | 0000 08e9 | 13ef ffff 

  0x0000019007c241ec: ;   {runtime_call Stub::method_entry_barrier}
  0x0000019007c241ec: e84f 0094 | ffe9 34eb | ffff f4f4 
[Stub Code]
  0x0000019007c241f8: ;   {static_stub}
  0x0000019007c241f8: 48bb 0000 | 0000 0000 

  0x0000019007c24200: ;   {runtime_call nmethod}
  0x0000019007c24200: 0000 e9fb 

  0x0000019007c24204: ;   {static_stub}
  0x0000019007c24204: ffff ff48 | bb00 0000 | 0000 0000 

  0x0000019007c24210: ;   {runtime_call nmethod}
  0x0000019007c24210: 00e9 fbff 

  0x0000019007c24214: ;   {static_stub}
  0x0000019007c24214: ffff 48bb | 0000 0000 | 0000 0000 

  0x0000019007c24220: ;   {runtime_call nmethod}
  0x0000019007c24220: e9fb ffff 

  0x0000019007c24224: ;   {static_stub}
  0x0000019007c24224: ff48 bbd0 | 222d 8900 

  0x0000019007c2422c: ;   {runtime_call I2C/C2I adapters}
  0x0000019007c2422c: 0000 00e9 | 8216 96ff 

  0x0000019007c24234: ;   {static_stub}
  0x0000019007c24234: 48bb 0000 | 0000 0000 

  0x0000019007c2423c: ;   {runtime_call nmethod}
  0x0000019007c2423c: 0000 e9fb 

  0x0000019007c24240: ;   {static_stub}
  0x0000019007c24240: ffff ff48 | bb40 f385 | 0f90 0100 

  0x0000019007c2424c: ;   {runtime_call I2C/C2I adapters}
  0x0000019007c2424c: 00e9 6bba 

  0x0000019007c24250: ;   {static_stub}
  0x0000019007c24250: 93ff 48bb | 0000 0000 | 0000 0000 

  0x0000019007c2425c: ;   {runtime_call nmethod}
  0x0000019007c2425c: e9fb ffff 

  0x0000019007c24260: ;   {static_stub}
  0x0000019007c24260: ff48 bb00 | 0000 0000 

  0x0000019007c24268: ;   {runtime_call nmethod}
  0x0000019007c24268: 0000 00e9 | fbff ffff 
[Exception Handler]
  0x0000019007c24270: ;   {runtime_call ExceptionBlob}
  0x0000019007c24270: e9eb bba2 | ffe8 0000 | 0000 4883 

  0x0000019007c2427c: ;   {runtime_call DeoptimizationBlob}
  0x0000019007c2427c: 2c24 05e9 | dccf 95ff | f4f4 f4f4 
[/MachCode]


Compiled method (c2) 3135609 5166   !   4       java.awt.EventDispatchThread::pumpOneEventForFilters (106 bytes)
 total in heap  [0x0000019007c57f08,0x0000019007c66a90] = 60296
 main code      [0x0000019007c58000,0x0000019007c66888] = 59528
 stub code      [0x0000019007c66888,0x0000019007c66a70] = 488
 oops           [0x0000019007c66a70,0x0000019007c66a90] = 32
 mutable data [0x00000190135ee9b0,0x00000190135ef858] = 3752
 relocation     [0x00000190135ee9b0,0x00000190135ef4b8] = 2824
 metadata       [0x00000190135ef4b8,0x00000190135ef858] = 928
 immutable data [0x0000019015027010,0x000001901502b828] = 18456
 dependencies   [0x0000019015027010,0x0000019015027118] = 264
 nul chk table  [0x0000019015027118,0x0000019015027378] = 608
 handler table  [0x0000019015027378,0x0000019015027948] = 1488
 scopes pcs     [0x0000019015027948,0x0000019015029088] = 5952
 scopes data    [0x0000019015029088,0x000001901502b828] = 10144

[Constant Pool (empty)]

[MachCode]
[Instructions begin]
  0x0000019007c58000: 6690 448b | 5208 443b 

  0x0000019007c58008: ;   {runtime_call Shared Runtime ic_miss_blob}
  0x0000019007c58008: 5008 0f85 | d06a 92ff 
[Verified Entry Point]
  0x0000019007c58010: 8984 2400 | 80ff ff55 | 4881 ecf0 | 0000 0090 | 4181 7f20 | 0300 0000 | 0f85 4de8 | 0000 4889 
  0x0000019007c58030: 5424 2841 | 83f8 ff0f | 85f3 5a00 | 004d 8b97 | 1004 0000 | 4d8b 1244 | 8984 24c0 | 0000 004c 
  0x0000019007c58050: 8954 2460 | 4c8b 5c24 | 2848 8d9c | 24d0 0000 | 004d 8b13 | 418b 9fd8 | 0600 0041 | f6c2 020f 
  0x0000019007c58070: 8537 0000 | 0081 fb27 | 0700 000f | 8f4b 0000 | 004d 3b5c | 1ff8 7416 | 498b c248 | 83c8 0149 
  0x0000019007c58090: 83e2 fef0 | 4d0f b113 | 0f85 2e00 | 0000 4d89 | 1c1f 4183 | 87d8 0600 | 0008 eb1e | 4833 c049 
  0x0000019007c580b0: 8b9f c804 | 0000 f049 | 0fb1 5a3e | 740c 483b | d875 0949 | ff82 8600 | 0000 33c0 | 0f85 ba59 
  0x0000019007c580d0: 0000 4c8b | 5424 2845 | 8b5a 7044 | 895c 2430 | 4c8b 5c24 | 2848 8d84 | 24d0 0000 | 0041 8b87 
  0x0000019007c580f0: d806 0000 | 4d8b 134d | 3b5c 07f8 | 0f85 2e00 | 0000 4183 | afd8 0600 

  0x0000019007c58108: ;   {other}
  0x0000019007c58108: 0008 4d3b | 5c07 f00f | 845f 0000 | 0049 8bc2 | 4883 e0fc | 4983 ca01 | f04d 0fb1 | 130f 8543 
  0x0000019007c58128: e700 00e9 | 4400 0000 | 4983 ba86 | 0000 0000 | 7533 49c7 | 423e 0000 | 0000 f083 | 4424 c000 
  0x0000019007c58148: 4983 ba8e | 0000 0000 | 7422 4983 | ba9e 0000 | 0000 7518 | 4983 e2fd | 4d89 97e8 | 0500 0041 
  0x0000019007c58168: 83ca 01eb | 0a49 ff8a | 8600 0000 | 4533 d20f | 8530 5900 | 0044 8b54 | 2430 478b | 5cd4 4445 
  0x0000019007c58188: 85db 0f84 | d058 0000 | 4b8d 14dc | 458b da4f | 8d14 dc4c | 8954 2420 

  0x0000019007c581a0: ;   {oop("PostEventQueue"{0x0000000708628478})}
  0x0000019007c581a0: 49b8 7884 | 6208 0700 | 0000 498b 

  0x0000019007c581ac: ;   {optimized virtual_call}
  0x0000019007c581ac: ea66 90e8 

  0x0000019007c581b0: ; ImmutableOopMap {rbp=Oop [32]=Oop [40]=Oop [48]=NarrowOop [96]=Oop }
                      ;*invokevirtual get {reexecute=0 rethrow=0 return_oop=1}
                      ; - sun.awt.SunToolkit::flushPendingEvents@3 (line 501)
                      ; - java.awt.EventQueue::getNextEvent@4 (line 544)
                      ; - java.awt.EventDispatchThread::pumpOneEventForFilters@20 (line 190)
  0x0000019007c581b0: dcda f2ff 

  0x0000019007c581b4: ;   {post_call_nop}
  0x0000019007c581b4: 0f1f 8400 | ac02 0000 

  0x0000019007c581bc: ; implicit exception: dispatches to 0x0000019007c61750
  0x0000019007c581bc: 448b 5808 

  0x0000019007c581c0: ;   {metadata('sun/awt/PostEventQueue')}
  0x0000019007c581c0: 4181 fbc8 | 730f 010f | 850d 8e00 | 0048 8944 | 2438 4c8b | 5c24 3848 | 8d9c 24d0 | 0000 004d 
  0x0000019007c581e0: 8b13 418b | 9fd8 0600 | 0041 f6c2 | 020f 8537 | 0000 0081 | fb27 0700 | 000f 8f4b | 0000 004d 
  0x0000019007c58200: 3b5c 1ff8 | 7416 498b | c248 83c8 | 0149 83e2 | fef0 4d0f | b113 0f85 | 2e00 0000 | 4d89 1c1f 
  0x0000019007c58220: 4183 87d8 | 0600 0008 | eb1e 4833 | c049 8b9f | c804 0000 | f049 0fb1 | 5a3e 740c | 483b d875 
  0x0000019007c58240: 0949 ff82 | 8600 0000 | 33c0 0f85 | 8758 0000 | 4c8b 5424 | 3845 8b5a | 184d 8bd3 | 49c1 e203 
  0x0000019007c58260: 4c8b 4424 | 604d 3bc2 | 0f84 fb05 | 0000 4585 | db0f 8539 | 5600 004c | 8b54 2438 | 418b 7a0c 
  0x0000019007c58280: 85ff 0f84 | 2001 0000 | 498b da4d | 33d2 4c8d | 4310 4180 | 7f48 000f | 8553 b100 | 0045 8910 
  0x0000019007c582a0: 4d33 db4c | 8d53 0c41 | 807f 4800 | 0f85 ceb1 | 0000 4589 | 1a4c 8bc3 | 488b 5c24 

  0x0000019007c582bc: ;   {other}
  0x0000019007c582bc: 604d 8d48 | 1841 807f | 4800 0f85 | 3ab2 0000 | 4c8b db49 | c1eb 0345 | 8919 4d8b | d14c 33d3 
  0x0000019007c582dc: 49c1 ea15 | 0f84 1e00 | 0000 4d8b | d149 c1ea | 0949 bb00 | a0bf 7090 | 0100 004d | 03d3 4180 
  0x0000019007c582fc: 3a02 0f85 | 7eb2 0000 | 488d 8424 | d000 0000 | 418b 87d8 | 0600 0049 | 8b08 4d3b | 4407 f80f 
  0x0000019007c5831c: 852e 0000 | 0041 83af | d806 0000 | 084d 3b44 | 07f0 0f84 | 5e00 0000 | 488b c148 | 83e0 fc48 
  0x0000019007c5833c: 83c9 01f0 | 490f b108 | 0f85 17e5 | 0000 e943 | 0000 0048 | 83b9 8600 | 0000 0075 | 3248 c741 
  0x0000019007c5835c: 3e00 0000 | 00f0 8344 | 24c0 0048 | 83b9 8e00 | 0000 0074 | 2148 83b9 | 9e00 0000 | 0075 1748 
  0x0000019007c5837c: 83e1 fd49 | 898f e805 | 0000 83c9 | 01eb 0948 | ff89 8600 | 0000 33c9 | 0f85 2e69 | 0000 4d8d 
  0x0000019007c5839c: 14fc 4c89 | 5424 40e9 | c01e 0000 | 4c8b 5c24 | 3848 8d84 | 24d0 0000 | 0041 8b87 | d806 0000 
  0x0000019007c583bc: ;   {other}
  0x0000019007c583bc: 4d8b 134d | 3b5c 07f8 | 0f85 2e00 | 0000 4183 | afd8 0600 | 0008 4d3b | 5c07 f00f | 845f 0000 
  0x0000019007c583dc: 0049 8bc2 | 4883 e0fc | 4983 ca01 | f04d 0fb1 | 130f 8561 | e400 00e9 | 4400 0000 | 4983 ba86 
  0x0000019007c583fc: 0000 0000 | 7533 49c7 | 423e 0000 | 0000 f083 | 4424 c000 | 4983 ba8e | 0000 0000 | 7422 4983 
  0x0000019007c5841c: ba9e 0000 | 0000 7518 | 4983 e2fd | 4d89 97e8 | 0500 0041 | 83ca 01eb | 0a49 ff8a | 8600 0000 
  0x0000019007c5843c: 4533 d20f | 84c1 0400 | 0049 8bcb | 488d 9424 | d000 0000 

  0x0000019007c58450: ;   {runtime_call}
  0x0000019007c58450: 4d8b c749 | ba80 a387 | 9df9 7f00 | 0041 ffd2 

  0x0000019007c58460: ;   {post_call_nop}
  0x0000019007c58460: 0f1f 8400 | 0000 0000 | e999 0400 | 004c 8b54 | 2450 458b | 5a10 4d8b 

  0x0000019007c58478: ; ImmutableOopMap {r11=NarrowOop [32]=Oop [40]=Oop [48]=NarrowOop [72]=Oop [80]=Oop [96]=Oop }
                      ;*goto {reexecute=1 rethrow=0 return_oop=0}
                      ; - (reexecute) java.util.concurrent.locks.AbstractQueuedSynchronizer$ConditionObject::await@110 (line 1757)
                      ; - java.awt.EventQueue::getNextEvent@52 (line 552)
                      ; - java.awt.EventDispatchThread::pumpOneEventForFilters@20 (line 190)
                      ;   {poll}
  0x0000019007c58478: 5730 4185 | 0245 85db | 0f84 4510 | 0000 438b | 6cdc 144c | 8bd5 49c1 | e203 4c8b | 5c24 504d 
  0x0000019007c58498: 3bd3 0f85 | 2476 0000 | 4c8b 4c24 | 6048 33db | 4d8d 4158 | 4180 7f48 | 000f 8540 | b100 0041 
  0x0000019007c584b8: 8918 4c8b | 5424 5045 | 8962 0c4c | 8b54 2448 | 418b 6a14 | 85ed 0f84 | 4c58 0000 | 498d 14ec 
  0x0000019007c584d8: 4c8b 4424 | 5044 8b4c | 2458 33ff | 33f6 33c9 | 4533 d24c 

  0x0000019007c584ec: ;   {optimized virtual_call}
  0x0000019007c584ec: 8914 24e8 

  0x0000019007c584f0: ; ImmutableOopMap {rbp=NarrowOop [32]=Oop [40]=Oop [48]=NarrowOop [72]=Oop [80]=Oop [96]=Oop }
                      ;*invokevirtual acquire {reexecute=0 rethrow=0 return_oop=0}
                      ; - java.util.concurrent.locks.AbstractQueuedSynchronizer::reacquire@7 (line 668)
                      ; - java.util.concurrent.locks.AbstractQueuedSynchronizer$ConditionObject::await@148 (line 1763)
                      ; - java.awt.EventQueue::getNextEvent@52 (line 552)
                      ; - java.awt.EventDispatchThread::pumpOneEventForFilters@20 (line 190)
  0x0000019007c584f0: 1ce7 0700 

  0x0000019007c584f4: ;   {post_call_nop}
  0x0000019007c584f4: 0f1f 8400 | ec05 0002 | 448b 5c24 | 3043 8b6c | dc2c 458b 

  0x0000019007c58508: ;   {metadata('java/util/concurrent/locks/ReentrantLock')}
  0x0000019007c58508: 54ec 0841 | 81fa 8894 | 1d00 0f85 | 3c5a 0000 | 4d8d 14ec | 458b 520c 

  0x0000019007c58520: ; implicit exception: dispatches to 0x0000019007c61b00
  0x0000019007c58520: 438b 4cd4 | 1843 8b6c | d40c 4c8b | dd49 c1e3 | 034c 8b44 | 2460 4d3b | d80f 8549 | 6900 0083 
  0x0000019007c58540: f901 7516 | 4833 ff4f | 8d4c d40c | 4180 7f48 | 000f 85fe | b000 0041 | 8939 448d | 41ff 4789 
  0x0000019007c58560: 44d4 18f0 | 8344 24c0 | 0083 f901 | 7518 478b | 5cd4 1045 | 85db 740e | 478b 44dc | 1445 85c0 
  0x0000019007c58580: 0f85 1740 | 0000 448b | 5424 3047 | 8b54 d444 | 4585 d20f | 84b3 5700 | 004b 8d14 

  0x0000019007c5859c: ;   {oop("PostEventQueue"{0x0000000708628478})}
  0x0000019007c5859c: d449 b878 | 8462 0807 

  0x0000019007c585a4: ;   {optimized virtual_call}
  0x0000019007c585a4: 0000 00e8 

  0x0000019007c585a8: ; ImmutableOopMap {[32]=Oop [40]=Oop [48]=NarrowOop [96]=Oop }
                      ;*invokevirtual get {reexecute=0 rethrow=0 return_oop=1}
                      ; - sun.awt.SunToolkit::flushPendingEvents@3 (line 501)
                      ; - java.awt.EventQueue::getNextEvent@4 (line 544)
                      ; - java.awt.EventDispatchThread::pumpOneEventForFilters@20 (line 190)
  0x0000019007c585a8: e4d6 f2ff 

  0x0000019007c585ac: ;   {post_call_nop}
  0x0000019007c585ac: 0f1f 8400 | a406 0003 

  0x0000019007c585b4: ; implicit exception: dispatches to 0x0000019007c61b14
  0x0000019007c585b4: 448b 5808 

  0x0000019007c585b8: ;   {metadata('sun/awt/PostEventQueue')}
  0x0000019007c585b8: 4181 fbc8 | 730f 010f | 856f 8b00 | 0048 8944 | 2438 4c8b | 5c24 3848 | 8d9c 24d0 | 0000 004d 
  0x0000019007c585d8: 8b13 418b | 9fd8 0600 | 0041 f6c2 | 020f 8537 | 0000 0081 | fb27 0700 | 000f 8f4b | 0000 004d 
  0x0000019007c585f8: 3b5c 1ff8 | 7416 498b | c248 83c8 | 0149 83e2 | fef0 4d0f | b113 0f85 | 2e00 0000 | 4d89 1c1f 
  0x0000019007c58618: 4183 87d8 | 0600 0008 | eb1e 4833 | c049 8b9f | c804 0000 | f049 0fb1 | 5a3e 740c | 483b d875 
  0x0000019007c58638: 0949 ff82 | 8600 0000 | 33c0 0f85 | 2859 0000 | 4c8b 5424 | 3845 8b5a | 184d 8bd3 | 49c1 e203 
  0x0000019007c58658: 4c8b 4424 | 604d 3bc2 | 0f84 3f03 | 0000 4585 | db0f 85e1 | 5200 004c | 8b54 2438 | 418b 7a0c 
  0x0000019007c58678: 85ff 0f84 | 2401 0000 | 4c8b 4c24 | 3848 8b4c | 2460 4d8d | 5918 4180 | 7f48 000f | 8538 b000 
  0x0000019007c58698: 004c 8bc1 | 49c1 e803 | 4589 034d | 8bd3 4c33 | d149 c1ea | 150f 841e | 0000 004d 

  0x0000019007c586b4: ;   {other}
  0x0000019007c586b4: 8bd3 49c1 | ea09 49b8 | 00a0 bf70 | 9001 0000 | 4d03 d041 | 803a 020f | 857c b000 | 0048 8b74 
  0x0000019007c586d4: 2438 4d33 | db48 8d5e | 1041 807f | 4800 0f85 | d0b0 0000 | 4489 1b48 | 33c9 4c8d | 460c 4180 
  0x0000019007c586f4: 7f48 000f | 8547 b100 | 0041 8908 | 488d 8424 | d000 0000 | 418b 87d8 | 0600 0048 | 8b16 493b 
  0x0000019007c58714: 7407 f80f | 852e 0000 | 0041 83af | d806 0000 | 0849 3b74 | 07f0 0f84 | 5e00 0000 | 488b c248 
  0x0000019007c58734: 83e0 fc48 | 83ca 01f0 | 480f b116 | 0f85 01e1 | 0000 e943 | 0000 0048 | 83ba 8600 | 0000 0075 
  0x0000019007c58754: 3248 c742 | 3e00 0000 | 00f0 8344 | 24c0 0048 | 83ba 8e00 | 0000 0074 | 2148 83ba | 9e00 0000 
  0x0000019007c58774: 0075 1748 | 83e2 fd49 | 8997 e805 | 0000 83ca | 01eb 0948 | ff8a 8600 | 0000 33d2 | 0f85 5e71 
  0x0000019007c58794: 0000 4d8d | 14fc 4c89 | 5424 40e9 | c42c 0000 | 4c8b 5c24 | 3848 8d84 | 24d0 0000 | 0041 8b87 
  0x0000019007c587b4: ;   {other}
  0x0000019007c587b4: d806 0000 | 4d8b 134d | 3b5c 07f8 | 0f85 2e00 | 0000 4183 | afd8 0600 | 0008 4d3b | 5c07 f00f 
  0x0000019007c587d4: 845f 0000 | 0049 8bc2 | 4883 e0fc | 4983 ca01 | f04d 0fb1 | 130f 854b | e000 00e9 | 4400 0000 
  0x0000019007c587f4: 4983 ba86 | 0000 0000 | 7533 49c7 | 423e 0000 | 0000 f083 | 4424 c000 | 4983 ba8e | 0000 0000 
  0x0000019007c58814: 7422 4983 | ba9e 0000 | 0000 7518 | 4983 e2fd | 4d89 97e8 | 0500 0041 | 83ca 01eb | 0a49 ff8a 
  0x0000019007c58834: 8600 0000 | 4533 d20f | 8401 0200 | 0049 8bcb | 488d 9424 | d000 0000 

  0x0000019007c5884c: ;   {runtime_call}
  0x0000019007c5884c: 4d8b c749 | ba80 a387 | 9df9 7f00 | 0041 ffd2 

  0x0000019007c5885c: ;   {post_call_nop}
  0x0000019007c5885c: 0f1f 8400 | 0000 0000 | e9d9 0100 | 004c 8b5c | 2438 488d | 8424 d000 | 0000 418b | 87d8 0600 
  0x0000019007c5887c: 004d 8b13 | 4d3b 5c07 | f80f 852e | 0000 0041 | 83af d806 | 0000 084d | 3b5c 07f0 | 0f84 5f00 
  0x0000019007c5889c: 0000 498b | c248 83e0 | fc49 83ca | 01f0 4d0f | b113 0f85 | 79df 0000 | e944 0000 | 0049 83ba 
  0x0000019007c588bc: 8600 0000 | 0075 3349 | c742 3e00 | 0000 00f0 | 8344 24c0 | 0049 83ba | 8e00 0000 | 0074 2249 
  0x0000019007c588dc: 83ba 9e00 | 0000 0075 | 1849 83e2 | fd4d 8997 | e805 0000 | 4183 ca01 | eb0a 49ff | 8a86 0000 
  0x0000019007c588fc: 0045 33d2 | 0f85 6662 | 0000 448b | 5424 3043 | 8b6c d42c 

  0x0000019007c58910: ; implicit exception: dispatches to 0x0000019007c61774
  0x0000019007c58910: 458b 5cec 

  0x0000019007c58914: ;   {metadata('java/util/concurrent/locks/ReentrantLock')}
  0x0000019007c58914: 0841 81fb | 8894 1d00 | 0f85 d351 | 0000 4d8d | 14ec 458b | 520c 4585 | d20f 8445 | 5100 0033 
  0x0000019007c58934: c041 b801 | 0000 00f0 | 470f b144 | d418 410f | 94c0 450f | b6c0 4585 | c00f 8475 | 3d00 0048 
  0x0000019007c58954: 8b4c 2460 | 4f8d 5cd4 | 0c41 807f | 4800 0f85 | 62af 0000 | 4c8b c949 | c1e9 0345 | 890b 4d8b 
  0x0000019007c58974: c34c 33c1 | 49c1 e815 | 0f84 1e00 | 0000 4d8b | c349 c1e8 | 0949 b900 | a0bf 7090 | 0100 004d 
  0x0000019007c58994: 03c1 4180 | 3802 0f85 | 92af 0000 | e9cb 0000 | 004c 8b5c | 2438 488d | 8424 d000 | 0000 418b 
  0x0000019007c589b4: 87d8 0600 | 004d 8b13 | 4d3b 5c07 | f80f 852e | 0000 0041 | 83af d806 | 0000 084d | 3b5c 07f0 
  0x0000019007c589d4: 0f84 5f00 | 0000 498b | c248 83e0 | fc49 83ca | 01f0 4d0f | b113 0f85 | 30de 0000 | e944 0000 
  0x0000019007c589f4: 0049 83ba | 8600 0000 | 0075 3349 | c742 3e00 | 0000 00f0 | 8344 24c0 | 0049 83ba | 8e00 0000 
  0x0000019007c58a14: ;   {other}
  0x0000019007c58a14: 0074 2249 | 83ba 9e00 | 0000 0075 | 1849 83e2 | fd4d 8997 | e805 0000 | 4183 ca01 | eb0a 49ff 
  0x0000019007c58a34: 8a86 0000 | 0045 33d2 | 0f85 326d | 0000 448b | 5424 3043 | 8b6c d42c 

  0x0000019007c58a4c: ; implicit exception: dispatches to 0x0000019007c61b28
  0x0000019007c58a4c: 458b 54ec 

  0x0000019007c58a50: ;   {metadata('java/util/concurrent/locks/ReentrantLock')}
  0x0000019007c58a50: 0841 81fa | 8894 1d00 | 0f85 2f55 | 0000 498d 

  0x0000019007c58a60: ;   {optimized virtual_call}
  0x0000019007c58a60: 14ec 90e8 

  0x0000019007c58a64: ; ImmutableOopMap {[32]=Oop [40]=Oop [48]=NarrowOop [96]=Oop }
                      ;*invokeinterface lock {reexecute=0 rethrow=0 return_oop=0}
                      ; - java.awt.EventQueue::getNextEvent@11 (line 545)
                      ; - java.awt.EventDispatchThread::pumpOneEventForFilters@20 (line 190)
  0x0000019007c58a64: 28fc f5ff 

  0x0000019007c58a68: ;   {post_call_nop}
  0x0000019007c58a68: 0f1f 8400 | 600b 0004 | 448b 5424 | 3047 8b5c | d420 478b | 54dc 0c41 | 83fa 010f | 86a2 4f00 
  0x0000019007c58a88: 0041 83fa | 030f 8698 | 4f00 0043 | 8b4c dc1c 

  0x0000019007c58a98: ; implicit exception: dispatches to 0x0000019007c615cc
  0x0000019007c58a98: 458b 4ccc | 0c45 85c9 | 0f84 5d02 | 0000 4d8d | 14cc 478b | 5ccc 1045 | 85db 7514 | 4833 d249 
  0x0000019007c58ab8: 8d5a 1041 | 807f 4800 | 0f85 c3ae | 0000 8913 | 478b 44cc | 0c44 8944 | 2434 498d | 5a0c 4180 
  0x0000019007c58ad8: 7f48 000f | 8520 af00 | 0044 891b | 458b c349 | c1e0 0348 | 8bcb 4933 | c848 c1e9 | 150f 8427 
  0x0000019007c58af8: 0000 0049 | 83f8 000f | 841d 0000 | 0048 8bcb | 48c1 e909 | 49b8 00a0 | bf70 9001 | 0000 4903 
  0x0000019007c58b18: c880 3902 | 0f85 47af | 0000 448b | 5c24 3447 | 8b54 dc14 | 478b 44dc | 0844 8944 | 2438 4181 
  0x0000019007c58b38: faf7 0100 | 0075 0841 | ba02 0000 | 00eb 3941 | 81fa fa01 | 0000 0f84 | 7d37 0000 | 458d 8206 
  0x0000019007c58b58: feff ff41 | 81f8 2801 | 0000 0f82 

  0x0000019007c58b64: ;   {other}
  0x0000019007c58b64: 7142 0000 | 448b 5c24 

  0x0000019007c58b6c: ;   {metadata('sun/awt/PeerEvent')}
  0x0000019007c58b6c: 3841 81fb | 501e 1301 | 0f85 a73a | 0000 41ba | 0400 0000 | 4183 faff | 745c 448b | 4424 3447 
  0x0000019007c58b8c: 8b44 c40c 

  0x0000019007c58b90: ; implicit exception: dispatches to 0x0000019007c61fc0
  0x0000019007c58b90: 478b 5cc4 | 08b9 0000 | 0089 4903 | cb4c 8b59 

  0x0000019007c58ba0: ;   {metadata('java/awt/Component')}
  0x0000019007c58ba0: 3848 b980 | 3288 0f90 | 0100 004c | 3bd9 7532 | 4f8d 1cc4 | 418b abc0 | 0000 0045 | 8b5c ec0c 
  0x0000019007c58bc0: 453b d30f | 83e7 5e00 | 004d 8d1c | ec48 33db | 4b8d 4c93 | 1041 807f | 4800 0f85 | e5ae 0000 
  0x0000019007c58be0: 8919 448b | 5424 3043 | 8b6c d42c 

  0x0000019007c58bec: ; implicit exception: dispatches to 0x0000019007c6179c
  0x0000019007c58bec: 458b 54ec 

  0x0000019007c58bf0: ;   {metadata('java/util/concurrent/locks/ReentrantLock')}
  0x0000019007c58bf0: 0841 81fa | 8894 1d00 | 0f85 164f | 0000 4d8d | 14ec 458b | 520c 438b | 5cd4 1843 | 8b6c d40c 
  0x0000019007c58c10: 4c8b dd49 | c1e3 034c | 8b44 2460 | 4d3b d80f | 8567 5700 | 0083 fb01 | 7516 4833 | c94f 8d4c 
  0x0000019007c58c30: d40c 4180 | 7f48 000f | 85e6 ae00 | 0041 8909 | 448b 5c24 | 3449 c1e3 | 034c 895c | 2440 448d 
  0x0000019007c58c50: 5bff 4789 | 5cd4 18f0 | 8344 24c0 | 0083 fb01 | 7518 478b | 54d4 1045 | 85d2 740e | 478b 44d4 
  0x0000019007c58c70: 1445 85c0 | 0f85 d335 | 0000 488b | 5424 284c | 8b44 2440 

  0x0000019007c58c84: ;   {optimized virtual_call}
  0x0000019007c58c84: 6666 90e8 

  0x0000019007c58c88: ; ImmutableOopMap {[32]=Oop [40]=Oop [48]=NarrowOop [52]=NarrowOop [64]=Oop [96]=Oop }
                      ;*invokevirtual filterAndCheckEvent {reexecute=0 rethrow=0 return_oop=0}
                      ; - java.awt.EventDispatchThread::pumpOneEventForFilters@35 (line 192)
  0x0000019007c58c88: 8446 fdff 

  0x0000019007c58c8c: ;   {post_call_nop}
  0x0000019007c58c8c: 0f1f 8400 | 840d 0005 | 85c0 0f84 | f44a 0000 

  0x0000019007c58c9c: ; ImmutableOopMap {[32]=Oop [40]=Oop [48]=NarrowOop [52]=NarrowOop [96]=Oop }
                      ;*ifeq {reexecute=1 rethrow=0 return_oop=0}
                      ; - (reexecute) java.awt.EventDispatchThread::pumpOneEventForFilters@48 (line 197)
  0x0000019007c58c9c: 4d8b 5730 

  0x0000019007c58ca0: ;   {poll}
  0x0000019007c58ca0: 4185 0285 | c00f 84a9 

  0x0000019007c58ca8: ;   {oop(a 'sun/util/logging/PlatformLogger$Level'{0x00000007088a5678})}
  0x0000019007c58ca8: f3ff ff49 | b878 568a | 0807 0000 

  0x0000019007c58cb4: ;   {oop(a 'sun/util/logging/PlatformLogger'{0x00000007088a58b8})}
  0x0000019007c58cb4: 0048 bab8 | 588a 0807 

  0x0000019007c58cbc: ;   {optimized virtual_call}
  0x0000019007c58cbc: 0000 00e8 

  0x0000019007c58cc0: ; ImmutableOopMap {[32]=Oop [40]=Oop [48]=NarrowOop [52]=NarrowOop }
                      ;*invokevirtual isLoggable {reexecute=0 rethrow=0 return_oop=0}
                      ; - java.awt.EventDispatchThread::pumpOneEventForFilters@57 (line 199)
  0x0000019007c58cc0: 4cc5 f6ff 

  0x0000019007c58cc4: ;   {post_call_nop}
  0x0000019007c58cc4: 0f1f 8400 | bc0d 0007 | 85c0 0f85 | ec56 0000 | 448b 5424 | 344f 8d04 | d448 8b54 

  0x0000019007c58ce0: ;   {optimized virtual_call}
  0x0000019007c58ce0: 2420 90e8 

  0x0000019007c58ce4: ; ImmutableOopMap {[40]=Oop }
                      ;*invokevirtual dispatchEvent {reexecute=0 rethrow=0 return_oop=0}
                      ; - java.awt.EventDispatchThread::pumpOneEventForFilters@81 (line 203)
  0x0000019007c58ce4: 28a0 fcff 

  0x0000019007c58ce8: ;   {post_call_nop}
  0x0000019007c58ce8: 0f1f 8400 | e00d 0008 | 4881 c4f0 | 0000 005d 

  0x0000019007c58cf8: ;   {poll_return}
  0x0000019007c58cf8: 493b 6728 | 0f87 08db | 0000 c341 | 83fa 020f | 8637 4d00 | 0047 8b54 | dc18 478b | 4cd4 0c45 
  0x0000019007c58d18: 85c9 7409 | 49c1 e203 | e985 fdff | ff47 8b54 | dc14 478b | 4cd4 0c45 | 85c9 7409 | 49c1 e203 
  0x0000019007c58d38: e96d fdff | ff47 8b54 | dc10 478b | 4cd4 0c45 | 85c9 7409 | 49c1 e203 | e955 fdff | ff44 8b5c 
  0x0000019007c58d58: 2430 478b | 54dc 3444 | 8954 2434 | 4585 d20f | 847b 6000 

  0x0000019007c58d6c: ;   {oop(a 'sun/awt/AWTAutoShutdown'{0x000000070863a018})}
  0x0000019007c58d6c: 0041 bb03 | 740c e147 | 8b5c dc14 | 4489 5c24 | 3845 85db | 0f84 164f | 0000 4f8d | 14dc 4c89 
  0x0000019007c58d8c: 5424 4044 | 8b54 2434 | 49c1 e203 | 4c89 5424 | 484c 8b5c | 2440 488d | 9c24 d000 | 0000 4d8b 
  0x0000019007c58dac: 1341 8b9f | d806 0000 | 41f6 c202 | 0f85 3700 | 0000 81fb | 2707 0000 | 0f8f 4b00 | 0000 4d3b 
  0x0000019007c58dcc: 5c1f f874 | 1649 8bc2 | 4883 c801 | 4983 e2fe | f04d 0fb1 | 130f 852e | 0000 004d | 891c 1f41 
  0x0000019007c58dec: 8387 d806 | 0000 08eb | 1e48 33c0 | 498b 9fc8 | 0400 00f0 | 490f b15a | 3e74 0c48 | 3bd8 7509 
  0x0000019007c58e0c: 49ff 8286 | 0000 0033 | c00f 8545 

  0x0000019007c58e18: ;   {oop(a 'sun/awt/AWTAutoShutdown'{0x000000070863a018})}
  0x0000019007c58e18: 4f00 0041 | bb03 740c | e147 8b54 | dc10 4489 | 5424 3c45 | 85d2 0f84 | 804e 0000 | 49c1 e203 
  0x0000019007c58e38: 4c89 5424 | 504c 8b5c | 2450 488d | 9c24 d800 | 0000 4d8b | 1341 8b9f | d806 0000 | 41f6 c202 
  0x0000019007c58e58: 0f85 3700 | 0000 81fb | 2707 0000 | 0f8f 4b00 | 0000 4d3b | 5c1f f874 | 1649 8bc2 | 4883 c801 
  0x0000019007c58e78: 4983 e2fe | f04d 0fb1 | 130f 852e | 0000 004d | 891c 1f41 | 8387 d806 | 0000 08eb | 1e48 33c0 
  0x0000019007c58e98: 498b 9fc8 | 0400 00f0 | 490f b15a | 3e74 0c48 | 3bd8 7509 | 49ff 8286 | 0000 0033 | c00f 85c2 
  0x0000019007c58eb8: ;   {oop(a 'sun/awt/AWTAutoShutdown'{0x000000070863a018})}
  0x0000019007c58eb8: 4e00 0041 | ba03 740c | e143 8b6c | d418 458b 

  0x0000019007c58ec8: ;   {metadata('java/util/HashSet')}
  0x0000019007c58ec8: 54ec 0841 | 81fa 7068 | 2300 0f85 | c54e 0000 | 4d8d 14ec | 458b 5a0c | 4489 5c24 | 5847 8b54 
  0x0000019007c58ee8: dc08 4489 | 5424 5c4c | 8b54 2448 | 4d8b 124b | 8d2c dc4d | 8bda 4983 | e303 4983 | fb02 0f84 
  0x0000019007c58f08: 5247 0000 | 49c1 ea0b | 418b c225 | ffff ff7f | 0f84 4047 | 0000 448b | 5c24 5847 | 8b44 dc14 
  0x0000019007c58f28: ; implicit exception: dispatches to 0x0000019007c62138
  0x0000019007c58f28: 438b 4cc4 | 0c85 c90f | 865f 5c00 | 00ff c94b | 8d1c c444 | 8bc8 41c1 | e910 4433 | c841 23c9 
  0x0000019007c58f48: 448b 5c8b | 1047 8b54 | dc0c 438b | 54dc 084b | 8d3c dc45 | 3bd1 0f85 | e93b 0000 | 438b 74dc 
  0x0000019007c58f68: 1044 8b54 | 2434 413b | f20f 859d 

  0x0000019007c58f74: ;   {metadata('java/util/HashMap$Node')}
  0x0000019007c58f74: 3300 0081 | faa8 c22c | 000f 8539 | 8100 0048 | 8bd7 4533 | d24c 8954 | 2470 4c8b | df8b 6f18 
  0x0000019007c58f94: 483b fa0f | 8588 3c00 | 0047 8b4c 

  0x0000019007c58fa0: ;   {metadata('java/util/HashMap$Node'[])}
  0x0000019007c58fa0: c408 4181 | f9a0 c02c | 000f 85fd | 4f00 004c | 8d4c 8b10 | 4180 7f48 | 000f 85d6 | ab00 0041 
  0x0000019007c58fc0: 8929 8bfd | 48c1 e703 | 4d8b c14c | 33c7 49c1 | e815 0f84 | 2800 0000 | 4883 ff00 | 0f84 1e00 
  0x0000019007c58fe0: 0000 4d8b | c149 c1e8 | 0948 bf00 | a0bf 7090 | 0100 004c | 03c7 4180 | 3802 0f85 | fdab 0000 
  0x0000019007c59000: 448b 5424 | 5847 8b44 | d41c 41ff | c847 8944 | d41c 478b | 44d4 2041 | ffc0 4789 | 44d4 2044 
  0x0000019007c59020: 8b54 245c 

  0x0000019007c59024: ;   {metadata('java/util/HashMap')}
  0x0000019007c59024: 4181 fae0 | 1320 000f | 859b 4d00 | 0045 8b53 

  0x0000019007c59034: ;   {oop(a 'java/lang/Object'{0x0000000708613760})}
  0x0000019007c59034: 1441 81fa | ec26 0ce1 | 0f85 ab5b 

  0x0000019007c59040: ;   {oop(a 'sun/awt/AWTAutoShutdown'{0x000000070863a018})}
  0x0000019007c59040: 0000 41bb | 0374 0ce1 | 470f b654 | dc0c 4585 

  0x0000019007c59050: ;   {oop(a 'sun/awt/AWTAutoShutdown'{0x000000070863a018})}
  0x0000019007c59050: d275 2e41 | ba03 740c | e143 8b6c | d41c 458b 

  0x0000019007c59060: ;   {metadata('java/util/IdentityHashMap')}
  0x0000019007c59060: 54ec 0841 | 81fa c878 | 2500 0f85 | 784f 0000 | 4d8d 14ec | 458b 5a1c | 4585 db0f | 84bc 3e00 
  0x0000019007c59080: 004c 8b5c | 2450 488d | 8424 d800 | 0000 418b | 87d8 0600 | 004d 8b13 | 4d3b 5c07 | f80f 852e 
  0x0000019007c590a0: 0000 0041 | 83af d806 | 0000 084d | 3b5c 07f0 | 0f84 5f00 | 0000 498b | c248 83e0 | fc49 83ca 
  0x0000019007c590c0: 01f0 4d0f | b113 0f85 | 31d7 0000 | e944 0000 | 0049 83ba | 8600 0000 | 0075 3349 | c742 3e00 
  0x0000019007c590e0: 0000 00f0 | 8344 24c0 | 0049 83ba | 8e00 0000 | 0074 2249 | 83ba 9e00 | 0000 0075 | 1849 83e2 
  0x0000019007c59100: fd4d 8997 | e805 0000 | 4183 ca01 | eb0a 49ff | 8a86 0000 | 0045 33d2 | 0f85 024d | 0000 4c8b 
  0x0000019007c59120: 5c24 4048 | 8d84 24d0 | 0000 0041 | 8b87 d806 | 0000 4d8b | 134d 3b5c | 07f8 0f85 | 2e00 0000 
  0x0000019007c59140: 4183 afd8 | 0600 0008 | 4d3b 5c07 | f00f 845f | 0000 0049 | 8bc2 4883 | e0fc 4983 | ca01 f04d 
  0x0000019007c59160: ;   {other}
  0x0000019007c59160: 0fb1 130f | 8587 d600 | 00e9 4400 | 0000 4983 | ba86 0000 | 0000 7533 | 49c7 423e | 0000 0000 
  0x0000019007c59180: f083 4424 | c000 4983 | ba8e 0000 | 0000 7422 | 4983 ba9e | 0000 0000 | 7518 4983 | e2fd 4d89 
  0x0000019007c591a0: 97e8 0500 | 0041 83ca | 01eb 0a49 | ff8a 8600 | 0000 4533 | d20f 858d | 4c00 0044 | 8b54 2430 
  0x0000019007c591c0: 438b 6cd4 | 3045 8b5c 

  0x0000019007c591c8: ;   {metadata('java/util/concurrent/locks/AbstractQueuedSynchronizer$ConditionObject')}
  0x0000019007c591c8: ec08 4181 | fbd0 f800 | 010f 8599 | 4c00 004d | 8d14 ec4c | 8954 2448 | 4c8b 5424 | 6041 0fb6 
  0x0000019007c591e8: 6a3a 85ed | 0f85 125c | 0000 4c8b | 5424 4841 | 8b6a 1485 | ed0f 84ed | 4a00 0045 | 3b64 ec14 
  0x0000019007c59208: 0f84 8640 | 0000 498b | 87c8 0100 | 004c 8bd0 | 4983 c220 | 4d3b 97d8 | 0100 000f | 83d7 4600 
  0x0000019007c59228: 004d 8997 | c801 0000 | 410f 0d8a | c000 0000 | 48c7 0001 

  0x0000019007c5923c: ;   {metadata('java/util/concurrent/locks/AbstractQueuedSynchronizer$ConditionNode')}
  0x0000019007c5923c: 0000 00c7 | 4008 c0f7 | 0d01 4489 | 600c 4c89 | 6010 4c89 | 6018 4c8b | d04c 8954 | 2450 4c8b 
  0x0000019007c5925c: 5424 4845 | 8b52 1447 | 8b5c d408 

  0x0000019007c59268: ;   {metadata('java/util/concurrent/locks/ReentrantLock$NonfairSync')}
  0x0000019007c59268: 4181 fb50 | 152d 000f | 8517 4c00 | 004f 8d1c | d441 8b6b | 0c4c 8bdd | 49c1 e303 | 4c8b 4424 
  0x0000019007c59288: 604d 3bd8 | 0f85 b259 | 0000 4c8b | 5c24 5041 | c743 0c03 | 0000 004c | 8b5c 2448 | 418b 6b10 
  0x0000019007c592a8: 488b 4c24 | 5048 8b5c | 2460 4c8d | 4918 4c8b | c349 c1e8 | 0345 8901 | 85ed 0f85 | c059 0000 
  0x0000019007c592c8: 478b 5cd4 | 1844 895c | 2458 488b | 5c24 4848 | 8b7c 2450 | 488d 4b10 | 4180 7f48 | 000f 8573 
  0x0000019007c592e8: a900 004c | 8bcf 49c1 | e903 4489 | 094c 8bc1 | 4c33 c749 | c1e8 150f | 841e 0000 | 004c 8bc1 
  0x0000019007c59308: 49c1 e809 | 49b9 00a0 | bf70 9001 | 0000 4d03 | c141 8038 | 020f 85b7 | a900 004c | 8d53 0c41 
  0x0000019007c59328: 807f 4800 | 0f85 1daa | 0000 4c8b | df49 c1eb | 0345 891a | 4d8b c24c | 33c7 49c1 | e815 0f84 
  0x0000019007c59348: 1e00 0000 | 4d8b c249 | c1e8 0949 | bb00 a0bf | 7090 0100 | 004d 03c3 | 4180 3802 

  0x0000019007c59364: ;   {other}
  0x0000019007c59364: 0f85 4daa | 0000 8b6b | 1445 8b5c 

  0x0000019007c59370: ;   {metadata('java/util/concurrent/locks/ReentrantLock$NonfairSync')}
  0x0000019007c59370: ec08 4181 | fb50 152d | 000f 8551 | 4b00 004d | 8d0c ec41 | 8b49 1841 | 8b69 0c4c | 8bd5 49c1 
  0x0000019007c59390: e203 4c8b | 5c24 604d | 3bd3 0f85 | 945a 0000 | 3b4c 2458 | 7515 4833 | ff4d 8d51 | 0c41 807f 
  0x0000019007c593b0: 4800 0f85 | 60aa 0000 | 4189 3a44 | 8bd1 442b | 5424 5845 | 8951 18f0 | 8344 24c0 | 003b 4c24 
  0x0000019007c593d0: 580f 8549 | 4b00 0045 | 8b51 1045 | 85d2 740e | 478b 44d4 | 1445 85c0 | 0f85 2b31 | 0000 4c8b 
  0x0000019007c593f0: 4c24 6048 | 8b4c 2448 | 4d8d 4158 | 4180 7f48 | 000f 858d | aa00 004c | 8bd9 49c1 | eb03 4589 
  0x0000019007c59410: 184d 8bd0 | 4c33 d149 | c1ea 150f | 841e 0000 | 004d 8bd0 | 49c1 ea09 | 49bb 00a0 | bf70 9001 
  0x0000019007c59430: 0000 4d03 | d341 803a | 020f 85c7 | aa00 004c | 8b54 2450 | 458b 5210 | 4585 d274 | 5b43 8b6c 
  0x0000019007c59450: d414 4c8b | d549 c1e2 | 034c 8b5c | 2450 4d3b | d30f 8439 | f0ff ffba | 45ff ffff | 48ff 7424 
  0x0000019007c59470: ;   {other}
  0x0000019007c59470: 2848 8f44 | 2420 4889 | 4424 f88b | 4424 3089 | 4424 2c48 | 8b44 24f8 | 4889 4424 | f88b 4424 
  0x0000019007c59490: 5889 4424 | 4048 8b44 

  0x0000019007c59498: ;   {runtime_call UncommonTrapBlob}
  0x0000019007c59498: 24f8 90e8 

  0x0000019007c5949c: ; ImmutableOopMap {rbp=NarrowOop [32]=Oop [44]=NarrowOop [72]=Oop [80]=Oop }
                      ;*if_acmpeq {reexecute=1 rethrow=0 return_oop=0}
                      ; - (reexecute) java.util.concurrent.locks.AbstractQueuedSynchronizer$ConditionObject::canReacquire@18 (line 1631)
                      ; - java.util.concurrent.locks.AbstractQueuedSynchronizer$ConditionObject::await@44 (line 1743)
                      ; - java.awt.EventQueue::getNextEvent@52 (line 552)
                      ; - java.awt.EventDispatchThread::pumpOneEventForFilters@20 (line 190)
  0x0000019007c5949c: c066 9fff 

  0x0000019007c594a0: ;   {post_call_nop}
  0x0000019007c594a0: 0f1f 8400 | 9815 0009 | 458b 5108 

  0x0000019007c594ac: ;   {metadata('java/util/concurrent/ForkJoinWorkerThread')}
  0x0000019007c594ac: 4181 fa28 | 8f3f 000f | 842f 5600 | 0041 bb00 | 0000 894d | 03da 4d8b | 5340 4c89 | 5424 384c 
  0x0000019007c594cc: 8b54 2460 | 410f b66a | 3a85 ed0f | 8533 5500 | 004c 8b54 | 2450 418b | 6a0c 83e5 | 020f 8459 
  0x0000019007c594ec: 5500 0045 | 8b5a 0c41 | 83fb 010f | 8e4f 4600 | 004c 8b54 | 2460 410f | b66a 3a85 | ed0f 8569 
  0x0000019007c5950c: 5500 004c | 8b54 2450 | 458b 520c | 4183 fa01 | 0f8e 4bef | ffff 4c8b | 5424 6041 | 0fb6 6a3a 
  0x0000019007c5952c: 85ed 0f85 | 3c61 0000 | 4c8b 5424 

  0x0000019007c59538: ;   {metadata('java/lang/BaseVirtualThread')}
  0x0000019007c59538: 3849 bb40 | 3e1a 8900 | 0000 004d | 3bd3 0f84 | 0c4e 0000 | 0f1f 4000 

  0x0000019007c59550: ;   {oop(a 'jdk/internal/misc/Unsafe'{0x0000000708639d90})}
  0x0000019007c59550: 48ba 909d | 6308 0700 | 0000 4533 | c045 33c9 

  0x0000019007c59560: ;   {optimized virtual_call}
  0x0000019007c59560: 6666 90e8 

  0x0000019007c59564: ; ImmutableOopMap {[32]=Oop [40]=Oop [48]=NarrowOop [72]=Oop [80]=Oop [96]=Oop }
                      ;*invokevirtual park {reexecute=0 rethrow=0 return_oop=0}
                      ; - java.util.concurrent.locks.LockSupport::park@25 (line 369)
                      ; - java.util.concurrent.locks.AbstractQueuedSynchronizer$ConditionNode::block@7 (line 520)
                      ; - java.util.concurrent.ForkJoinPool::unmanagedBlock@15 (line 4364)
                      ; - java.util.concurrent.ForkJoinPool::managedBlock@32 (line 4310)
                      ; - java.util.concurrent.locks.AbstractQueuedSynchronizer$ConditionObject::await@107 (line 1752)
                      ; - java.awt.EventQueue::getNextEvent@52 (line 552)
                      ; - java.awt.EventDispatchThread::pumpOneEventForFilters@20 (line 190)
  0x0000019007c59564: a862 f1ff 

  0x0000019007c59568: ;   {post_call_nop}
  0x0000019007c59568: 0f1f 8400 | 6016 000a | 4c8b 5424 | 5045 8b5a | 0c4d 8b57 

  0x0000019007c5957c: ; ImmutableOopMap {[32]=Oop [40]=Oop [48]=NarrowOop [72]=Oop [80]=Oop [96]=Oop }
                      ;*goto {reexecute=1 rethrow=0 return_oop=0}
                      ; - (reexecute) java.util.concurrent.locks.AbstractQueuedSynchronizer$ConditionNode::block@10 (line 520)
                      ; - java.util.concurrent.ForkJoinPool::unmanagedBlock@15 (line 4364)
                      ; - java.util.concurrent.ForkJoinPool::managedBlock@32 (line 4310)
                      ; - java.util.concurrent.locks.AbstractQueuedSynchronizer$ConditionObject::await@107 (line 1752)
                      ; - java.awt.EventQueue::getNextEvent@52 (line 552)
                      ; - java.awt.EventDispatchThread::pumpOneEventForFilters@20 (line 190)
                      ;   {poll}
  0x0000019007c5957c: 3041 8502 | 4183 fb01 | 0f8e e3ee | ffff 4c8b | 5424 6041 | 0fb6 6a3a | 85ed 74b8 | ba45 ffff 
  0x0000019007c5959c: ff48 ff74 | 2428 488f | 4424 2048 | 8944 24f8 | 8b44 2430 | 8944 242c | 488b 4424 | f848 ff74 
  0x0000019007c595bc: 2448 488f 

  0x0000019007c595c0: ;   {runtime_call UncommonTrapBlob}
  0x0000019007c595c0: 4424 30e8 

  0x0000019007c595c4: ; ImmutableOopMap {[32]=Oop [44]=NarrowOop [48]=Oop [80]=Oop }
                      ;*ifeq {reexecute=1 rethrow=0 return_oop=0}
                      ; - (reexecute) java.util.concurrent.locks.AbstractQueuedSynchronizer$ConditionNode::isReleasable@14 (line 516)
                      ; - java.util.concurrent.locks.AbstractQueuedSynchronizer$ConditionNode::block@1 (line 520)
                      ; - java.util.concurrent.ForkJoinPool::unmanagedBlock@15 (line 4364)
                      ; - java.util.concurrent.ForkJoinPool::managedBlock@32 (line 4310)
                      ; - java.util.concurrent.locks.AbstractQueuedSynchronizer$ConditionObject::await@107 (line 1752)
                      ; - java.awt.EventQueue::getNextEvent@52 (line 552)
                      ; - java.awt.EventDispatchThread::pumpOneEventForFilters@20 (line 190)
  0x0000019007c595c4: 9865 9fff 

  0x0000019007c595c8: ;   {post_call_nop}
  0x0000019007c595c8: 0f1f 8400 | c016 000c | 4c8b 5c24 | 5848 8d84 | 24d0 0000 | 0041 8b87 | d806 0000 | 4d8b 134d 
  0x0000019007c595e8: 3b5c 07f8 | 0f85 2e00 | 0000 4183 | afd8 0600 | 0008 4d3b | 5c07 f00f | 845f 0000 | 0049 8bc2 
  0x0000019007c59608: 4883 e0fc | 4983 ca01 | f04d 0fb1 | 130f 85c8 | d100 00e9 | 4400 0000 | 4983 ba86 | 0000 0000 
  0x0000019007c59628: 7533 49c7 | 423e 0000 | 0000 f083 | 4424 c000 | 4983 ba8e | 0000 0000 | 7422 4983 | ba9e 0000 
  0x0000019007c59648: 0000 7518 | 4983 e2fd | 4d89 97e8 | 0500 0041 | 83ca 01eb | 0a49 ff8a | 8600 0000 | 4533 d20f 
  0x0000019007c59668: 8577 6000 | 0044 8b54 | 2434 478b | 5cd4 0844 | 895c 244c | 43c6 44d4 | 1a01 448b | 5424 4843 
  0x0000019007c59688: 8b6c d42c 

  0x0000019007c5968c: ; implicit exception: dispatches to 0x0000019007c6186c
  0x0000019007c5968c: 458b 54ec 

  0x0000019007c59690: ;   {metadata('java/util/concurrent/locks/ReentrantLock')}
  0x0000019007c59690: 0841 81fa | 8894 1d00 | 0f85 9745 | 0000 4d8d | 14ec 458b | 520c 4585 | d20f 84fd | 4400 0033 
  0x0000019007c596b0: c041 b801 | 0000 00f0 | 470f b144 | d418 410f | 94c3 450f | b6db 448b | 4424 3449 | c1e0 034c 
  0x0000019007c596d0: 8944 2458 | 4585 db0f | 84c7 3200 | 0048 8b4c | 2460 4f8d | 44d4 0c41 | 807f 4800 | 0f85 75a8 
  0x0000019007c596f0: 0000 4c8b | c949 c1e9 | 0345 8908 | 4d8b d84c | 33d9 49c1 | eb15 0f84 | 1e00 0000 | 4d8b d849 
  0x0000019007c59710: c1eb 0949 | b900 a0bf | 7090 0100 | 004d 03d9 | 4180 3b02 | 0f85 a5a8 | 0000 448b | 5c24 4843 
  0x0000019007c59730: 8b6c dc24 | 85ed 0f85 | d555 0000 | 438b 6cdc | 3485 ed0f | 84f7 5500 | 0044 8b5c 

  0x0000019007c5974c: ;   {metadata('sun/awt/PeerEvent')}
  0x0000019007c5974c: 244c 4181 | fb50 1e13 | 010f 858e | 2b00 004c | 8b54 2458 | 4d8b 5240 | 41f6 c202 | 0f84 fe2b 
  0x0000019007c5976c: 0000 41ba | 0300 0000 | 4489 5424 | 7044 8b5c | 2434 478b | 54dc 0c47 | 8b44 d408 | 41bb 0000 
  0x0000019007c5978c: 0089 4d03 | d84d 8b5b 

  0x0000019007c59794: ;   {metadata('java/awt/Component')}
  0x0000019007c59794: 3849 b880 | 3288 0f90 | 0100 004d | 3bd8 7534 | 448b 5c24 

  0x0000019007c597a8: ;   {metadata('sun/awt/PeerEvent')}
  0x0000019007c597a8: 4c41 81fb | 501e 1301 | 0f85 742c | 0000 4c8b | 4424 5848 | 8b54 2450 

  0x0000019007c597c0: ;   {optimized virtual_call}
  0x0000019007c597c0: 6666 90e8 

  0x0000019007c597c4: ; ImmutableOopMap {[32]=Oop [40]=Oop [48]=NarrowOop [52]=NarrowOop [56]=Oop [64]=Oop [72]=NarrowOop [80]=Oop [88]=Oop [96]=Oop }
                      ;*invokevirtual coalescePeerEvent {reexecute=0 rethrow=0 return_oop=0}
                      ; - java.awt.EventQueue::coalesceEvent@24 (line 451)
                      ; - java.awt.EventQueue::postEvent@3 (line 323)
                      ; - java.awt.EventQueue::postEventPrivate@76 (line 288)
                      ; - java.awt.EventQueue::postEvent@9 (line 260)
                      ; - sun.awt.PostEventQueue::flush@87 (line 2068)
                      ; - sun.awt.SunToolkit::flushPendingEvents@15 (line 503)
                      ; - java.awt.EventQueue::getNextEvent@4 (line 544)
                      ; - java.awt.EventDispatchThread::pumpOneEventForFilters@20 (line 190)
  0x0000019007c597c4: 1856 92ff 

  0x0000019007c597c8: ;   {post_call_nop}
  0x0000019007c597c8: 0f1f 8400 | c018 000d | 85c0 0f85 | d05e 0000 | 4d8b 9fc8 | 0100 004d | 8bd3 4983 | c218 4d3b 
  0x0000019007c597e8: 97d8 0100 | 000f 83ec | 4000 004d | 8997 c801 | 0000 410f | 0d8a c000 | 0000 49c7 | 0301 0000 
  0x0000019007c59808: ;   {metadata('sun/awt/EventQueueItem')}
  0x0000019007c59808: 0041 c743 | 0808 2113 | 0145 8963 | 0c4d 8963 | 104c 895c | 2468 4d8b | d344 8b5c | 2434 4589 
  0x0000019007c59828: 5a0c 478b | 5cdc 1444 | 895c 2474 | 4181 fbf7 | 0100 0075 | 0841 ba02 | 0000 00eb | 3941 81fb 
  0x0000019007c59848: fa01 0000 | 0f84 da2d | 0000 458d | 9306 feff | ff41 81fa | 2801 0000 | 0f82 5e37 | 0000 448b 
  0x0000019007c59868: ;   {metadata('sun/awt/PeerEvent')}
  0x0000019007c59868: 5424 4c41 | 81fa 501e | 1301 0f85 | 4130 0000 | 41ba 0400 | 0000 4183 | faff 0f84 | b200 0000 
  0x0000019007c59888: 448b 5c24 | 3447 8b5c | dc0c 478b | 4cdc 0841 | b800 0000 | 894d 03c1 | 4d8b 4038 

  0x0000019007c598a4: ;   {metadata('java/awt/Component')}
  0x0000019007c598a4: 49b9 8032 | 880f 9001 | 0000 4d3b | c10f 8583 | 0000 004b | 8d2c dc44 | 8b85 c000 | 0000 4585 
  0x0000019007c598c4: c00f 84bd | 3a00 004d | 8bd8 49c1 | e303 4489 | 5424 4c45 | 8b43 0c44 | 8b54 244c | 453b d00f 
  0x0000019007c598e4: 8343 5d00 | 008b 5c24 | 4c48 8b4c | 2468 4d8d | 549b 1041 | 807f 4800 | 0f85 24a7 | 0000 4c8b 
  0x0000019007c59904: c949 c1e9 | 0345 890a | 4d8b c24c | 33c1 49c1 | e815 0f84 | 1e00 0000 | 4d8b c249 | c1e8 0949 
  0x0000019007c59924: b900 a0bf | 7090 0100 | 004d 03c1 | 4180 3802 | 0f85 54a7 | 0000 448b | 5424 4843 | 8b6c d40c 
  0x0000019007c59944: 448b 5c24 | 7444 3bdd | 0f84 1e54 | 0000 438b | 6cd4 2045 | 8b44 ec0c | 448b 5c24 | 7045 3bd8 
  0x0000019007c59964: 0f83 7642 | 0000 4d8d | 14ec 478b | 4c9a 1047 | 8b5c cc10 | 473b 64cc | 0c0f 8529 | 2800 0045 
  0x0000019007c59984: 85c0 0f86 | 7c47 0000 | 4183 f802 | 0f86 7247 | 0000 458b | 5cec 1045 | 85db 0f84 

  0x0000019007c599a0: ;   {other}
  0x0000019007c599a0: 7446 0000 | 473b 64dc | 0c0f 852f | 3800 0041 | 83f8 030f | 8697 4700 | 0045 8b5c | ec14 4585 
  0x0000019007c599c0: db0f 8451 | 4600 0047 | 3b64 dc0c | 0f85 0c38 | 0000 458b | 54ec 1845 | 85d2 0f84 | 3846 0000 
  0x0000019007c599e0: 473b 64d4 | 0c0f 85f3 | 3700 0045 | 8b5c ec1c | 4585 db0f | 841f 4600 | 0047 3b64 | dc0c 0f85 
  0x0000019007c59a00: da37 0000 | 448b 5c24 | 3443 8b6c | dc0c 488b | 7c24 684f | 8d44 cc10 | 4180 7f48 | 000f 85c2 
  0x0000019007c59a20: a600 0048 | 8bdf 48c1 | eb03 4189 | 184d 8bd0 | 4c33 d749 | c1ea 150f | 841e 0000 | 004d 8bd0 
  0x0000019007c59a40: 49c1 ea09 | 48bb 00a0 | bf70 9001 | 0000 4c03 | d341 803a | 020f 8510 | a700 004f | 8d54 cc0c 
  0x0000019007c59a60: 4180 7f48 | 000f 857f | a700 004c | 8bdf 49c1 | eb03 4589 | 1a49 8bca | 4833 cf48 | c1e9 150f 
  0x0000019007c59a80: 841d 0000 | 0049 8bca | 48c1 e909 | 49bb 00a0 | bf70 9001 | 0000 4903 | cb80 3902 | 0f85 b0a7 
  0x0000019007c59aa0: ;   {oop(a 'sun/awt/AWTAutoShutdown'{0x000000070863a018})}
  0x0000019007c59aa0: 0000 81fd | 0374 0ce1 | 0f84 f255 | 0000 448b | 5424 4847 | 8b54 d434 | 4489 5424 | 3445 85d2 
  0x0000019007c59ac0: 0f84 1256 

  0x0000019007c59ac4: ;   {oop(a 'sun/awt/AWTAutoShutdown'{0x000000070863a018})}
  0x0000019007c59ac4: 0000 41ba | 0374 0ce1 | 478b 5cd4 | 1444 895c | 244c 4585 | db0f 8479 | 4500 004f | 8d14 dc4c 
  0x0000019007c59ae4: 8954 2458 | 4c8b 5c24 | 5848 8d9c | 24d0 0000 | 004d 8b13 | 418b 9fd8 | 0600 0041 | f6c2 020f 
  0x0000019007c59b04: 8537 0000 | 0081 fb27 | 0700 000f | 8f4b 0000 | 004d 3b5c | 1ff8 7416 | 498b c248 | 83c8 0149 
  0x0000019007c59b24: 83e2 fef0 | 4d0f b113 | 0f85 2e00 | 0000 4d89 | 1c1f 4183 | 87d8 0600 | 0008 eb1e | 4833 c049 
  0x0000019007c59b44: 8b9f c804 | 0000 f049 | 0fb1 5a3e | 740c 483b | d875 0949 | ff82 8600 | 0000 33c0 | 0f85 3646 
  0x0000019007c59b64: ;   {oop(a 'sun/awt/AWTAutoShutdown'{0x000000070863a018})}
  0x0000019007c59b64: 0000 41bb | 0374 0ce1 | 478b 54dc | 1044 8954 | 2468 4585 | d20f 840d | 4500 0049 | c1e2 034c 
  0x0000019007c59b84: 8954 2470 | 4c8b 5c24 | 7048 8d9c | 24d8 0000 | 004d 8b13 | 418b 9fd8 | 0600 0041 | f6c2 020f 
  0x0000019007c59ba4: 8537 0000 | 0081 fb27 | 0700 000f | 8f4b 0000 | 004d 3b5c | 1ff8 7416 | 498b c248 | 83c8 0149 
  0x0000019007c59bc4: 83e2 fef0 | 4d0f b113 | 0f85 2e00 | 0000 4d89 | 1c1f 4183 | 87d8 0600 | 0008 eb1e | 4833 c049 
  0x0000019007c59be4: 8b9f c804 | 0000 f049 | 0fb1 5a3e | 740c 483b | d875 0949 | ff82 8600 | 0000 33c0 | 0f85 b345 
  0x0000019007c59c04: ;   {oop(a 'sun/awt/AWTAutoShutdown'{0x000000070863a018})}
  0x0000019007c59c04: 0000 41ba | 0374 0ce1 | 438b 6cd4 | 2085 ed0f | 84f3 5400 

  0x0000019007c59c18: ;   {oop(a 'sun/awt/AWTAutoShutdown'{0x000000070863a018})}
  0x0000019007c59c18: 0041 bb03 | 740c e147 | 8b44 dc18 | 470f b654 | dc0c 4585 | d20f 8544 

  0x0000019007c59c30: ;   {oop(a 'sun/awt/AWTAutoShutdown'{0x000000070863a018})}
  0x0000019007c59c30: 2a00 0041 | ba03 740c | e143 8b6c | d41c 458b 

  0x0000019007c59c40: ;   {metadata('java/util/IdentityHashMap')}
  0x0000019007c59c40: 54ec 0841 | 81fa c878 | 2500 0f85 | bc46 0000 | 4d8d 14ec | 458b 5a1c | 4585 db0f | 8478 3300 
  0x0000019007c59c60: 0045 85c0 | 0f84 162a | 0000 478b 

  0x0000019007c59c6c: ;   {metadata('java/util/HashSet')}
  0x0000019007c59c6c: 5cc4 0841 | 81fb 7068 | 2300 0f85 | 5d45 0000 | 4f8d 14c4 | 458b 520c | 4585 d20f | 8433 4400 
  0x0000019007c59c8c: 004b 8d14 | d444 8b5c | 2434 4f8d 

  0x0000019007c59c98: ;   {oop(a 'java/lang/Object'{0x0000000708613760})}
  0x0000019007c59c98: 04dc 49b9 | 6037 6108 | 0700 0000 

  0x0000019007c59ca4: ;   {optimized virtual_call}
  0x0000019007c59ca4: 6666 90e8 

  0x0000019007c59ca8: ; ImmutableOopMap {[32]=Oop [40]=Oop [48]=NarrowOop [56]=Oop [64]=Oop [72]=NarrowOop [76]=NarrowOop [80]=Oop [88]=Oop [96]=Oop [104]=NarrowOop [112]=Oop }
                      ;*invokevirtual put {reexecute=0 rethrow=0 return_oop=1}
                      ; - java.util.HashSet::add@8 (line 230)
                      ; - sun.awt.AWTAutoShutdown::notifyThreadBusy@57 (line 178)
                      ; - java.awt.EventQueue::postEvent@102 (line 339)
                      ; - java.awt.EventQueue::postEventPrivate@76 (line 288)
                      ; - java.awt.EventQueue::postEvent@9 (line 260)
                      ; - sun.awt.PostEventQueue::flush@87 (line 2068)
                      ; - sun.awt.SunToolkit::flushPendingEvents@15 (line 503)
                      ; - java.awt.EventQueue::getNextEvent@4 (line 544)
                      ; - java.awt.EventDispatchThread::pumpOneEventForFilters@20 (line 190)
  0x0000019007c59ca8: 6486 efff 

  0x0000019007c59cac: ;   {post_call_nop}
  0x0000019007c59cac: 0f1f 8400 | a41d 000e | 4c8b 5c24 | 7048 8d84 | 24d8 0000 | 0041 8b87 | d806 0000 | 4d8b 134d 
  0x0000019007c59ccc: 3b5c 07f8 | 0f85 2e00 | 0000 4183 | afd8 0600 | 0008 4d3b | 5c07 f00f | 845f 0000 | 0049 8bc2 
  0x0000019007c59cec: 4883 e0fc | 4983 ca01 | f04d 0fb1 | 130f 85d7 | ca00 00e9 | 4400 0000 | 4983 ba86 | 0000 0000 
  0x0000019007c59d0c: 7533 49c7 | 423e 0000 | 0000 f083 | 4424 c000 | 4983 ba8e | 0000 0000 | 7422 4983 | ba9e 0000 
  0x0000019007c59d2c: 0000 7518 | 4983 e2fd | 4d89 97e8 | 0500 0041 | 83ca 01eb | 0a49 ff8a | 8600 0000 | 4533 d20f 
  0x0000019007c59d4c: 85fb 4400 | 004c 8b5c | 2458 488d | 8424 d000 | 0000 418b | 87d8 0600 | 004d 8b13 | 4d3b 5c07 
  0x0000019007c59d6c: f80f 852e | 0000 0041 | 83af d806 | 0000 084d | 3b5c 07f0 | 0f84 5f00 | 0000 498b | c248 83e0 
  0x0000019007c59d8c: fc49 83ca | 01f0 4d0f | b113 0f85 | 2dca 0000 | e944 0000 | 0049 83ba | 8600 0000 

  0x0000019007c59da8: ;   {other}
  0x0000019007c59da8: 0075 3349 | c742 3e00 | 0000 00f0 | 8344 24c0 | 0049 83ba | 8e00 0000 | 0074 2249 | 83ba 9e00 
  0x0000019007c59dc8: 0000 0075 | 1849 83e2 | fd4d 8997 | e805 0000 | 4183 ca01 | eb0a 49ff | 8a86 0000 | 0045 33d2 
  0x0000019007c59de8: 0f85 3644 | 0000 448b | 5424 4843 | 8b6c d430 

  0x0000019007c59df8: ; implicit exception: dispatches to 0x0000019007c61b8c
  0x0000019007c59df8: 458b 54ec 

  0x0000019007c59dfc: ;   {metadata('java/util/concurrent/locks/AbstractQueuedSynchronizer$ConditionObject')}
  0x0000019007c59dfc: 0841 81fa | d0f8 0001 | 0f85 6a44 | 0000 4d8d | 04ec 458b | 5814 438b | 4cdc 0845 

  0x0000019007c59e18: ;   {metadata('java/util/concurrent/locks/ReentrantLock$NonfairSync')}
  0x0000019007c59e18: 8b50 0c81 | f950 152d | 000f 8585 | 4400 0049 | c1e3 0341 | 8b6b 0c4c | 8bdd 49c1 | e303 4c8b 
  0x0000019007c59e38: 4c24 604d | 3bd9 0f85 | 4c51 0000 | 4585 d20f | 84fb 0100 | 0043 8b6c | d41c 498d | 480c 4180 
  0x0000019007c59e58: 7f48 000f | 8543 a400 | 0089 2944 | 8bcd 49c1 | e103 4c8b | d94d 33d9 | 49c1 eb15 | 0f84 2800 
  0x0000019007c59e78: 0000 4983 | f900 0f84 | 1e00 0000 | 4c8b d949 | c1eb 0949 | b900 a0bf | 7090 0100 | 004d 03d9 
  0x0000019007c59e98: 4180 3b02 | 0f85 74a4 | 0000 85ed | 0f85 f261 | 0000 4833 | ff4d 8d58 | 1041 807f | 4800 0f85 
  0x0000019007c59eb8: c5a4 0000 | 4189 3b43 | 8b4c d40c | 448b d941 | 83e3 fd8b | c1f0 470f | b15c d40c | 400f 94c5 
  0x0000019007c59ed8: 400f b6ed | 85ed 0f84 | fc61 0000 | 83e1 020f | 8437 6200 | 0045 8b48 | 1447 8b5c | cc14 4585 
  0x0000019007c59ef8: db0f 847d | 6200 004b | 8d0c cc4b | 8d7c cc14 | 4b8d 44d4 | 1041 807f | 4800 0f85 | e2a4 0000 
  0x0000019007c59f18: ;   {other}
  0x0000019007c59f18: 4489 1841 | 8bdb 48c1 | e303 488b | c848 33cb | 48c1 e915 | 0f84 1d00 | 0000 488b | c848 c1e9 
  0x0000019007c59f38: 0948 bb00 | a0bf 7090 | 0100 0048 | 03cb 8039 | 020f 854e | a500 0041 | 8bc3 4180 | 7f48 000f 
  0x0000019007c59f58: 85d8 a500 | 0041 8bca | f00f b10f | 400f 94c5 | 400f b6ed | 48c1 e103 | 488b d748 | 33d1 48c1 
  0x0000019007c59f78: ea15 0f84 | 2700 0000 | 4883 f900 | 0f84 1d00 | 0000 488b | d748 c1ea | 0948 be00 | a0bf 7090 
  0x0000019007c59f98: 0100 0048 | 03d6 803a | 020f 851d | a600 0085 | ed0f 8431 | 6200 004b | 8d5c dc14 | 4180 7f48 
  0x0000019007c59fb8: 000f 8582 | a600 0044 | 8913 458b | ca49 c1e1 | 0348 8bcb | 4933 c948 | c1e9 150f | 841d 0000 
  0x0000019007c59fd8: 0048 8bcb | 48c1 e909 | 49b9 00a0 | bf70 9001 | 0000 4903 | c980 3902 | 0f85 bda6 | 0000 f083 
  0x0000019007c59ff8: 4424 c000 | 438b 6cdc | 0c85 ed7d | 43ba 45ff | ffff 48ff | 7424 2848 | 8f44 2420 | 4889 4424 
  0x0000019007c5a018: ;   {other}
  0x0000019007c5a018: f88b 4424 | 3089 4424 | 2c48 8b44 | 24f8 48ff | 7424 3848 | 8f44 2430 | 4c89 4424 | 5044 8954 
  0x0000019007c5a038: ;   {runtime_call UncommonTrapBlob}
  0x0000019007c5a038: 244c 90e8 

  0x0000019007c5a03c: ; ImmutableOopMap {[32]=Oop [44]=NarrowOop [48]=Oop [64]=Oop [72]=NarrowOop [76]=NarrowOop [80]=Oop [96]=Oop }
                      ;*ifge {reexecute=1 rethrow=0 return_oop=0}
                      ; - (reexecute) java.util.concurrent.locks.AbstractQueuedSynchronizer::enqueue@52 (line 618)
                      ; - java.util.concurrent.locks.AbstractQueuedSynchronizer$ConditionObject::doSignal@46 (line 1556)
                      ; - java.util.concurrent.locks.AbstractQueuedSynchronizer$ConditionObject::signalAll@30 (line 1593)
                      ; - java.awt.EventQueue::postEvent@109 (line 341)
                      ; - java.awt.EventQueue::postEventPrivate@76 (line 288)
                      ; - java.awt.EventQueue::postEvent@9 (line 260)
                      ; - sun.awt.PostEventQueue::flush@87 (line 2068)
                      ; - sun.awt.SunToolkit::flushPendingEvents@15 (line 503)
                      ; - java.awt.EventQueue::getNextEvent@4 (line 544)
                      ; - java.awt.EventDispatchThread::pumpOneEventForFilters@20 (line 190)
  0x0000019007c5a03c: 205b 9fff 

  0x0000019007c5a040: ;   {post_call_nop}
  0x0000019007c5a040: 0f1f 8400 | 3821 000f | 448b 5c24 | 4843 8b6c | dc2c 458b 

  0x0000019007c5a054: ;   {metadata('java/util/concurrent/locks/ReentrantLock')}
  0x0000019007c5a054: 54ec 0841 | 81fa 8894 | 1d00 0f85 | 003c 0000 | 4d8d 14ec | 458b 520c 

  0x0000019007c5a06c: ; implicit exception: dispatches to 0x0000019007c6199c
  0x0000019007c5a06c: 438b 4cd4 | 1843 8b6c | d40c 4c8b | dd49 c1e3 | 034c 8b44 | 2460 4d3b | d80f 851d | 4d00 0083 
  0x0000019007c5a08c: f901 7516 | 4833 ff4f | 8d44 d40c | 4180 7f48 | 000f 8580 | a600 0041 | 8938 448d | 41ff 4789 
  0x0000019007c5a0ac: 44d4 18f0 | 8344 24c0 | 0083 f901 | 7518 478b | 5cd4 1045 | 85db 740e | 478b 44dc | 1445 85c0 
  0x0000019007c5a0cc: 0f85 c123 | 0000 4d8b | 5730 4c8b | 5c24 4045 

  0x0000019007c5a0dc: ; ImmutableOopMap {r11=NarrowOop [32]=Oop [40]=Oop [48]=NarrowOop [56]=Oop [96]=Oop }
                      ;*goto {reexecute=1 rethrow=0 return_oop=0}
                      ; - (reexecute) sun.awt.PostEventQueue::flush@95 (line 2069)
                      ; - sun.awt.SunToolkit::flushPendingEvents@15 (line 503)
                      ; - java.awt.EventQueue::getNextEvent@4 (line 544)
                      ; - java.awt.EventDispatchThread::pumpOneEventForFilters@20 (line 190)
                      ;   {poll}
  0x0000019007c5a0dc: 8b5b 1041 | 8502 4585 | db0f 8574 | 0100 004c | 8b5c 2438 | 488d 9c24 | d000 0000 | 4d8b 1341 
  0x0000019007c5a0fc: 8b9f d806 | 0000 41f6 | c202 0f85 | 3700 0000 | 81fb 2707 | 0000 0f8f | 4b00 0000 | 4d3b 5c1f 
  0x0000019007c5a11c: f874 1649 | 8bc2 4883 | c801 4983 | e2fe f04d | 0fb1 130f | 852e 0000 | 004d 891c | 1f41 8387 
  0x0000019007c5a13c: d806 0000 | 08eb 1e48 | 33c0 498b | 9fc8 0400 | 00f0 490f | b15a 3e74 | 0c48 3bd8 | 7509 49ff 
  0x0000019007c5a15c: 8286 0000 | 0033 c00f | 8587 4b00 | 004c 8b4c | 2438 4833 | c94d 8d51 | 1841 807f | 4800 0f85 
  0x0000019007c5a17c: 1fa6 0000 | 4189 0a48 | 8b54 2438 

  0x0000019007c5a188: ;   {optimized virtual_call}
  0x0000019007c5a188: 6666 90e8 

  0x0000019007c5a18c: ; ImmutableOopMap {[32]=Oop [40]=Oop [48]=NarrowOop [56]=Oop [96]=Oop }
                      ;*invokevirtual notifyAll {reexecute=0 rethrow=0 return_oop=0}
                      ; - sun.awt.PostEventQueue::flush@108 (line 2077)
                      ; - sun.awt.SunToolkit::flushPendingEvents@15 (line 503)
                      ; - java.awt.EventQueue::getNextEvent@4 (line 544)
                      ; - java.awt.EventDispatchThread::pumpOneEventForFilters@20 (line 190)
  0x0000019007c5a18c: 80ff f1ff 

  0x0000019007c5a190: ;   {post_call_nop}
  0x0000019007c5a190: 0f1f 8400 | 8822 0011 | 4c8b 5c24 | 3848 8d84 | 24d0 0000 | 0041 8b87 | d806 0000 | 4d8b 134d 
  0x0000019007c5a1b0: 3b5c 07f8 | 0f85 2e00 | 0000 4183 | afd8 0600 | 0008 4d3b | 5c07 f00f | 845f 0000 | 0049 8bc2 
  0x0000019007c5a1d0: 4883 e0fc | 4983 ca01 | f04d 0fb1 | 130f 85d9 | c500 00e9 | 4400 0000 | 4983 ba86 | 0000 0000 
  0x0000019007c5a1f0: 7533 49c7 | 423e 0000 | 0000 f083 | 4424 c000 | 4983 ba8e | 0000 0000 | 7422 4983 | ba9e 0000 
  0x0000019007c5a210: 0000 7518 | 4983 e2fd | 4d89 97e8 | 0500 0041 | 83ca 01eb | 0a49 ff8a | 8600 0000 | 4533 d20f 
  0x0000019007c5a230: 84d1 e6ff | ff48 8b4c | 2438 488d | 9424 d000 | 0000 4d8b 

  0x0000019007c5a244: ;   {runtime_call}
  0x0000019007c5a244: c749 ba80 | a387 9df9 | 7f00 0041 

  0x0000019007c5a250: ;   {post_call_nop}
  0x0000019007c5a250: ffd2 0f1f | 8400 0000 | 0000 e9a7 | e6ff ff4f | 8d14 dc4c | 8954 2440 | 4c8b 5424 | 4045 8b52 
  0x0000019007c5a270: 0c44 8954 | 2434 4c8b | 5424 3845 | 8b5a 1444 | 895c 2448 

  0x0000019007c5a284: ; implicit exception: dispatches to 0x0000019007c617c4
  0x0000019007c5a284: 478b 54dc | 4445 85d2 | 0f84 e638 | 0000 4b8d | 14d4 4f8d | 14dc 4c89 

  0x0000019007c5a29c: ;   {oop("PostEventQueue"{0x0000000708628478})}
  0x0000019007c5a29c: 5424 5049 | b878 8462 | 0807 0000 

  0x0000019007c5a2a8: ;   {optimized virtual_call}
  0x0000019007c5a2a8: 0066 90e8 

  0x0000019007c5a2ac: ; ImmutableOopMap {[32]=Oop [40]=Oop [48]=NarrowOop [52]=NarrowOop [56]=Oop [64]=Oop [72]=NarrowOop [80]=Oop [96]=Oop }
                      ;*invokevirtual get {reexecute=0 rethrow=0 return_oop=1}
                      ; - sun.awt.SunToolkit::flushPendingEvents@3 (line 501)
                      ; - java.awt.EventQueue::postEvent@4 (line 259)
                      ; - sun.awt.PostEventQueue::flush@87 (line 2068)
                      ; - sun.awt.SunToolkit::flushPendingEvents@15 (line 503)
                      ; - java.awt.EventQueue::getNextEvent@4 (line 544)
                      ; - java.awt.EventDispatchThread::pumpOneEventForFilters@20 (line 190)
  0x0000019007c5a2ac: e0b9 f2ff 

  0x0000019007c5a2b0: ;   {post_call_nop}
  0x0000019007c5a2b0: 0f1f 8400 | a823 0012 

  0x0000019007c5a2b8: ; implicit exception: dispatches to 0x0000019007c617f8
  0x0000019007c5a2b8: 448b 5008 

  0x0000019007c5a2bc: ;   {metadata('sun/awt/PostEventQueue')}
  0x0000019007c5a2bc: 4181 fac8 | 730f 010f | 853f 6d00 | 0048 8944 | 2458 4c8b | 5c24 5848 | 8d9c 24d0 | 0000 004d 
  0x0000019007c5a2dc: 8b13 418b | 9fd8 0600 | 0041 f6c2 | 020f 8537 | 0000 0081 | fb27 0700 | 000f 8f4b | 0000 004d 
  0x0000019007c5a2fc: 3b5c 1ff8 | 7416 498b | c248 83c8 | 0149 83e2 | fef0 4d0f | b113 0f85 | 2e00 0000 | 4d89 1c1f 
  0x0000019007c5a31c: 4183 87d8 | 0600 0008 | eb1e 4833 | c049 8b9f | c804 0000 | f049 0fb1 | 5a3e 740c | 483b d875 
  0x0000019007c5a33c: 0949 ff82 | 8600 0000 | 33c0 0f85 | cc38 0000 | 4c8b 5424 | 5845 8b52 | 184d 8bda | 49c1 e303 
  0x0000019007c5a35c: 4c8b 4424 | 604d 3bc3 | 0f84 66f2 | ffff 4585 | d20f 85ad | 3500 004c | 8b54 2458 | 418b 5a0c 
  0x0000019007c5a37c: 85db 0f84 | 2501 0000 | 488b 7c24 | 5848 33c9 | 4c8d 4710 | 4180 7f48 | 000f 856c | a400 0041 
  0x0000019007c5a39c: 8908 488b | 4c24 584d | 33c0 4c8d | 590c 4180 | 7f48 000f | 85ce a400 | 0045 8903 

  0x0000019007c5a3b8: ;   {other}
  0x0000019007c5a3b8: 4c8b 4424 | 6048 8d71 | 1841 807f | 4800 0f85 | 47a5 0000 | 498b f848 | c1ef 0389 | 3e4c 8bd6 
  0x0000019007c5a3d8: 4d33 d049 | c1ea 150f | 841e 0000 | 004c 8bd6 | 49c1 ea09 | 48bf 00a0 | bf70 9001 | 0000 4c03 
  0x0000019007c5a3f8: d741 803a | 020f 858b | a500 0048 | 8d84 24d0 | 0000 0041 | 8b87 d806 | 0000 4c8b | 0949 3b4c 
  0x0000019007c5a418: 07f8 0f85 | 2e00 0000 | 4183 afd8 | 0600 0008 | 493b 4c07 | f00f 845f | 0000 0049 | 8bc1 4883 
  0x0000019007c5a438: e0fc 4983 | c901 f04c | 0fb1 090f | 8566 c300 | 00e9 4400 | 0000 4983 | b986 0000 | 0000 7533 
  0x0000019007c5a458: 49c7 413e | 0000 0000 | f083 4424 | c000 4983 | b98e 0000 | 0000 7422 | 4983 b99e | 0000 0000 
  0x0000019007c5a478: 7518 4983 | e1fd 4d89 | 8fe8 0500 | 0041 83c9 | 01eb 0a49 | ff89 8600 | 0000 4533 | c90f 8501 
  0x0000019007c5a498: 5300 004d | 8d14 dc4c | 8954 2468 | e901 0b00 | 004c 8b5c | 2458 488d | 8424 d000 | 0000 418b 
  0x0000019007c5a4b8: ;   {other}
  0x0000019007c5a4b8: 87d8 0600 | 004d 8b13 | 4d3b 5c07 | f80f 852e | 0000 0041 | 83af d806 | 0000 084d | 3b5c 07f0 
  0x0000019007c5a4d8: 0f84 5f00 | 0000 498b | c248 83e0 | fc49 83ca | 01f0 4d0f | b113 0f85 | aec2 0000 | e944 0000 
  0x0000019007c5a4f8: 0049 83ba | 8600 0000 | 0075 3349 | c742 3e00 | 0000 00f0 | 8344 24c0 | 0049 83ba | 8e00 0000 
  0x0000019007c5a518: 0074 2249 | 83ba 9e00 | 0000 0075 | 1849 83e2 | fd4d 8997 | e805 0000 | 4183 ca01 | eb0a 49ff 
  0x0000019007c5a538: 8a86 0000 | 0045 33d2 | 0f84 27f1 | ffff 498b | cb48 8d94 | 24d0 0000 | 004d 8bc7 

  0x0000019007c5a554: ;   {runtime_call}
  0x0000019007c5a554: 49ba 80a3 | 879d f97f | 0000 41ff 

  0x0000019007c5a560: ;   {post_call_nop}
  0x0000019007c5a560: d20f 1f84 | 0000 0000 | 00e9 fff0 | ffff 6690 | 41ba 0400 | 0000 4183 | faff 0f84 | b200 0000 
  0x0000019007c5a580: 448b 5c24 | 4c47 8b44 | dc0c 478b | 5cc4 0841 | b900 0000 | 894d 03cb | 4d8b 5938 

  0x0000019007c5a59c: ;   {metadata('java/awt/Component')}
  0x0000019007c5a59c: 49b9 8032 | 880f 9001 | 0000 4d3b | d90f 8583 | 0000 004b | 8d2c c444 | 8b9d c000 | 0000 4585 
  0x0000019007c5a5bc: db0f 8420 | 2f00 0049 | c1e3 0344 | 8954 2474 | 458b 530c | 448b 4424 | 7445 3bc2 | 0f83 2655 
  0x0000019007c5a5dc: 0000 8b5c | 2474 488b | 8c24 8800 | 0000 4d8d | 4c9b 1041 | 807f 4800 | 0f85 ffa3 | 0000 4c8b 
  0x0000019007c5a5fc: d149 c1ea | 0345 8911 | 4d8b c14c | 33c1 49c1 | e815 0f84 | 1e00 0000 | 4d8b c149 | c1e8 0949 
  0x0000019007c5a61c: ba00 a0bf | 7090 0100 | 004d 03c2 | 4180 3802 | 0f85 2fa4 | 0000 448b | 5424 7043 | 8b6c d40c 
  0x0000019007c5a63c: 448b 9c24 | 9000 0000 | 443b dd0f | 8417 5200 | 0043 8b6c | d420 458b | 54ec 0c44 | 8b84 2498 
  0x0000019007c5a65c: 0000 0045 | 3bc2 0f83 | d03d 0000 | 4d8d 1cec | 478b 4c83 | 1047 8b5c | cc10 473b | 64cc 0c0f 
  0x0000019007c5a67c: 8505 1d00 | 0045 85d2 | 0f86 ba40 | 0000 4183 | fa02 0f86 | b040 0000 | 458b 5cec 

  0x0000019007c5a698: ;   {other}
  0x0000019007c5a698: 1045 85db | 0f84 bb3e | 0000 473b | 64dc 0c0f | 859a 2d00 | 0041 83fa | 030f 8605 | 4100 0045 
  0x0000019007c5a6b8: 8b54 ec14 | 4585 d20f | 8498 3e00 | 0047 3b64 | d40c 0f85 | 772d 0000 | 458b 5cec | 1845 85db 
  0x0000019007c5a6d8: 0f84 7f3e | 0000 473b | 64dc 0c0f | 855e 2d00 | 0045 8b54 | ec1c 4585 | d20f 8466 | 3e00 0047 
  0x0000019007c5a6f8: 3b64 d40c | 0f85 452d | 0000 448b | 5c24 4c43 | 8b6c dc0c | 488b bc24 | 8800 0000 | 4f8d 44cc 
  0x0000019007c5a718: 1041 807f | 4800 0f85 | 94a3 0000 | 488b df48 | c1eb 0341 | 8918 4d8b | d04c 33d7 | 49c1 ea15 
  0x0000019007c5a738: 0f84 1e00 | 0000 4d8b | d049 c1ea | 0948 bb00 | a0bf 7090 | 0100 004c | 03d3 4180 | 3a02 0f85 
  0x0000019007c5a758: e2a3 0000 | 4f8d 5ccc | 0c41 807f | 4800 0f85 | 51a4 0000 | 4c8b d749 | c1ea 0345 | 8913 498b 
  0x0000019007c5a778: cb48 33cf | 48c1 e915 | 0f84 1d00 | 0000 498b | cb48 c1e9 | 0949 ba00 | a0bf 7090 | 0100 0049 
  0x0000019007c5a798: ;   {other}
  0x0000019007c5a798: 03ca 8039 | 020f 8582 

  0x0000019007c5a7a0: ;   {oop(a 'sun/awt/AWTAutoShutdown'{0x000000070863a018})}
  0x0000019007c5a7a0: a400 0081 | fd03 740c | e10f 84e5 | 5100 0044 | 8b54 2470 | 478b 5cd4 | 3444 895c | 244c 4585 
  0x0000019007c5a7c0: db0f 843d 

  0x0000019007c5a7c4: ;   {oop(a 'sun/awt/AWTAutoShutdown'{0x000000070863a018})}
  0x0000019007c5a7c4: 5200 0041 | ba03 740c | e147 8b54 | d414 4489 | 5424 7445 | 85d2 0f84 | d83d 0000 | 49c1 e203 
  0x0000019007c5a7e4: 4c89 9424 | 8000 0000 | 4c8b 9c24 | 8000 0000 | 488d 9c24 | d000 0000 | 4d8b 1341 | 8b9f d806 
  0x0000019007c5a804: 0000 41f6 | c202 0f85 | 3700 0000 | 81fb 2707 | 0000 0f8f | 4b00 0000 | 4d3b 5c1f | f874 1649 
  0x0000019007c5a824: 8bc2 4883 | c801 4983 | e2fe f04d | 0fb1 130f | 852e 0000 | 004d 891c | 1f41 8387 | d806 0000 
  0x0000019007c5a844: 08eb 1e48 | 33c0 498b | 9fc8 0400 | 00f0 490f | b15a 3e74 | 0c48 3bd8 | 7509 49ff | 8286 0000 
  0x0000019007c5a864: 0033 c00f | 85a3 3f00 

  0x0000019007c5a86c: ;   {oop(a 'sun/awt/AWTAutoShutdown'{0x000000070863a018})}
  0x0000019007c5a86c: 0041 bb03 | 740c e147 | 8b5c dc10 | 4489 9c24 | 8800 0000 | 4585 db0f | 84a7 3d00 | 004f 8d14 
  0x0000019007c5a88c: dc4c 8994 | 2490 0000 | 004c 8b9c | 2490 0000 | 0048 8d9c | 24d8 0000 | 004d 8b13 | 418b 9fd8 
  0x0000019007c5a8ac: 0600 0041 | f6c2 020f | 8537 0000 | 0081 fb27 | 0700 000f | 8f4b 0000 | 004d 3b5c | 1ff8 7416 
  0x0000019007c5a8cc: 498b c248 | 83c8 0149 | 83e2 fef0 | 4d0f b113 | 0f85 2e00 | 0000 4d89 | 1c1f 4183 | 87d8 0600 
  0x0000019007c5a8ec: 0008 eb1e | 4833 c049 | 8b9f c804 | 0000 f049 | 0fb1 5a3e | 740c 483b | d875 0949 | ff82 8600 
  0x0000019007c5a90c: 0000 33c0 | 0f85 173f 

  0x0000019007c5a914: ;   {oop(a 'sun/awt/AWTAutoShutdown'{0x000000070863a018})}
  0x0000019007c5a914: 0000 41ba | 0374 0ce1 | 438b 6cd4 | 2085 ed0f | 8443 5100 

  0x0000019007c5a928: ;   {oop(a 'sun/awt/AWTAutoShutdown'{0x000000070863a018})}
  0x0000019007c5a928: 0041 bb03 | 740c e147 | 8b44 dc18 | 470f b65c | dc0c 4585 | db0f 85cc | 1f00 0043 | 8b6c d41c 
  0x0000019007c5a948: ; implicit exception: dispatches to 0x0000019007c620ac
  0x0000019007c5a948: 458b 5cec 

  0x0000019007c5a94c: ;   {metadata('java/util/IdentityHashMap')}
  0x0000019007c5a94c: 0841 81fb | c878 2500 | 0f85 ba41 | 0000 4d8d | 14ec 458b | 521c 4585 | d20f 8410 | 2800 0045 
  0x0000019007c5a96c: 85c0 0f84 | a41f 0000 | 478b 54c4 

  0x0000019007c5a978: ;   {metadata('java/util/HashSet')}
  0x0000019007c5a978: 0841 81fa | 7068 2300 | 0f85 c73e | 0000 4f8d | 14c4 458b | 5a0c 4585 | db0f 8421 | 3d00 004b 
  0x0000019007c5a998: 8d14 dc44 | 8b5c 244c | 4f8d 04dc 

  0x0000019007c5a9a4: ;   {oop(a 'java/lang/Object'{0x0000000708613760})}
  0x0000019007c5a9a4: 49b9 6037 | 6108 0700 

  0x0000019007c5a9ac: ;   {optimized virtual_call}
  0x0000019007c5a9ac: 0000 90e8 

  0x0000019007c5a9b0: ; ImmutableOopMap {[32]=Oop [40]=Oop [48]=NarrowOop [52]=NarrowOop [56]=Oop [64]=Oop [72]=NarrowOop [80]=Oop [88]=Oop [96]=Oop [104]=Oop [112]=NarrowOop [116]=NarrowOop [120]=Oop [128]=Oop [136]=NarrowOop [144]=Oop }
                      ;*invokevirtual put {reexecute=0 rethrow=0 return_oop=1}
                      ; - java.util.HashSet::add@8 (line 230)
                      ; - sun.awt.AWTAutoShutdown::notifyThreadBusy@57 (line 178)
                      ; - java.awt.EventQueue::postEvent@102 (line 339)
                      ; - java.awt.EventQueue::postEventPrivate@76 (line 288)
                      ; - java.awt.EventQueue::postEvent@9 (line 260)
                      ; - sun.awt.PostEventQueue::flush@87 (line 2068)
                      ; - sun.awt.SunToolkit::flushPendingEvents@15 (line 503)
                      ; - java.awt.EventQueue::postEvent@4 (line 259)
                      ; - sun.awt.PostEventQueue::flush@87 (line 2068)
                      ; - sun.awt.SunToolkit::flushPendingEvents@15 (line 503)
                      ; - java.awt.EventQueue::getNextEvent@4 (line 544)
                      ; - java.awt.EventDispatchThread::pumpOneEventForFilters@20 (line 190)
  0x0000019007c5a9b0: 2c44 92ff 

  0x0000019007c5a9b4: ;   {post_call_nop}
  0x0000019007c5a9b4: 0f1f 8400 | ac2a 0013 | 4c8b 9c24 | 9000 0000 | 488d 8424 | d800 0000 | 418b 87d8 | 0600 004d 
  0x0000019007c5a9d4: 8b13 4d3b | 5c07 f80f | 852e 0000 | 0041 83af | d806 0000 | 084d 3b5c | 07f0 0f84 | 5f00 0000 
  0x0000019007c5a9f4: 498b c248 | 83e0 fc49 | 83ca 01f0 | 4d0f b113 | 0f85 8bbd | 0000 e944 | 0000 0049 | 83ba 8600 
  0x0000019007c5aa14: 0000 0075 | 3349 c742 | 3e00 0000 | 00f0 8344 | 24c0 0049 | 83ba 8e00 | 0000 0074 | 2249 83ba 
  0x0000019007c5aa34: 9e00 0000 | 0075 1849 | 83e2 fd4d | 8997 e805 | 0000 4183 | ca01 eb0a | 49ff 8a86 | 0000 0045 
  0x0000019007c5aa54: 33d2 0f85 | a83e 0000 | 4c8b 9c24 | 8000 0000 | 488d 8424 | d000 0000 | 418b 87d8 | 0600 004d 
  0x0000019007c5aa74: 8b13 4d3b | 5c07 f80f | 852e 0000 | 0041 83af | d806 0000 | 084d 3b5c | 07f0 0f84 | 5f00 0000 
  0x0000019007c5aa94: 498b c248 | 83e0 fc49 | 83ca 01f0 | 4d0f b113 | 0f85 debc | 0000 e944 | 0000 0049 

  0x0000019007c5aab0: ;   {other}
  0x0000019007c5aab0: 83ba 8600 | 0000 0075 | 3349 c742 | 3e00 0000 | 00f0 8344 | 24c0 0049 | 83ba 8e00 | 0000 0074 
  0x0000019007c5aad0: 2249 83ba | 9e00 0000 | 0075 1849 | 83e2 fd4d | 8997 e805 | 0000 4183 | ca01 eb0a | 49ff 8a86 
  0x0000019007c5aaf0: 0000 0045 | 33d2 0f85 | e03d 0000 | 448b 5424 | 7043 8b6c | d430 458b 

  0x0000019007c5ab08: ;   {metadata('java/util/concurrent/locks/AbstractQueuedSynchronizer$ConditionObject')}
  0x0000019007c5ab08: 5cec 0841 | 81fb d0f8 | 0001 0f85 | 143e 0000 | 4d8d 14ec | 458b 4a14 

  0x0000019007c5ab20: ; implicit exception: dispatches to 0x0000019007c62050
  0x0000019007c5ab20: 478b 44cc | 0845 8b5a 

  0x0000019007c5ab28: ;   {metadata('java/util/concurrent/locks/ReentrantLock$NonfairSync')}
  0x0000019007c5ab28: 0c41 81f8 | 5015 2d00 | 0f85 563e | 0000 4f8d | 04cc 418b | 680c 4c8b | c549 c1e0 | 034c 8b4c 
  0x0000019007c5ab48: 2460 4d3b | c10f 85ea | 4d00 0045 | 85db 0f84 | 3402 0000 | 438b 6cdc | 1c4d 8d4a | 0c41 807f 
  0x0000019007c5ab68: 4800 0f85 | 07a1 0000 | 4189 298b | cd48 c1e1 | 034d 8bc1 | 4c33 c149 | c1e8 150f | 8428 0000 
  0x0000019007c5ab88: 0048 83f9 | 000f 841e | 0000 004d | 8bc1 49c1 | e809 48b9 | 00a0 bf70 | 9001 0000 | 4c03 c141 
  0x0000019007c5aba8: 8038 020f | 8535 a100 | 0085 ed0f | 8517 5700 | 0048 33ff | 4d8d 4210 | 4180 7f48 | 000f 8586 
  0x0000019007c5abc8: a100 0041 | 8938 438b | 4cdc 0c44 | 8bc9 4183 | e1fd 8bc1 | f047 0fb1 | 4cdc 0c40 | 0f94 c540 
  0x0000019007c5abe8: 0fb6 ed85 | ed0f 8459 | 5700 0083 | e102 0f84 | cc57 0000 | 458b 4214 

  0x0000019007c5ac00: ; implicit exception: dispatches to 0x0000019007c62800
  0x0000019007c5ac00: 478b 4cc4 | 1445 85c9 | 0f84 2658 | 0000 4b8d | 0cc4 4b8d | 54c4 144b | 8d7c dc10 | 4180 7f48 
  0x0000019007c5ac20: 000f 85a3 | a100 0044 

  0x0000019007c5ac28: ;   {other}
  0x0000019007c5ac28: 890f 418b | d948 c1e3 | 0348 8bcf | 4833 cb48 | c1e9 150f | 841d 0000 | 0048 8bcf | 48c1 e909 
  0x0000019007c5ac48: 48bb 00a0 | bf70 9001 | 0000 4803 | cb80 3902 | 0f85 05a2 | 0000 418b | c141 807f | 4800 0f85 
  0x0000019007c5ac68: 85a2 0000 | 418b f3f0 | 0fb1 3240 | 0f94 c540 | 0fb6 ed48 | c1e6 0348 | 8bda 4833 | de48 c1eb 
  0x0000019007c5ac88: 150f 8427 | 0000 0048 | 83fe 000f | 841d 0000 | 0048 8bda | 48c1 eb09 | 48b9 00a0 | bf70 9001 
  0x0000019007c5aca8: 0000 4803 | d980 3b02 | 0f85 caa2 | 0000 85ed | 0f84 0258 | 0000 4b8d | 4ccc 1441 | 807f 4800 
  0x0000019007c5acc8: 0f85 2fa3 | 0000 4489 | 1941 8bdb | 48c1 e303 | 4c8b c14c | 33c3 49c1 | e815 0f84 | 1e00 0000 
  0x0000019007c5ace8: 4c8b c149 | c1e8 0948 | bb00 a0bf | 7090 0100 | 004c 03c3 | 4180 3802 | 0f85 72a3 | 0000 f083 
  0x0000019007c5ad08: 4424 c000 | 438b 6ccc | 0c85 ed7d | 7bba 45ff | ffff 48ff | 7424 2848 | 8f44 2420 

  0x0000019007c5ad24: ;   {other}
  0x0000019007c5ad24: 4889 4424 | f88b 4424 | 3089 4424 | 2c48 8b44 | 24f8 4889 | 4424 f88b | 4424 4889 | 4424 3048 
  0x0000019007c5ad44: 8b44 24f8 | 48ff 7424 | 5848 8f44 | 2448 48ff | 7424 6048 | 8f44 2458 | 48ff 7424 | 6848 8f44 
  0x0000019007c5ad64: 2460 4889 | 4424 f88b | 4424 7089 | 4424 6848 | 8b44 24f8 | 4c89 5424 | 7044 895c 

  0x0000019007c5ad80: ;   {runtime_call UncommonTrapBlob}
  0x0000019007c5ad80: 246c 90e8 

  0x0000019007c5ad84: ; ImmutableOopMap {[32]=Oop [44]=NarrowOop [48]=NarrowOop [52]=NarrowOop [56]=Oop [64]=Oop [72]=Oop [88]=Oop [96]=Oop [104]=NarrowOop [108]=NarrowOop [112]=Oop }
                      ;*ifge {reexecute=1 rethrow=0 return_oop=0}
                      ; - (reexecute) java.util.concurrent.locks.AbstractQueuedSynchronizer::enqueue@52 (line 618)
                      ; - java.util.concurrent.locks.AbstractQueuedSynchronizer$ConditionObject::doSignal@46 (line 1556)
                      ; - java.util.concurrent.locks.AbstractQueuedSynchronizer$ConditionObject::signalAll@30 (line 1593)
                      ; - java.awt.EventQueue::postEvent@109 (line 341)
                      ; - java.awt.EventQueue::postEventPrivate@76 (line 288)
                      ; - java.awt.EventQueue::postEvent@9 (line 260)
                      ; - sun.awt.PostEventQueue::flush@87 (line 2068)
                      ; - sun.awt.SunToolkit::flushPendingEvents@15 (line 503)
                      ; - java.awt.EventQueue::postEvent@4 (line 259)
                      ; - sun.awt.PostEventQueue::flush@87 (line 2068)
                      ; - sun.awt.SunToolkit::flushPendingEvents@15 (line 503)
                      ; - java.awt.EventQueue::getNextEvent@4 (line 544)
                      ; - java.awt.EventDispatchThread::pumpOneEventForFilters@20 (line 190)
  0x0000019007c5ad84: d84d 9fff 

  0x0000019007c5ad88: ;   {post_call_nop}
  0x0000019007c5ad88: 0f1f 8400 | 802e 0014 | 448b 5c24 | 7043 8b6c | dc2c 458b 

  0x0000019007c5ad9c: ;   {metadata('java/util/concurrent/locks/ReentrantLock')}
  0x0000019007c5ad9c: 5cec 0841 | 81fb 8894 | 1d00 0f85 | 0c37 0000 | 4d8d 14ec | 458b 520c 

  0x0000019007c5adb4: ; implicit exception: dispatches to 0x0000019007c61ee8
  0x0000019007c5adb4: 438b 4cd4 | 1843 8b6c | d40c 4c8b | dd49 c1e3 | 034c 8b44 | 2460 4d3b | d80f 85d1 | 4a00 0083 
  0x0000019007c5add4: f901 7516 | 4833 ff4f | 8d4c d40c | 4180 7f48 | 000f 8502 | a300 0041 | 8939 448d | 59ff 4789 
  0x0000019007c5adf4: 5cd4 18f0 | 8344 24c0 | 0083 f901 | 7518 478b | 54d4 1045 | 85d2 740e | 478b 44d4 | 1445 85c0 
  0x0000019007c5ae14: 0f85 191a | 0000 4d8b | 5730 4c8b | 5c24 6845 

  0x0000019007c5ae24: ; ImmutableOopMap {r8=NarrowOop [32]=Oop [40]=Oop [48]=NarrowOop [52]=NarrowOop [56]=Oop [64]=Oop [72]=NarrowOop [80]=Oop [88]=Oop [96]=Oop }
                      ;*goto {reexecute=1 rethrow=0 return_oop=0}
                      ; - (reexecute) sun.awt.PostEventQueue::flush@95 (line 2069)
                      ; - sun.awt.SunToolkit::flushPendingEvents@15 (line 503)
                      ; - java.awt.EventQueue::postEvent@4 (line 259)
                      ; - sun.awt.PostEventQueue::flush@87 (line 2068)
                      ; - sun.awt.SunToolkit::flushPendingEvents@15 (line 503)
                      ; - java.awt.EventQueue::getNextEvent@4 (line 544)
                      ; - java.awt.EventDispatchThread::pumpOneEventForFilters@20 (line 190)
                      ;   {poll}
  0x0000019007c5ae24: 8b43 1041 | 8502 4585 | c00f 856e | 0100 004c | 8b5c 2458 | 488d 9c24 | d000 0000 | 4d8b 1341 
  0x0000019007c5ae44: 8b9f d806 | 0000 41f6 | c202 0f85 | 3700 0000 | 81fb 2707 | 0000 0f8f | 4b00 0000 | 4d3b 5c1f 
  0x0000019007c5ae64: f874 1649 | 8bc2 4883 | c801 4983 | e2fe f04d | 0fb1 130f | 852e 0000 | 004d 891c | 1f41 8387 
  0x0000019007c5ae84: d806 0000 | 08eb 1e48 | 33c0 498b | 9fc8 0400 | 00f0 490f | b15a 3e74 | 0c48 3bd8 | 7509 49ff 
  0x0000019007c5aea4: 8286 0000 | 0033 c00f | 8510 4900 | 004c 8b4c | 2458 4833 | c94d 8d41 | 1841 807f | 4800 0f85 
  0x0000019007c5aec4: a1a2 0000 | 4189 0849 

  0x0000019007c5aecc: ;   {optimized virtual_call}
  0x0000019007c5aecc: 8bd1 90e8 

  0x0000019007c5aed0: ; ImmutableOopMap {[32]=Oop [40]=Oop [48]=NarrowOop [52]=NarrowOop [56]=Oop [64]=Oop [72]=NarrowOop [80]=Oop [88]=Oop [96]=Oop }
                      ;*invokevirtual notifyAll {reexecute=0 rethrow=0 return_oop=0}
                      ; - sun.awt.PostEventQueue::flush@108 (line 2077)
                      ; - sun.awt.SunToolkit::flushPendingEvents@15 (line 503)
                      ; - java.awt.EventQueue::postEvent@4 (line 259)
                      ; - sun.awt.PostEventQueue::flush@87 (line 2068)
                      ; - sun.awt.SunToolkit::flushPendingEvents@15 (line 503)
                      ; - java.awt.EventQueue::getNextEvent@4 (line 544)
                      ; - java.awt.EventDispatchThread::pumpOneEventForFilters@20 (line 190)
  0x0000019007c5aed0: 0c3f 92ff 

  0x0000019007c5aed4: ;   {post_call_nop}
  0x0000019007c5aed4: 0f1f 8400 | cc2f 0016 | 4c8b 5c24 | 5848 8d84 | 24d0 0000 | 0041 8b87 | d806 0000 | 4d8b 134d 
  0x0000019007c5aef4: 3b5c 07f8 | 0f85 2e00 | 0000 4183 | afd8 0600 | 0008 4d3b | 5c07 f00f | 845f 0000 | 0049 8bc2 
  0x0000019007c5af14: 4883 e0fc | 4983 ca01 | f04d 0fb1 | 130f 8554 | b800 00e9 | 4400 0000 | 4983 ba86 | 0000 0000 
  0x0000019007c5af34: 7533 49c7 | 423e 0000 | 0000 f083 | 4424 c000 | 4983 ba8e | 0000 0000 | 7422 4983 | ba9e 0000 
  0x0000019007c5af54: 0000 7518 | 4983 e2fd | 4d89 97e8 | 0500 0041 | 83ca 01eb | 0a49 ff8a | 8600 0000 | 4533 d20f 
  0x0000019007c5af74: 84f4 e6ff | ff49 8bcb | 488d 9424 | d000 0000 

  0x0000019007c5af84: ;   {runtime_call}
  0x0000019007c5af84: 4d8b c749 | ba80 a387 | 9df9 7f00 | 0041 ffd2 

  0x0000019007c5af94: ;   {post_call_nop}
  0x0000019007c5af94: 0f1f 8400 | 0000 0000 | e9cc e6ff | ff4f 8d14 | c44c 8954 | 2468 4c8b | 5424 6845 | 8b52 0c44 
  0x0000019007c5afb4: 8954 244c | 4c8b 5424 | 5845 8b5a | 1444 895c | 2470 478b | 54dc 4449 | 8bd2 48c1 | e203 4f8d 
  0x0000019007c5afd4: 14dc 4c89 

  0x0000019007c5afd8: ;   {static_call}
  0x0000019007c5afd8: 5424 78e8 

  0x0000019007c5afdc: ; ImmutableOopMap {[32]=Oop [40]=Oop [48]=NarrowOop [52]=NarrowOop [56]=Oop [64]=Oop [72]=NarrowOop [76]=NarrowOop [80]=Oop [88]=Oop [96]=Oop [104]=Oop [112]=NarrowOop [120]=Oop }
                      ;*invokestatic flushPendingEvents {reexecute=0 rethrow=0 return_oop=0}
                      ; - java.awt.EventQueue::postEvent@4 (line 259)
                      ; - sun.awt.PostEventQueue::flush@87 (line 2068)
                      ; - sun.awt.SunToolkit::flushPendingEvents@15 (line 503)
                      ; - java.awt.EventQueue::postEvent@4 (line 259)
                      ; - sun.awt.PostEventQueue::flush@87 (line 2068)
                      ; - sun.awt.SunToolkit::flushPendingEvents@15 (line 503)
                      ; - java.awt.EventQueue::getNextEvent@4 (line 544)
                      ; - java.awt.EventDispatchThread::pumpOneEventForFilters@20 (line 190)
  0x0000019007c5afdc: 0044 92ff 

  0x0000019007c5afe0: ;   {post_call_nop}
  0x0000019007c5afe0: 0f1f 8400 | d830 0017 | 448b 5424 | 4c47 8b54 | d408 4489 | 5424 7444 | 8b5c 244c | 43c6 44dc 
  0x0000019007c5b000: 1a01 448b | 5424 7043 | 8b6c d42c 

  0x0000019007c5b00c: ; implicit exception: dispatches to 0x0000019007c61d0c
  0x0000019007c5b00c: 458b 5cec 

  0x0000019007c5b010: ;   {metadata('java/util/concurrent/locks/ReentrantLock')}
  0x0000019007c5b010: 0841 81fb | 8894 1d00 | 0f85 5a34 | 0000 4d8d | 14ec 458b | 520c 4585 | d20f 84ad | 3300 0044 
  0x0000019007c5b030: 8b44 244c | 4f8d 1cc4 | 4c89 9c24 | 8000 0000 | 33c0 41bb | 0100 0000 | f047 0fb1 | 5cd4 1841 
  0x0000019007c5b050: 0f94 c345 | 0fb6 db45 | 85db 0f84 | b41a 0000 | 488b 4c24 | 604f 8d4c | d40c 4180 | 7f48 000f 
  0x0000019007c5b070: 8566 a100 | 004c 8bd9 | 49c1 eb03 | 4589 194d | 8bc1 4c33 | c149 c1e8 | 150f 841e | 0000 004d 
  0x0000019007c5b090: 8bc1 49c1 | e809 49bb | 00a0 bf70 | 9001 0000 | 4d03 c341 | 8038 020f | 8596 a100 | 0044 8b5c 
  0x0000019007c5b0b0: 2470 438b | 6cdc 2485 | ed0f 8522 | 4700 0043 | 8b6c dc34 | 85ed 0f84 | 5847 0000 | 448b 5c24 
  0x0000019007c5b0d0: ;   {metadata('sun/awt/PeerEvent')}
  0x0000019007c5b0d0: 7441 81fb | 501e 1301 | 0f85 6b15 | 0000 4c8b | 9424 8000 | 0000 4d8b | 5240 41f6 | c202 0f84 
  0x0000019007c5b0f0: 0a16 0000 | 41ba 0300 | 0000 4489 | 9424 9800 | 0000 448b | 5c24 4c47 | 8b5c dc0c 

  0x0000019007c5b10c: ; implicit exception: dispatches to 0x0000019007c61d68
  0x0000019007c5b10c: 478b 54dc | 0841 b800 | 0000 894d | 03c2 4d8b 

  0x0000019007c5b11c: ;   {metadata('java/awt/Component')}
  0x0000019007c5b11c: 5038 49b8 | 8032 880f | 9001 0000 | 4d3b d075 | 3744 8b54 

  0x0000019007c5b130: ;   {metadata('sun/awt/PeerEvent')}
  0x0000019007c5b130: 2474 4181 | fa50 1e13 | 010f 8581 | 1600 004c | 8b84 2480 | 0000 0048 | 8b54 2478 

  0x0000019007c5b14c: ;   {optimized virtual_call}
  0x0000019007c5b14c: 6666 90e8 

  0x0000019007c5b150: ; ImmutableOopMap {[32]=Oop [40]=Oop [48]=NarrowOop [52]=NarrowOop [56]=Oop [64]=Oop [72]=NarrowOop [76]=NarrowOop [80]=Oop [88]=Oop [96]=Oop [104]=Oop [112]=NarrowOop [120]=Oop [128]=Oop }
                      ;*invokevirtual coalescePeerEvent {reexecute=0 rethrow=0 return_oop=0}
                      ; - java.awt.EventQueue::coalesceEvent@24 (line 451)
                      ; - java.awt.EventQueue::postEvent@3 (line 323)
                      ; - java.awt.EventQueue::postEventPrivate@76 (line 288)
                      ; - java.awt.EventQueue::postEvent@9 (line 260)
                      ; - sun.awt.PostEventQueue::flush@87 (line 2068)
                      ; - sun.awt.SunToolkit::flushPendingEvents@15 (line 503)
                      ; - java.awt.EventQueue::postEvent@4 (line 259)
                      ; - sun.awt.PostEventQueue::flush@87 (line 2068)
                      ; - sun.awt.SunToolkit::flushPendingEvents@15 (line 503)
                      ; - java.awt.EventQueue::getNextEvent@4 (line 544)
                      ; - java.awt.EventDispatchThread::pumpOneEventForFilters@20 (line 190)
  0x0000019007c5b150: 8c3c 92ff 

  0x0000019007c5b154: ;   {post_call_nop}
  0x0000019007c5b154: 0f1f 8400 | 4c32 0018 | 85c0 0f85 | 204a 0000 | 4d8b 9fc8 | 0100 004d | 8bd3 4983 | c218 4d3b 
  0x0000019007c5b174: 97d8 0100 | 000f 8313 | 2800 004d | 8997 c801 | 0000 410f | 0d8a c000 | 0000 49c7 | 0301 0000 
  0x0000019007c5b194: ;   {metadata('sun/awt/EventQueueItem')}
  0x0000019007c5b194: 0041 c743 | 0808 2113 | 0145 8963 | 0c4d 8963 | 104c 899c | 2488 0000 | 004d 8bd3 | 448b 5c24 
  0x0000019007c5b1b4: 4c45 895a | 0c47 8b54 | dc14 4489 | 9424 9000 | 0000 4181 | faf7 0100 | 0075 0b41 | ba02 0000 
  0x0000019007c5b1d4: 00e9 9cf3 | ffff 4181 | fafa 0100 | 000f 84dd | 1600 0045 | 8d9a 06fe | ffff 4181 | fb28 0100 
  0x0000019007c5b1f4: 000f 826b | 1f00 0044 | 8b54 2474 

  0x0000019007c5b200: ;   {metadata('sun/awt/PeerEvent')}
  0x0000019007c5b200: 4181 fa50 | 1e13 010f | 8463 f3ff | ff41 baff | ffff ffe9 | 5ef3 ffff | 4c8b 5c24 | 5848 8d84 
  0x0000019007c5b220: 24d0 0000 | 0041 8b87 | d806 0000 | 4d8b 134d | 3b5c 07f8 | 0f85 2e00 | 0000 4183 | afd8 0600 
  0x0000019007c5b240: 0008 4d3b | 5c07 f00f | 845f 0000 | 0049 8bc2 | 4883 e0fc | 4983 ca01 | f04d 0fb1 | 130f 850b 
  0x0000019007c5b260: b500 00e9 | 4400 0000 | 4983 ba86 | 0000 0000 | 7533 49c7 | 423e 0000 | 0000 f083 | 4424 c000 
  0x0000019007c5b280: 4983 ba8e | 0000 0000 | 7422 4983 | ba9e 0000 | 0000 7518 | 4983 e2fd | 4d89 97e8 | 0500 0041 
  0x0000019007c5b2a0: 83ca 01eb | 0a49 ff8a | 8600 0000 | 4533 d20f | 855b 4900 | 0044 8b5c | 2448 4d8b | c349 c1e0 
  0x0000019007c5b2c0: 0348 8b54 

  0x0000019007c5b2c4: ;   {optimized virtual_call}
  0x0000019007c5b2c4: 2450 90e8 

  0x0000019007c5b2c8: ; ImmutableOopMap {[32]=Oop [40]=Oop [48]=NarrowOop [56]=Oop [64]=Oop [96]=Oop }
                      ;*invokevirtual postEventPrivate {reexecute=0 rethrow=0 return_oop=0}
                      ; - java.awt.EventQueue::postEvent@9 (line 260)
                      ; - sun.awt.PostEventQueue::flush@87 (line 2068)
                      ; - sun.awt.SunToolkit::flushPendingEvents@15 (line 503)
                      ; - java.awt.EventQueue::getNextEvent@4 (line 544)
                      ; - java.awt.EventDispatchThread::pumpOneEventForFilters@20 (line 190)
  0x0000019007c5b2c8: c42d 0c00 

  0x0000019007c5b2cc: ;   {post_call_nop}
  0x0000019007c5b2cc: 0f1f 8400 | c433 0019 | 4d8b 5730 | 4c8b 5c24 | 4045 8b43 

  0x0000019007c5b2e0: ; ImmutableOopMap {r8=NarrowOop [32]=Oop [40]=Oop [48]=NarrowOop [56]=Oop [96]=Oop }
                      ;*goto {reexecute=1 rethrow=0 return_oop=0}
                      ; - (reexecute) sun.awt.PostEventQueue::flush@95 (line 2069)
                      ; - sun.awt.SunToolkit::flushPendingEvents@15 (line 503)
                      ; - java.awt.EventQueue::getNextEvent@4 (line 544)
                      ; - java.awt.EventDispatchThread::pumpOneEventForFilters@20 (line 190)
                      ;   {poll}
  0x0000019007c5b2e0: 1041 8502 | 4585 c00f | 8572 0100 | 004c 8b5c | 2438 488d | 9c24 d000 | 0000 4d8b | 1341 8b9f 
  0x0000019007c5b300: d806 0000 | 41f6 c202 | 0f85 3700 | 0000 81fb | 2707 0000 | 0f8f 4b00 | 0000 4d3b | 5c1f f874 
  0x0000019007c5b320: 1649 8bc2 | 4883 c801 | 4983 e2fe | f04d 0fb1 | 130f 852e | 0000 004d | 891c 1f41 | 8387 d806 
  0x0000019007c5b340: 0000 08eb | 1e48 33c0 | 498b 9fc8 | 0400 00f0 | 490f b15a | 3e74 0c48 | 3bd8 7509 | 49ff 8286 
  0x0000019007c5b360: 0000 0033 | c00f 85b1 | 4500 004c | 8b4c 2438 | 4833 c94d | 8d59 1841 | 807f 4800 | 0f85 189f 
  0x0000019007c5b380: 0000 4189 | 0b48 8b54 

  0x0000019007c5b388: ;   {optimized virtual_call}
  0x0000019007c5b388: 2438 90e8 

  0x0000019007c5b38c: ; ImmutableOopMap {[32]=Oop [40]=Oop [48]=NarrowOop [56]=Oop [96]=Oop }
                      ;*invokevirtual notifyAll {reexecute=0 rethrow=0 return_oop=0}
                      ; - sun.awt.PostEventQueue::flush@108 (line 2077)
                      ; - sun.awt.SunToolkit::flushPendingEvents@15 (line 503)
                      ; - java.awt.EventQueue::getNextEvent@4 (line 544)
                      ; - java.awt.EventDispatchThread::pumpOneEventForFilters@20 (line 190)
  0x0000019007c5b38c: 80ed f1ff 

  0x0000019007c5b390: ;   {post_call_nop}
  0x0000019007c5b390: 0f1f 8400 | 8834 001b | 4c8b 5c24 | 3848 8d84 | 24d0 0000 | 0041 8b87 | d806 0000 | 4d8b 134d 
  0x0000019007c5b3b0: 3b5c 07f8 | 0f85 2e00 | 0000 4183 | afd8 0600 | 0008 4d3b | 5c07 f00f | 845f 0000 | 0049 8bc2 
  0x0000019007c5b3d0: 4883 e0fc | 4983 ca01 | f04d 0fb1 | 130f 857e | b300 00e9 | 4400 0000 | 4983 ba86 | 0000 0000 
  0x0000019007c5b3f0: 7533 49c7 | 423e 0000 | 0000 f083 | 4424 c000 | 4983 ba8e | 0000 0000 | 7422 4983 | ba9e 0000 
  0x0000019007c5b410: 0000 7518 | 4983 e2fd | 4d89 97e8 | 0500 0041 | 83ca 01eb | 0a49 ff8a | 8600 0000 | 4533 d20f 
  0x0000019007c5b430: 840d d6ff | ff48 8b4c | 2438 488d | 9424 d000 | 0000 4d8b 

  0x0000019007c5b444: ;   {runtime_call}
  0x0000019007c5b444: c749 ba80 | a387 9df9 | 7f00 0041 

  0x0000019007c5b450: ;   {post_call_nop}
  0x0000019007c5b450: ffd2 0f1f | 8400 0000 | 0000 e9e3 | d5ff ff4f | 8d14 c44c | 8954 2440 | 4c8b 5424 | 3845 8b52 
  0x0000019007c5b470: 1444 8954 | 2434 4c8b | 5424 4045 | 8b5a 0c44 | 895c 2448 | 448b 5424 | 3447 8b5c | d444 4585 
  0x0000019007c5b490: db0f 8475 | 3000 004b | 8d14 dc49 | c1e2 034c | 8954 2450 

  0x0000019007c5b4a4: ;   {oop("PostEventQueue"{0x0000000708628478})}
  0x0000019007c5b4a4: 49b8 7884 | 6208 0700 

  0x0000019007c5b4ac: ;   {optimized virtual_call}
  0x0000019007c5b4ac: 0000 90e8 

  0x0000019007c5b4b0: ; ImmutableOopMap {[32]=Oop [40]=Oop [48]=NarrowOop [52]=NarrowOop [56]=Oop [64]=Oop [72]=NarrowOop [80]=Oop [96]=Oop }
                      ;*invokevirtual get {reexecute=0 rethrow=0 return_oop=1}
                      ; - sun.awt.SunToolkit::flushPendingEvents@3 (line 501)
                      ; - java.awt.EventQueue::postEvent@4 (line 259)
                      ; - sun.awt.PostEventQueue::flush@87 (line 2068)
                      ; - sun.awt.SunToolkit::flushPendingEvents@15 (line 503)
                      ; - java.awt.EventQueue::getNextEvent@4 (line 544)
                      ; - java.awt.EventDispatchThread::pumpOneEventForFilters@20 (line 190)
  0x0000019007c5b4b0: dca7 f2ff 

  0x0000019007c5b4b4: ;   {post_call_nop}
  0x0000019007c5b4b4: 0f1f 8400 | ac35 001c 

  0x0000019007c5b4bc: ; implicit exception: dispatches to 0x0000019007c61f78
  0x0000019007c5b4bc: 448b 5808 

  0x0000019007c5b4c0: ;   {metadata('sun/awt/PostEventQueue')}
  0x0000019007c5b4c0: 4181 fbc8 | 730f 010f | 8583 5c00 | 0048 8944 | 2458 4c8b | 5c24 5848 | 8d9c 24d0 | 0000 004d 
  0x0000019007c5b4e0: 8b13 418b | 9fd8 0600 | 0041 f6c2 | 020f 8537 | 0000 0081 | fb27 0700 | 000f 8f4b | 0000 004d 
  0x0000019007c5b500: 3b5c 1ff8 | 7416 498b | c248 83c8 | 0149 83e2 | fef0 4d0f | b113 0f85 | 2e00 0000 | 4d89 1c1f 
  0x0000019007c5b520: 4183 87d8 | 0600 0008 | eb1e 4833 | c049 8b9f | c804 0000 | f049 0fb1 | 5a3e 740c | 483b d875 
  0x0000019007c5b540: 0949 ff82 | 8600 0000 | 33c0 0f85 | f02f 0000 | 4c8b 5424 | 5845 8b5a | 184d 8bd3 | 49c1 e203 
  0x0000019007c5b560: 4c8b 4424 | 604d 3bc2 | 0f84 aafc | ffff 4585 | db0f 853d | 2400 004c | 8b54 2458 | 418b 7a0c 
  0x0000019007c5b580: 85ff 0f84 | 2101 0000 | 4c8b 4c24 | 5848 8b5c | 2460 4d8d | 5118 4180 | 7f48 000f | 8561 9d00 
  0x0000019007c5b5a0: 004c 8bdb | 49c1 eb03 | 4589 1a4d | 8bc2 4c33 | c349 c1e8 | 150f 841e | 0000 004d 

  0x0000019007c5b5bc: ;   {other}
  0x0000019007c5b5bc: 8bc2 49c1 | e809 49bb | 00a0 bf70 | 9001 0000 | 4d03 c341 | 8038 020f | 859b 9d00 | 0048 8b54 
  0x0000019007c5b5dc: 2458 4833 | db4c 8d52 | 0c41 807f | 4800 0f85 | ef9d 0000 | 4189 1a4c | 8d42 1041 | 807f 4800 
  0x0000019007c5b5fc: 0f85 639e | 0000 4189 | 1848 8d84 | 24d0 0000 | 0041 8b87 | d806 0000 | 488b 0a49 | 3b54 07f8 
  0x0000019007c5b61c: 0f85 2e00 | 0000 4183 | afd8 0600 | 0008 493b | 5407 f00f | 845e 0000 | 0048 8bc1 | 4883 e0fc 
  0x0000019007c5b63c: 4883 c901 | f048 0fb1 | 0a0f 8509 | b100 00e9 | 4300 0000 | 4883 b986 | 0000 0000 | 7532 48c7 
  0x0000019007c5b65c: 413e 0000 | 0000 f083 | 4424 c000 | 4883 b98e | 0000 0000 | 7421 4883 | b99e 0000 | 0000 7517 
  0x0000019007c5b67c: 4883 e1fd | 4989 8fe8 | 0500 0083 | c901 eb09 | 48ff 8986 | 0000 0033 | c90f 859d | 4500 004d 
  0x0000019007c5b69c: 8d14 fc4c | 8954 2468 | e995 0800 | 004c 8b5c | 2458 488d | 8424 d000 | 0000 418b | 87d8 0600 
  0x0000019007c5b6bc: ;   {other}
  0x0000019007c5b6bc: 004d 8b13 | 4d3b 5c07 | f80f 852e | 0000 0041 | 83af d806 | 0000 084d | 3b5c 07f0 | 0f84 5f00 
  0x0000019007c5b6dc: 0000 498b | c248 83e0 | fc49 83ca | 01f0 4d0f | b113 0f85 | 53b0 0000 | e944 0000 | 0049 83ba 
  0x0000019007c5b6fc: 8600 0000 | 0075 3349 | c742 3e00 | 0000 00f0 | 8344 24c0 | 0049 83ba | 8e00 0000 | 0074 2249 
  0x0000019007c5b71c: 83ba 9e00 | 0000 0075 | 1849 83e2 | fd4d 8997 | e805 0000 | 4183 ca01 | eb0a 49ff | 8a86 0000 
  0x0000019007c5b73c: 0045 33d2 | 0f84 6ffb | ffff 498b | cb48 8d94 | 24d0 0000 | 004d 8bc7 

  0x0000019007c5b754: ;   {runtime_call}
  0x0000019007c5b754: 49ba 80a3 | 879d f97f | 0000 41ff 

  0x0000019007c5b760: ;   {post_call_nop}
  0x0000019007c5b760: d20f 1f84 | 0000 0000 | 00e9 47fb | ffff 6690 | 41ba 0400 | 0000 4183 | faff 0f84 | b000 0000 
  0x0000019007c5b780: 478b 5cc4 | 0c47 8b4c | dc08 41b8 | 0000 0089 | 4d03 c14d 

  0x0000019007c5b794: ;   {metadata('java/awt/Component')}
  0x0000019007c5b794: 8b40 3849 | b980 3288 | 0f90 0100 | 004d 3bc1 | 0f85 8600 | 0000 4b8d | 2cdc 448b | 85c0 0000 
  0x0000019007c5b7b4: 0045 85c0 | 0f84 b71e | 0000 4d8b | d849 c1e3 | 0344 8954 | 2474 458b | 430c 448b | 4c24 7445 
  0x0000019007c5b7d4: 3bc8 0f83 | 6047 0000 | 8b4c 2474 | 488b 9c24 | 8800 0000 | 4d8d 4c8b | 1041 807f | 4800 0f85 
  0x0000019007c5b7f4: e99c 0000 | 4c8b c349 | c1e8 0345 | 8901 4d8b | d14c 33d3 | 49c1 ea15 | 0f84 1e00 | 0000 4d8b 
  0x0000019007c5b814: d149 c1ea | 0949 b800 | a0bf 7090 | 0100 004d | 03d0 4180 | 3a02 0f85 | 0f9d 0000 | 448b 5c24 
  0x0000019007c5b834: 4c43 8b6c | dc0c 448b | 9424 9000 | 0000 443b | d50f 84e1 | 4400 0043 | 8b6c dc20 

  0x0000019007c5b850: ; implicit exception: dispatches to 0x0000019007c623b8
  0x0000019007c5b850: 458b 44ec | 0c44 8b94 | 2498 0000 | 0045 3bd0 | 0f83 d636 | 0000 4d8d | 14ec 448b | 8c24 9800 
  0x0000019007c5b870: 0000 478b | 4c8a 1047 | 8b54 cc10 | 473b 64cc | 0c0f 8594 | 0e00 0045 | 85c0 0f86 | d43a 0000 
  0x0000019007c5b890: 4183 f802 

  0x0000019007c5b894: ;   {other}
  0x0000019007c5b894: 0f86 ca3a | 0000 458b | 5cec 1045 | 85db 0f84 | b038 0000 | 473b 64dc | 0c0f 850e | 1d00 0041 
  0x0000019007c5b8b4: 83f8 030f | 862f 3b00 | 0045 8b5c | ec14 4585 | db0f 848d | 3800 0047 | 3b64 dc0c | 0f85 eb1c 
  0x0000019007c5b8d4: 0000 458b | 54ec 1845 | 85d2 0f84 | 7438 0000 | 473b 64d4 | 0c0f 85d2 | 1c00 0045 | 8b5c ec1c 
  0x0000019007c5b8f4: 4585 db0f | 845b 3800 | 0047 3b64 | dc0c 0f85 | b91c 0000 | 448b 5424 | 7043 8b6c | d40c 488b 
  0x0000019007c5b914: bc24 8800 | 0000 4b8d | 5ccc 0c41 | 807f 4800 | 0f85 6c9c | 0000 488b | cf48 c1e9 | 0389 0b4c 
  0x0000019007c5b934: 8bdb 4c33 | df49 c1eb | 150f 841e | 0000 004c | 8bdb 49c1 | eb09 48b9 | 00a0 bf70 | 9001 0000 
  0x0000019007c5b954: 4c03 d941 | 803b 020f | 85ad 9c00 | 004f 8d5c | cc10 4180 | 7f48 000f | 851c 9d00 | 004c 8bc7 
  0x0000019007c5b974: 49c1 e803 | 4589 034d | 8bd3 4c33 | d749 c1ea | 150f 841e | 0000 004d | 8bd3 49c1 | ea09 49b8 
  0x0000019007c5b994: ;   {other}
  0x0000019007c5b994: 00a0 bf70 | 9001 0000 | 4d03 d041 | 803a 020f | 854c 9d00 

  0x0000019007c5b9a8: ;   {oop(a 'sun/awt/AWTAutoShutdown'{0x000000070863a018})}
  0x0000019007c5b9a8: 0081 fd03 | 740c e10f | 84cb 4300 | 0044 8b5c | 244c 478b | 5cdc 3444 | 895c 2470 | 4585 db0f 
  0x0000019007c5b9c8: 8407 4400 

  0x0000019007c5b9cc: ;   {oop(a 'sun/awt/AWTAutoShutdown'{0x000000070863a018})}
  0x0000019007c5b9cc: 0041 bb03 | 740c e147 | 8b54 dc14 | 4489 5424 | 7445 85d2 | 0f84 de37 | 0000 49c1 | e203 4c89 
  0x0000019007c5b9ec: 9424 8000 | 0000 4c8b | 9c24 8000 | 0000 488d | 9c24 d000 | 0000 4d8b | 1341 8b9f | d806 0000 
  0x0000019007c5ba0c: 41f6 c202 | 0f85 3700 | 0000 81fb | 2707 0000 | 0f8f 4b00 | 0000 4d3b | 5c1f f874 | 1649 8bc2 
  0x0000019007c5ba2c: 4883 c801 | 4983 e2fe | f04d 0fb1 | 130f 852e | 0000 004d | 891c 1f41 | 8387 d806 | 0000 08eb 
  0x0000019007c5ba4c: 1e48 33c0 | 498b 9fc8 | 0400 00f0 | 490f b15a | 3e74 0c48 | 3bd8 7509 | 49ff 8286 | 0000 0033 
  0x0000019007c5ba6c: c00f 85dd 

  0x0000019007c5ba70: ;   {oop(a 'sun/awt/AWTAutoShutdown'{0x000000070863a018})}
  0x0000019007c5ba70: 3900 0041 | ba03 740c | e147 8b5c | d410 4489 | 9c24 8800 | 0000 4585 | db0f 84ad | 3700 004f 
  0x0000019007c5ba90: 8d14 dc4c | 8994 2490 | 0000 004c | 8b9c 2490 | 0000 0048 | 8d9c 24d8 | 0000 004d | 8b13 418b 
  0x0000019007c5bab0: 9fd8 0600 | 0041 f6c2 | 020f 8537 | 0000 0081 | fb27 0700 | 000f 8f4b | 0000 004d | 3b5c 1ff8 
  0x0000019007c5bad0: 7416 498b | c248 83c8 | 0149 83e2 | fef0 4d0f | b113 0f85 | 2e00 0000 | 4d89 1c1f | 4183 87d8 
  0x0000019007c5baf0: 0600 0008 | eb1e 4833 | c049 8b9f | c804 0000 | f049 0fb1 | 5a3e 740c | 483b d875 | 0949 ff82 
  0x0000019007c5bb10: 8600 0000 | 33c0 0f85 | 5139 0000 

  0x0000019007c5bb1c: ;   {oop(a 'sun/awt/AWTAutoShutdown'{0x000000070863a018})}
  0x0000019007c5bb1c: 41bb 0374 | 0ce1 438b | 6cdc 2085 | ed0f 8421 

  0x0000019007c5bb2c: ;   {oop(a 'sun/awt/AWTAutoShutdown'{0x000000070863a018})}
  0x0000019007c5bb2c: 4300 0041 | ba03 740c | e147 8b4c | d418 470f | b654 d40c | 4585 d20f | 8537 0f00 | 0043 8b6c 
  0x0000019007c5bb4c: dc1c 458b 

  0x0000019007c5bb50: ;   {metadata('java/util/IdentityHashMap')}
  0x0000019007c5bb50: 54ec 0841 | 81fa c878 | 2500 0f85 | ac3b 0000 | 4d8d 14ec | 458b 5a1c | 4585 db0f | 84cf 1700 
  0x0000019007c5bb70: 0045 85c9 | 0f84 0f0f | 0000 478b 

  0x0000019007c5bb7c: ;   {metadata('java/util/HashSet')}
  0x0000019007c5bb7c: 5ccc 0841 | 81fb 7068 | 2300 0f85 | 0139 0000 | 4f8d 14cc | 458b 520c | 4585 d20f | 843b 3700 
  0x0000019007c5bb9c: 004b 8d14 | d444 8b54 | 2470 4f8d 

  0x0000019007c5bba8: ;   {oop(a 'java/lang/Object'{0x0000000708613760})}
  0x0000019007c5bba8: 04d4 49b9 | 6037 6108 | 0700 0000 

  0x0000019007c5bbb4: ;   {optimized virtual_call}
  0x0000019007c5bbb4: 6666 90e8 

  0x0000019007c5bbb8: ; ImmutableOopMap {[32]=Oop [40]=Oop [48]=NarrowOop [52]=NarrowOop [56]=Oop [64]=Oop [72]=NarrowOop [76]=NarrowOop [80]=Oop [88]=Oop [96]=Oop [104]=Oop [116]=NarrowOop [120]=Oop [128]=Oop [136]=NarrowOop [144]=Oop }
                      ;*invokevirtual put {reexecute=0 rethrow=0 return_oop=1}
                      ; - java.util.HashSet::add@8 (line 230)
                      ; - sun.awt.AWTAutoShutdown::notifyThreadBusy@57 (line 178)
                      ; - java.awt.EventQueue::postEvent@102 (line 339)
                      ; - java.awt.EventQueue::postEventPrivate@76 (line 288)
                      ; - java.awt.EventQueue::postEvent@9 (line 260)
                      ; - sun.awt.PostEventQueue::flush@87 (line 2068)
                      ; - sun.awt.SunToolkit::flushPendingEvents@15 (line 503)
                      ; - java.awt.EventQueue::postEvent@4 (line 259)
                      ; - sun.awt.PostEventQueue::flush@87 (line 2068)
                      ; - sun.awt.SunToolkit::flushPendingEvents@15 (line 503)
                      ; - java.awt.EventQueue::getNextEvent@4 (line 544)
                      ; - java.awt.EventDispatchThread::pumpOneEventForFilters@20 (line 190)
  0x0000019007c5bbb8: 2432 92ff 

  0x0000019007c5bbbc: ;   {post_call_nop}
  0x0000019007c5bbbc: 0f1f 8400 | b43c 001d | 4c8b 9c24 | 9000 0000 | 488d 8424 | d800 0000 | 418b 87d8 | 0600 004d 
  0x0000019007c5bbdc: 8b13 4d3b | 5c07 f80f | 852e 0000 | 0041 83af | d806 0000 | 084d 3b5c | 07f0 0f84 | 5f00 0000 
  0x0000019007c5bbfc: 498b c248 | 83e0 fc49 | 83ca 01f0 | 4d0f b113 | 0f85 28ab | 0000 e944 | 0000 0049 | 83ba 8600 
  0x0000019007c5bc1c: 0000 0075 | 3349 c742 | 3e00 0000 | 00f0 8344 | 24c0 0049 | 83ba 8e00 | 0000 0074 | 2249 83ba 
  0x0000019007c5bc3c: 9e00 0000 | 0075 1849 | 83e2 fd4d | 8997 e805 | 0000 4183 | ca01 eb0a | 49ff 8a86 | 0000 0045 
  0x0000019007c5bc5c: 33d2 0f85 | b838 0000 | 4c8b 9c24 | 8000 0000 | 488d 8424 | d000 0000 | 418b 87d8 | 0600 004d 
  0x0000019007c5bc7c: 8b13 4d3b | 5c07 f80f | 852e 0000 | 0041 83af | d806 0000 | 084d 3b5c | 07f0 0f84 | 5f00 0000 
  0x0000019007c5bc9c: 498b c248 | 83e0 fc49 | 83ca 01f0 | 4d0f b113 | 0f85 7baa | 0000 e944 | 0000 0049 

  0x0000019007c5bcb8: ;   {other}
  0x0000019007c5bcb8: 83ba 8600 | 0000 0075 | 3349 c742 | 3e00 0000 | 00f0 8344 | 24c0 0049 | 83ba 8e00 | 0000 0074 
  0x0000019007c5bcd8: 2249 83ba | 9e00 0000 | 0075 1849 | 83e2 fd4d | 8997 e805 | 0000 4183 | ca01 eb0a | 49ff 8a86 
  0x0000019007c5bcf8: 0000 0045 | 33d2 0f85 | 4038 0000 | 448b 5c24 | 4c43 8b6c | dc30 458b 

  0x0000019007c5bd10: ;   {metadata('java/util/concurrent/locks/AbstractQueuedSynchronizer$ConditionObject')}
  0x0000019007c5bd10: 54ec 0841 | 81fa d0f8 | 0001 0f85 | 4c38 0000 | 4d8d 14ec | 4c89 5424 | 7045 8b42 | 1447 8b5c 
  0x0000019007c5bd30: c408 418b 

  0x0000019007c5bd34: ;   {metadata('java/util/concurrent/locks/ReentrantLock$NonfairSync')}
  0x0000019007c5bd34: 6a0c 4181 | fb50 152d | 000f 857d | 3800 004b 

  0x0000019007c5bd44: ;   {optimized virtual_call}
  0x0000019007c5bd44: 8d14 c4e8 

  0x0000019007c5bd48: ; ImmutableOopMap {rbp=NarrowOop [32]=Oop [40]=Oop [48]=NarrowOop [52]=NarrowOop [56]=Oop [64]=Oop [72]=NarrowOop [76]=NarrowOop [80]=Oop [88]=Oop [96]=Oop [104]=Oop [112]=Oop [120]=Oop }
                      ;*invokevirtual isHeldExclusively {reexecute=0 rethrow=0 return_oop=0}
                      ; - java.util.concurrent.locks.AbstractQueuedSynchronizer$ConditionObject::signalAll@9 (line 1590)
                      ; - java.awt.EventQueue::postEvent@109 (line 341)
                      ; - java.awt.EventQueue::postEventPrivate@76 (line 288)
                      ; - java.awt.EventQueue::postEvent@9 (line 260)
                      ; - sun.awt.PostEventQueue::flush@87 (line 2068)
                      ; - sun.awt.SunToolkit::flushPendingEvents@15 (line 503)
                      ; - java.awt.EventQueue::postEvent@4 (line 259)
                      ; - sun.awt.PostEventQueue::flush@87 (line 2068)
                      ; - sun.awt.SunToolkit::flushPendingEvents@15 (line 503)
                      ; - java.awt.EventQueue::getNextEvent@4 (line 544)
                      ; - java.awt.EventDispatchThread::pumpOneEventForFilters@20 (line 190)
  0x0000019007c5bd48: 9430 92ff 

  0x0000019007c5bd4c: ;   {post_call_nop}
  0x0000019007c5bd4c: 0f1f 8400 | 443e 001e | 85c0 0f84 | 5c41 0000 | 85ed 741c | 4d8d 04ec | 488b 5424 | 7041 b901 
  0x0000019007c5bd6c: ;   {optimized virtual_call}
  0x0000019007c5bd6c: 0000 00e8 

  0x0000019007c5bd70: ; ImmutableOopMap {[32]=Oop [40]=Oop [48]=NarrowOop [52]=NarrowOop [56]=Oop [64]=Oop [72]=NarrowOop [76]=NarrowOop [80]=Oop [88]=Oop [96]=Oop [104]=Oop [120]=Oop }
                      ;*invokevirtual doSignal {reexecute=0 rethrow=0 return_oop=0}
                      ; - java.util.concurrent.locks.AbstractQueuedSynchronizer$ConditionObject::signalAll@30 (line 1593)
                      ; - java.awt.EventQueue::postEvent@109 (line 341)
                      ; - java.awt.EventQueue::postEventPrivate@76 (line 288)
                      ; - java.awt.EventQueue::postEvent@9 (line 260)
                      ; - sun.awt.PostEventQueue::flush@87 (line 2068)
                      ; - sun.awt.SunToolkit::flushPendingEvents@15 (line 503)
                      ; - java.awt.EventQueue::postEvent@4 (line 259)
                      ; - sun.awt.PostEventQueue::flush@87 (line 2068)
                      ; - sun.awt.SunToolkit::flushPendingEvents@15 (line 503)
                      ; - java.awt.EventQueue::getNextEvent@4 (line 544)
                      ; - java.awt.EventDispatchThread::pumpOneEventForFilters@20 (line 190)
  0x0000019007c5bd70: 6c30 92ff 

  0x0000019007c5bd74: ;   {post_call_nop}
  0x0000019007c5bd74: 0f1f 8400 | 6c3e 001f | 448b 5424 | 4c43 8b6c | d42c 458b 

  0x0000019007c5bd88: ;   {metadata('java/util/concurrent/locks/ReentrantLock')}
  0x0000019007c5bd88: 5cec 0841 | 81fb 8894 | 1d00 0f85 | a032 0000 | 498d 14ec 

  0x0000019007c5bd9c: ;   {optimized virtual_call}
  0x0000019007c5bd9c: 6666 90e8 

  0x0000019007c5bda0: ; ImmutableOopMap {[32]=Oop [40]=Oop [48]=NarrowOop [52]=NarrowOop [56]=Oop [64]=Oop [72]=NarrowOop [80]=Oop [88]=Oop [96]=Oop [104]=Oop }
                      ;*invokeinterface unlock {reexecute=0 rethrow=0 return_oop=0}
                      ; - java.awt.EventQueue::postEventPrivate@83 (line 290)
                      ; - java.awt.EventQueue::postEvent@9 (line 260)
                      ; - sun.awt.PostEventQueue::flush@87 (line 2068)
                      ; - sun.awt.SunToolkit::flushPendingEvents@15 (line 503)
                      ; - java.awt.EventQueue::postEvent@4 (line 259)
                      ; - sun.awt.PostEventQueue::flush@87 (line 2068)
                      ; - sun.awt.SunToolkit::flushPendingEvents@15 (line 503)
                      ; - java.awt.EventQueue::getNextEvent@4 (line 544)
                      ; - java.awt.EventDispatchThread::pumpOneEventForFilters@20 (line 190)
  0x0000019007c5bda0: 3c30 92ff 

  0x0000019007c5bda4: ;   {post_call_nop}
  0x0000019007c5bda4: 0f1f 8400 | 9c3e 0020 | 4d8b 5730 | 4c8b 5c24 | 6845 8b5b 

  0x0000019007c5bdb8: ; ImmutableOopMap {r11=NarrowOop [32]=Oop [40]=Oop [48]=NarrowOop [52]=NarrowOop [56]=Oop [64]=Oop [72]=NarrowOop [80]=Oop [88]=Oop [96]=Oop }
                      ;*goto {reexecute=1 rethrow=0 return_oop=0}
                      ; - (reexecute) sun.awt.PostEventQueue::flush@95 (line 2069)
                      ; - sun.awt.SunToolkit::flushPendingEvents@15 (line 503)
                      ; - java.awt.EventQueue::postEvent@4 (line 259)
                      ; - sun.awt.PostEventQueue::flush@87 (line 2068)
                      ; - sun.awt.SunToolkit::flushPendingEvents@15 (line 503)
                      ; - java.awt.EventQueue::getNextEvent@4 (line 544)
                      ; - java.awt.EventDispatchThread::pumpOneEventForFilters@20 (line 190)
                      ;   {poll}
  0x0000019007c5bdb8: 1041 8502 | 4585 db0f | 8570 0100 | 004c 8b5c | 2458 488d | 9c24 d000 | 0000 4d8b | 1341 8b9f 
  0x0000019007c5bdd8: d806 0000 | 41f6 c202 | 0f85 3700 | 0000 81fb | 2707 0000 | 0f8f 4b00 | 0000 4d3b | 5c1f f874 
  0x0000019007c5bdf8: 1649 8bc2 | 4883 c801 | 4983 e2fe | f04d 0fb1 | 130f 852e | 0000 004d | 891c 1f41 | 8387 d806 
  0x0000019007c5be18: 0000 08eb | 1e48 33c0 | 498b 9fc8 | 0400 00f0 | 490f b15a | 3e74 0c48 | 3bd8 7509 | 49ff 8286 
  0x0000019007c5be38: 0000 0033 | c00f 851d | 3e00 004c | 8b4c 2458 | 4833 db4d | 8d59 1841 | 807f 4800 | 0f85 f298 
  0x0000019007c5be58: 0000 4189 | 1b49 8bd1 

  0x0000019007c5be60: ;   {optimized virtual_call}
  0x0000019007c5be60: 6666 90e8 

  0x0000019007c5be64: ; ImmutableOopMap {[32]=Oop [40]=Oop [48]=NarrowOop [52]=NarrowOop [56]=Oop [64]=Oop [72]=NarrowOop [80]=Oop [88]=Oop [96]=Oop }
                      ;*invokevirtual notifyAll {reexecute=0 rethrow=0 return_oop=0}
                      ; - sun.awt.PostEventQueue::flush@108 (line 2077)
                      ; - sun.awt.SunToolkit::flushPendingEvents@15 (line 503)
                      ; - java.awt.EventQueue::postEvent@4 (line 259)
                      ; - sun.awt.PostEventQueue::flush@87 (line 2068)
                      ; - sun.awt.SunToolkit::flushPendingEvents@15 (line 503)
                      ; - java.awt.EventQueue::getNextEvent@4 (line 544)
                      ; - java.awt.EventDispatchThread::pumpOneEventForFilters@20 (line 190)
  0x0000019007c5be64: 782f 92ff 

  0x0000019007c5be68: ;   {post_call_nop}
  0x0000019007c5be68: 0f1f 8400 | 603f 0022 | 4c8b 5c24 | 5848 8d84 | 24d0 0000 | 0041 8b87 | d806 0000 | 4d8b 134d 
  0x0000019007c5be88: 3b5c 07f8 | 0f85 2e00 | 0000 4183 | afd8 0600 | 0008 4d3b | 5c07 f00f | 845f 0000 | 0049 8bc2 
  0x0000019007c5bea8: 4883 e0fc | 4983 ca01 | f04d 0fb1 | 130f 8565 | a800 00e9 | 4400 0000 | 4983 ba86 | 0000 0000 
  0x0000019007c5bec8: 7533 49c7 | 423e 0000 | 0000 f083 | 4424 c000 | 4983 ba8e | 0000 0000 | 7422 4983 | ba9e 0000 
  0x0000019007c5bee8: 0000 7518 | 4983 e2fd | 4d89 97e8 | 0500 0041 | 83ca 01eb | 0a49 ff8a | 8600 0000 | 4533 d20f 
  0x0000019007c5bf08: 84a8 f3ff | ff49 8bcb | 488d 9424 | d000 0000 

  0x0000019007c5bf18: ;   {runtime_call}
  0x0000019007c5bf18: 4d8b c749 | ba80 a387 | 9df9 7f00 | 0041 ffd2 

  0x0000019007c5bf28: ;   {post_call_nop}
  0x0000019007c5bf28: 0f1f 8400 | 0000 0000 | e980 f3ff | ff4f 8d14 | dc4c 8954 | 2468 4c8b | 5424 5845 | 8b52 1444 
  0x0000019007c5bf48: 8954 244c | 4c8b 5424 | 6845 8b5a | 0c44 895c | 2470 448b | 5424 4c47 | 8b5c d444 | 498b d348 
  0x0000019007c5bf68: c1e2 0349 | c1e2 034c | 8954 2478 

  0x0000019007c5bf74: ;   {static_call}
  0x0000019007c5bf74: 6666 90e8 

  0x0000019007c5bf78: ; ImmutableOopMap {[32]=Oop [40]=Oop [48]=NarrowOop [52]=NarrowOop [56]=Oop [64]=Oop [72]=NarrowOop [76]=NarrowOop [80]=Oop [88]=Oop [96]=Oop [104]=Oop [112]=NarrowOop [120]=Oop }
                      ;*invokestatic flushPendingEvents {reexecute=0 rethrow=0 return_oop=0}
                      ; - java.awt.EventQueue::postEvent@4 (line 259)
                      ; - sun.awt.PostEventQueue::flush@87 (line 2068)
                      ; - sun.awt.SunToolkit::flushPendingEvents@15 (line 503)
                      ; - java.awt.EventQueue::postEvent@4 (line 259)
                      ; - sun.awt.PostEventQueue::flush@87 (line 2068)
                      ; - sun.awt.SunToolkit::flushPendingEvents@15 (line 503)
                      ; - java.awt.EventQueue::getNextEvent@4 (line 544)
                      ; - java.awt.EventDispatchThread::pumpOneEventForFilters@20 (line 190)
  0x0000019007c5bf78: 6434 92ff 

  0x0000019007c5bf7c: ;   {post_call_nop}
  0x0000019007c5bf7c: 0f1f 8400 | 7440 0023 | 448b 5424 | 7047 8b54 | d408 4489 | 5424 7444 | 8b5c 2470 | 43c6 44dc 
  0x0000019007c5bf9c: 1a01 448b | 5424 4c43 | 8b6c d42c 

  0x0000019007c5bfa8: ; implicit exception: dispatches to 0x0000019007c622b0
  0x0000019007c5bfa8: 458b 54ec 

  0x0000019007c5bfac: ;   {metadata('java/util/concurrent/locks/ReentrantLock')}
  0x0000019007c5bfac: 0841 81fa | 8894 1d00 | 0f85 1a30 | 0000 4d8d | 14ec 458b | 520c 4585 | d20f 84f1 | 2e00 0049 
  0x0000019007c5bfcc: c1e3 034c | 899c 2480 | 0000 0033 | c041 bb01 | 0000 00f0 | 470f b15c | d418 410f | 94c0 450f 
  0x0000019007c5bfec: b6c0 4585 | c00f 84dc | 0b00 0048 | 8b4c 2460 | 4f8d 4cd4 | 0c41 807f | 4800 0f85 | a897 0000 
  0x0000019007c5c00c: 4c8b c149 | c1e8 0345 | 8901 4d8b | d94c 33d9 | 49c1 eb15 | 0f84 1e00 | 0000 4d8b | d949 c1eb 
  0x0000019007c5c02c: 0949 b800 | a0bf 7090 | 0100 004d | 03d8 4180 | 3b02 0f85 | d897 0000 | 448b 5424 | 4c43 8b6c 
  0x0000019007c5c04c: d424 85ed | 0f85 273c | 0000 438b | 6cd4 3485 | ed0f 8471 | 3c00 0044 | 8b54 2474 

  0x0000019007c5c068: ;   {metadata('sun/awt/PeerEvent')}
  0x0000019007c5c068: 4181 fa50 | 1e13 010f | 856c 0800 | 004c 8b94 | 2480 0000 | 004d 8b52 | 4041 f6c2 | 020f 844f 
  0x0000019007c5c088: 0900 0041 | ba03 0000 | 0044 8994 | 2498 0000 | 0044 8b54 | 2470 478b | 54d4 0c47 | 8b44 d408 
  0x0000019007c5c0a8: 41bb 0000 | 0089 4d03 | d84d 8b5b 

  0x0000019007c5c0b4: ;   {metadata('java/awt/Component')}
  0x0000019007c5c0b4: 3849 b880 | 3288 0f90 | 0100 004d | 3bd8 7534 | 448b 4424 

  0x0000019007c5c0c8: ;   {metadata('sun/awt/PeerEvent')}
  0x0000019007c5c0c8: 7441 81f8 | 501e 1301 | 0f85 2109 | 0000 4c8b | 8424 8000 | 0000 488b 

  0x0000019007c5c0e0: ;   {optimized virtual_call}
  0x0000019007c5c0e0: 5424 78e8 

  0x0000019007c5c0e4: ; ImmutableOopMap {[32]=Oop [40]=Oop [48]=NarrowOop [52]=NarrowOop [56]=Oop [64]=Oop [72]=NarrowOop [76]=NarrowOop [80]=Oop [88]=Oop [96]=Oop [104]=Oop [112]=NarrowOop [120]=Oop [128]=Oop }
                      ;*invokevirtual coalescePeerEvent {reexecute=0 rethrow=0 return_oop=0}
                      ; - java.awt.EventQueue::coalesceEvent@24 (line 451)
                      ; - java.awt.EventQueue::postEvent@3 (line 323)
                      ; - java.awt.EventQueue::postEventPrivate@76 (line 288)
                      ; - java.awt.EventQueue::postEvent@9 (line 260)
                      ; - sun.awt.PostEventQueue::flush@87 (line 2068)
                      ; - sun.awt.SunToolkit::flushPendingEvents@15 (line 503)
                      ; - java.awt.EventQueue::postEvent@4 (line 259)
                      ; - sun.awt.PostEventQueue::flush@87 (line 2068)
                      ; - sun.awt.SunToolkit::flushPendingEvents@15 (line 503)
                      ; - java.awt.EventQueue::getNextEvent@4 (line 544)
                      ; - java.awt.EventDispatchThread::pumpOneEventForFilters@20 (line 190)
  0x0000019007c5c0e4: f82c 92ff 

  0x0000019007c5c0e8: ;   {post_call_nop}
  0x0000019007c5c0e8: 0f1f 8400 | e041 0024 | 85c0 0f85 | d43e 0000 | 4d8b 9fc8 | 0100 004d | 8bd3 4983 | c218 4d3b 
  0x0000019007c5c108: 97d8 0100 | 000f 83e4 | 1800 004d | 8997 c801 | 0000 410f | 0d8a c000 | 0000 49c7 | 0301 0000 
  0x0000019007c5c128: ;   {metadata('sun/awt/EventQueueItem')}
  0x0000019007c5c128: 0041 c743 | 0808 2113 | 0145 8963 | 0c4d 8963 | 104c 899c | 2488 0000 | 0044 8b44 | 2470 4589 
  0x0000019007c5c148: 430c 478b | 54c4 1444 | 8994 2490 | 0000 0041 | 81fa f701 | 0000 750b | 41ba 0200 | 0000 e90b 
  0x0000019007c5c168: f6ff ff41 | 81fa fa01 | 0000 0f84 | eb08 0000 | 4181 c206 | feff ff41 | 81fa 2801 | 0000 0f82 
  0x0000019007c5c188: eb10 0000 | 448b 5c24 

  0x0000019007c5c190: ;   {metadata('sun/awt/PeerEvent')}
  0x0000019007c5c190: 7441 81fb | 501e 1301 | 0f84 d2f5 | ffff 41bb | ffff ffff | 458b d3e9 | caf5 ffff | 4585 db0f 
  0x0000019007c5c1b0: 8497 3e00 | 0048 8b54 | 2468 4b8d | 4ccc 1041 | 807f 4800 | 0f85 a996 | 0000 488b | fa48 c1ef 
  0x0000019007c5c1d0: 0389 3948 | 8bd9 4833 | da48 c1eb | 150f 841d | 0000 0048 | 8bd9 48c1 | eb09 48bf | 00a0 bf70 
  0x0000019007c5c1f0: 9001 0000 | 4803 df80 | 3b02 0f85 | f896 0000 | 4f8d 4cdc | 1041 807f | 4800 0f85 | 6597 0000 
  0x0000019007c5c210: 4c8b d249 | c1ea 0345 | 8911 4d8b | c14c 33c2 | 49c1 e815 | 0f84 1e00 | 0000 4d8b | c149 c1e8 
  0x0000019007c5c230: 0949 ba00 | a0bf 7090 | 0100 004d | 03c2 4180 | 3802 0f85 | 9597 0000 | e9fb ddff | ff47 8b5c 
  0x0000019007c5c250: c40c 4585 | db0f 841f | caff ff43 | 8b44 c40c | 448b d041 | 83e2 fef0 | 470f b154 | c40c 400f 
  0x0000019007c5c270: 94c5 400f | b6ed 85ed | 0f84 5243 | 0000 478b | 5cc4 1845 | 85db 0f84 | eec9 ffff | 4f8d 04dc 
  0x0000019007c5c290: ;   {other}
  0x0000019007c5c290: 478b 54dc | 0841 bb00 | 0000 894d | 03da 4d8b 

  0x0000019007c5c2a0: ;   {metadata('java/lang/BaseVirtualThread')}
  0x0000019007c5c2a0: 5340 49bb | 403e 1a89 | 0000 0000 | 4d3b d30f | 8554 0900 

  0x0000019007c5c2b4: ;   {oop(a 'java/lang/System$1'{0x0000000708639da0})}
  0x0000019007c5c2b4: 0048 baa0 | 9d63 0807 

  0x0000019007c5c2bc: ;   {optimized virtual_call}
  0x0000019007c5c2bc: 0000 00e8 

  0x0000019007c5c2c0: ; ImmutableOopMap {[32]=Oop [40]=Oop [48]=NarrowOop [52]=NarrowOop [64]=Oop [96]=Oop }
                      ;*invokeinterface unparkVirtualThread {reexecute=0 rethrow=0 return_oop=0}
                      ; - java.util.concurrent.locks.LockSupport::unpark@15 (line 181)
                      ; - java.util.concurrent.locks.AbstractQueuedSynchronizer::signalNext@30 (line 646)
                      ; - java.util.concurrent.locks.AbstractQueuedSynchronizer::release@12 (line 1100)
                      ; - java.util.concurrent.locks.ReentrantLock::unlock@5 (line 495)
                      ; - java.awt.EventQueue::getNextEvent@31 (line 554)
                      ; - java.awt.EventDispatchThread::pumpOneEventForFilters@20 (line 190)
  0x0000019007c5c2c0: 1c2b 92ff 

  0x0000019007c5c2c4: ;   {post_call_nop}
  0x0000019007c5c2c4: 0f1f 8400 | bc43 0025 | e9a9 c9ff 

  0x0000019007c5c2d0: ;   {metadata('java/awt/event/MouseEvent')}
  0x0000019007c5c2d0: ff41 81f8 | 783c 1301 | 0f85 5e51 | 0000 41ba | 0300 0000 | e997 c8ff | ff44 8b54 | 2434 478b 
  0x0000019007c5c2f0: 5cd4 1441 | 81c3 e0fc | ffff 4183 | fb02 0f82 | 7514 0000 | 41ba 0100 | 0000 4489 | 5424 70e9 
  0x0000019007c5c310: 65d4 ffff | 443b d60f | 845a ccff | ff33 ed44 | 3bd6 400f | 94c5 ba45 | ffff ff48 | ff74 2428 
  0x0000019007c5c330: 488f 4424 | 2048 8944 | 24f8 8b44 | 2430 8944 | 242c 488b | 4424 f844 | 894c 2444 | 4489 5424 
  0x0000019007c5c350: 4844 8944 | 244c 4489 | 5c24 5089 

  0x0000019007c5c35c: ;   {runtime_call UncommonTrapBlob}
  0x0000019007c5c35c: 4c24 54e8 

  0x0000019007c5c360: ; ImmutableOopMap {[32]=Oop [44]=NarrowOop [56]=NarrowOop [60]=NarrowOop [72]=NarrowOop [76]=NarrowOop [80]=NarrowOop [88]=NarrowOop }
                      ;*ifeq {reexecute=1 rethrow=0 return_oop=0}
                      ; - (reexecute) java.util.HashMap::removeNode@71 (line 827)
                      ; - java.util.HashMap::remove@9 (line 806)
                      ; - java.util.HashSet::remove@5 (line 246)
                      ; - sun.awt.AWTAutoShutdown::notifyThreadFree@24 (line 198)
                      ; - java.awt.EventQueue::getNextEvent@45 (line 551)
                      ; - java.awt.EventDispatchThread::pumpOneEventForFilters@20 (line 190)
  0x0000019007c5c360: fc37 9fff 

  0x0000019007c5c364: ;   {post_call_nop}
  0x0000019007c5c364: 0f1f 8400 | 5c44 0026 | 41f6 c201 | 0f84 920b | 0000 41bb | 0200 0000 | 4489 5c24 | 70e9 f3d3 
  0x0000019007c5c384: ffff 4585 | db0f 84dd | 3e00 0048 | 8b94 2488 | 0000 004b | 8d4c cc10 | 4180 7f48 | 000f 858d 
  0x0000019007c5c3a4: 9600 0048 | 8bfa 48c1 | ef03 8939 | 488b d948 | 33da 48c1 | eb15 0f84 | 1d00 0000 | 488b d948 
  0x0000019007c5c3c4: c1eb 0948 | bf00 a0bf | 7090 0100 | 0048 03df | 803b 020f | 85dc 9600 | 004f 8d4c | dc10 4180 
  0x0000019007c5c3e4: 7f48 000f | 8549 9700 | 004c 8bd2 | 49c1 ea03 | 4589 114d | 8bc1 4c33 | c249 c1e8 | 150f 841e 
  0x0000019007c5c404: 0000 004d | 8bc1 49c1 | e809 49ba | 00a0 bf70 | 9001 0000 | 4d03 c241 | 8038 020f | 8579 9700 
  0x0000019007c5c424: 00e9 66e9 | ffff 49c1 | e203 410f | b66a 3e85 | ed0f 85f5 | 4100 0041 | ba00 0000 | 894d 03d3 
  0x0000019007c5c444: 4d8b 5a50 

  0x0000019007c5c448: ;   {metadata('java/awt/event/PaintEvent')}
  0x0000019007c5c448: 49b8 f839 | 138a 0000 | 0000 4d3b | d80f 8520 | 0800 0044 | 8b54 244c 

  0x0000019007c5c460: ;   {metadata('sun/awt/event/IgnorePaintEvent')}
  0x0000019007c5c460: 4181 fa18 | 4d11 010f | 85ff 4e00 | 004c 8b44 | 2458 488b 

  0x0000019007c5c474: ;   {optimized virtual_call}
  0x0000019007c5c474: 5424 50e8 

  0x0000019007c5c478: ; ImmutableOopMap {[32]=Oop [40]=Oop [48]=NarrowOop [52]=NarrowOop [56]=Oop [64]=Oop [72]=NarrowOop [80]=Oop [88]=Oop [96]=Oop }
                      ;*invokevirtual coalescePaintEvent {reexecute=0 rethrow=0 return_oop=0}
                      ; - java.awt.EventQueue::coalesceEvent@64 (line 460)
                      ; - java.awt.EventQueue::postEvent@3 (line 323)
                      ; - java.awt.EventQueue::postEventPrivate@76 (line 288)
                      ; - java.awt.EventQueue::postEvent@9 (line 260)
                      ; - sun.awt.PostEventQueue::flush@87 (line 2068)
                      ; - sun.awt.SunToolkit::flushPendingEvents@15 (line 503)
                      ; - java.awt.EventQueue::getNextEvent@4 (line 544)
                      ; - java.awt.EventDispatchThread::pumpOneEventForFilters@20 (line 190)
  0x0000019007c5c478: 56a5 0000 

  0x0000019007c5c47c: ;   {post_call_nop}
  0x0000019007c5c47c: 0f1f 8400 | 7445 0027 | 85c0 0f84 | 4cd3 ffff | 8be8 e917 | 3200 0047 | 8b54 c40c | 4585 d20f 
  0x0000019007c5c49c: 8431 dcff | ff43 8b44 | c40c 448b | d841 83e3 | fef0 470f | b15c c40c | 400f 94c5 | 400f b6ed 
  0x0000019007c5c4bc: 85ed 0f84 | b841 0000 | 478b 54c4 | 1845 85d2 | 0f84 00dc | ffff 478b | 5cd4 084f | 8d04 d441 
  0x0000019007c5c4dc: ba00 0000 | 894d 03d3 | 4d8b 5240 

  0x0000019007c5c4e8: ;   {metadata('java/lang/BaseVirtualThread')}
  0x0000019007c5c4e8: 49bb 403e | 1a89 0000 | 0000 4d3b | d30f 8589 

  0x0000019007c5c4f8: ;   {oop(a 'java/lang/System$1'{0x0000000708639da0})}
  0x0000019007c5c4f8: 0800 0048 | baa0 9d63 | 0807 0000 

  0x0000019007c5c504: ;   {optimized virtual_call}
  0x0000019007c5c504: 0066 90e8 

  0x0000019007c5c508: ; ImmutableOopMap {[32]=Oop [40]=Oop [48]=NarrowOop [56]=Oop [64]=Oop [96]=Oop }
                      ;*invokeinterface unparkVirtualThread {reexecute=0 rethrow=0 return_oop=0}
                      ; - java.util.concurrent.locks.LockSupport::unpark@15 (line 181)
                      ; - java.util.concurrent.locks.AbstractQueuedSynchronizer::signalNext@30 (line 646)
                      ; - java.util.concurrent.locks.AbstractQueuedSynchronizer::release@12 (line 1100)
                      ; - java.util.concurrent.locks.ReentrantLock::unlock@5 (line 495)
                      ; - java.awt.EventQueue::postEventPrivate@83 (line 290)
                      ; - java.awt.EventQueue::postEvent@9 (line 260)
                      ; - sun.awt.PostEventQueue::flush@87 (line 2068)
                      ; - sun.awt.SunToolkit::flushPendingEvents@15 (line 503)
                      ; - java.awt.EventQueue::getNextEvent@4 (line 544)
                      ; - java.awt.EventDispatchThread::pumpOneEventForFilters@20 (line 190)
  0x0000019007c5c508: d428 92ff 

  0x0000019007c5c50c: ;   {post_call_nop}
  0x0000019007c5c50c: 0f1f 8400 | 0446 0028 | e9b9 dbff | ff47 8b5c | c40c 4585 | db0f 84c7 | ceff ff43 | 8b44 c40c 
  0x0000019007c5c52c: 448b d041 | 83e2 fef0 | 470f b154 | c40c 400f | 94c5 400f | b6ed 85ed | 0f84 7241 | 0000 478b 
  0x0000019007c5c54c: 5cc4 1845 | 85db 0f84 | 96ce ffff | 4f8d 04dc | 478b 54dc | 0841 bb00 | 0000 894d | 03da 4d8b 
  0x0000019007c5c56c: ;   {metadata('java/lang/BaseVirtualThread')}
  0x0000019007c5c56c: 5340 49bb | 403e 1a89 | 0000 0000 | 4d3b d30f | 8520 0800 

  0x0000019007c5c580: ;   {oop(a 'java/lang/System$1'{0x0000000708639da0})}
  0x0000019007c5c580: 0048 baa0 | 9d63 0807 

  0x0000019007c5c588: ;   {optimized virtual_call}
  0x0000019007c5c588: 0000 00e8 

  0x0000019007c5c58c: ; ImmutableOopMap {[32]=Oop [40]=Oop [48]=NarrowOop [72]=Oop [80]=Oop [96]=Oop }
                      ;*invokeinterface unparkVirtualThread {reexecute=0 rethrow=0 return_oop=0}
                      ; - java.util.concurrent.locks.LockSupport::unpark@15 (line 181)
                      ; - java.util.concurrent.locks.AbstractQueuedSynchronizer::signalNext@30 (line 646)
                      ; - java.util.concurrent.locks.AbstractQueuedSynchronizer::release@12 (line 1100)
                      ; - java.util.concurrent.locks.AbstractQueuedSynchronizer$ConditionObject::enableWait@62 (line 1615)
                      ; - java.util.concurrent.locks.AbstractQueuedSynchronizer$ConditionObject::await@26 (line 1740)
                      ; - java.awt.EventQueue::getNextEvent@52 (line 552)
                      ; - java.awt.EventDispatchThread::pumpOneEventForFilters@20 (line 190)
  0x0000019007c5c58c: 5028 92ff 

  0x0000019007c5c590: ;   {post_call_nop}
  0x0000019007c5c590: 0f1f 8400 | 8846 0029 | e951 ceff | ff47 8b54 | c40c 4585 | d20f 84db | bfff ff43 | 8b44 c40c 
  0x0000019007c5c5b0: 448b d841 | 83e3 fef0 | 470f b15c | c40c 400f | 94c5 400f | b6ed 85ed | 0f84 3641 | 0000 478b 
  0x0000019007c5c5d0: 54c4 1845 | 85d2 0f84 | aabf ffff | 4f8d 04d4 | 478b 5cd4 | 0841 ba00 | 0000 894d | 03d3 4d8b 
  0x0000019007c5c5f0: ;   {metadata('java/lang/BaseVirtualThread')}
  0x0000019007c5c5f0: 5240 49bb | 403e 1a89 | 0000 0000 | 4d3b d30f | 85b8 0700 

  0x0000019007c5c604: ;   {oop(a 'java/lang/System$1'{0x0000000708639da0})}
  0x0000019007c5c604: 0048 baa0 | 9d63 0807 

  0x0000019007c5c60c: ;   {optimized virtual_call}
  0x0000019007c5c60c: 0000 00e8 

  0x0000019007c5c610: ; ImmutableOopMap {[32]=Oop [40]=Oop [48]=NarrowOop [96]=Oop }
                      ;*invokeinterface unparkVirtualThread {reexecute=0 rethrow=0 return_oop=0}
                      ; - java.util.concurrent.locks.LockSupport::unpark@15 (line 181)
                      ; - java.util.concurrent.locks.AbstractQueuedSynchronizer::signalNext@30 (line 646)
                      ; - java.util.concurrent.locks.AbstractQueuedSynchronizer::release@12 (line 1100)
                      ; - java.util.concurrent.locks.ReentrantLock::unlock@5 (line 495)
                      ; - java.awt.EventQueue::getNextEvent@61 (line 554)
                      ; - java.awt.EventDispatchThread::pumpOneEventForFilters@20 (line 190)
  0x0000019007c5c610: cc27 92ff 

  0x0000019007c5c614: ;   {post_call_nop}
  0x0000019007c5c614: 0f1f 8400 | 0c47 002a | e965 bfff | ff41 baff | ffff ffe9 | 54c5 ffff | 448b 5c24 

  0x0000019007c5c630: ;   {metadata('java/awt/event/MouseEvent')}
  0x0000019007c5c630: 4c41 81fb | 783c 1301 | 0f85 2e4e | 0000 41ba | 0300 0000 | e935 d2ff | ff44 8b54 | 244c 478b 
  0x0000019007c5c650: 54d4 1441 | 81c2 e0fc | ffff 4183 | fa02 0f82 | 6d11 0000 | 41ba 0100 | 0000 4489 | 9424 9800 
  0x0000019007c5c670: 0000 e98b | eaff ff45 | 85c0 0f85 | ead5 ffff | baf6 ffff | ff48 8b6c | 2428 4889 | 4424 f88b 
  0x0000019007c5c690: 4424 3089 | 4424 2448 | 8b44 24f8 | 48ff 7424 | 3848 8f44 | 2428 4889 | 4424 f88b | 4424 6889 
  0x0000019007c5c6b0: 4424 5048 | 8b44 24f8 

  0x0000019007c5c6b8: ;   {runtime_call UncommonTrapBlob}
  0x0000019007c5c6b8: 6666 90e8 

  0x0000019007c5c6bc: ; ImmutableOopMap {rbp=Oop [36]=NarrowOop [40]=Oop [52]=NarrowOop [64]=Oop [72]=NarrowOop [76]=NarrowOop [80]=NarrowOop [96]=Oop }
                      ;*invokeinterface add {reexecute=0 rethrow=0 return_oop=0}
                      ; - sun.awt.AWTAutoShutdown::notifyThreadBusy@57 (line 178)
                      ; - java.awt.EventQueue::postEvent@102 (line 339)
                      ; - java.awt.EventQueue::postEventPrivate@76 (line 288)
                      ; - java.awt.EventQueue::postEvent@9 (line 260)
                      ; - sun.awt.PostEventQueue::flush@87 (line 2068)
                      ; - sun.awt.SunToolkit::flushPendingEvents@15 (line 503)
                      ; - java.awt.EventQueue::getNextEvent@4 (line 544)
                      ; - java.awt.EventDispatchThread::pumpOneEventForFilters@20 (line 190)
  0x0000019007c5c6bc: a034 9fff 

  0x0000019007c5c6c0: ;   {post_call_nop}
  0x0000019007c5c6c0: 0f1f 8400 | b847 002b | 478b 5cd4 | 0c49 c1e3 | 034c 8b44 | 2460 4d3b | d80f 85c3 | 0e00 0043 
  0x0000019007c5c6e0: 8b6c d418 | ffc5 85ed | 0f8c 6540 | 0000 4389 | 6cd4 18f0 | 8344 24c0 | 00e9 72c3 | ffff 41f6 
  0x0000019007c5c700: c201 0f84 | 440a 0000 | 41bb 0200 | 0000 4489 | 9c24 9800 | 0000 e9e7 | e9ff ff45 | 85d2 0f84 
  0x0000019007c5c720: 343e 0000 | 488b bc24 | 8800 0000 | 4b8d 5ccc | 1041 807f | 4800 0f85 | b994 0000 | 488b cf48 
  0x0000019007c5c740: c1e9 0389 | 0b4c 8bc3 | 4c33 c749 | c1e8 150f | 841e 0000 | 004c 8bc3 | 49c1 e809 | 48b9 00a0 
  0x0000019007c5c760: bf70 9001 | 0000 4c03 | c141 8038 | 020f 85f0 | 9400 004f | 8d44 d410 | 4180 7f48 | 000f 8555 
  0x0000019007c5c780: 9500 004c | 8bcf 49c1 | e903 4589 | 084d 8bd8 | 4c33 df49 | c1eb 150f | 841e 0000 | 004d 8bd8 
  0x0000019007c5c7a0: 49c1 eb09 | 49b9 00a0 | bf70 9001 | 0000 4d03 | d941 803b | 020f 8585 | 9500 00e9 

  0x0000019007c5c7bc: ;   {other}
  0x0000019007c5c7bc: bcf5 ffff | 4f8d 14dc | 410f b66a | 3e85 ed0f | 85b7 3f00 | 0044 8b44 | 2474 41ba | 0000 0089 
  0x0000019007c5c7dc: 4d03 d04d 

  0x0000019007c5c7e0: ;   {metadata('java/awt/event/PaintEvent')}
  0x0000019007c5c7e0: 8b5a 5049 | b8f8 3913 | 8a00 0000 | 004d 3bd8 | 0f85 f805 | 0000 448b 

  0x0000019007c5c7f8: ;   {metadata('sun/awt/event/IgnorePaintEvent')}
  0x0000019007c5c7f8: 5424 7441 | 81fa 184d | 1101 0f85 | ec4a 0000 | 4c8b 8424 | 8000 0000 | 488b 5424 

  0x0000019007c5c814: ;   {optimized virtual_call}
  0x0000019007c5c814: 7866 90e8 

  0x0000019007c5c818: ; ImmutableOopMap {[32]=Oop [40]=Oop [48]=NarrowOop [52]=NarrowOop [56]=Oop [64]=Oop [72]=NarrowOop [76]=NarrowOop [80]=Oop [88]=Oop [96]=Oop [104]=Oop [112]=NarrowOop [120]=Oop [128]=Oop }
                      ;*invokevirtual coalescePaintEvent {reexecute=0 rethrow=0 return_oop=0}
                      ; - java.awt.EventQueue::coalesceEvent@64 (line 460)
                      ; - java.awt.EventQueue::postEvent@3 (line 323)
                      ; - java.awt.EventQueue::postEventPrivate@76 (line 288)
                      ; - java.awt.EventQueue::postEvent@9 (line 260)
                      ; - sun.awt.PostEventQueue::flush@87 (line 2068)
                      ; - sun.awt.SunToolkit::flushPendingEvents@15 (line 503)
                      ; - java.awt.EventQueue::postEvent@4 (line 259)
                      ; - sun.awt.PostEventQueue::flush@87 (line 2068)
                      ; - sun.awt.SunToolkit::flushPendingEvents@15 (line 503)
                      ; - java.awt.EventQueue::getNextEvent@4 (line 544)
                      ; - java.awt.EventDispatchThread::pumpOneEventForFilters@20 (line 190)
  0x0000019007c5c818: c425 92ff 

  0x0000019007c5c81c: ;   {post_call_nop}
  0x0000019007c5c81c: 0f1f 8400 | 1449 002c | 85c0 0f84 | 38e9 ffff | 8be8 e953 | 3300 0047 | 8b5c c40c | 4585 db0f 
  0x0000019007c5c83c: 84d9 e5ff | ff43 8b44 | c40c 448b | d041 83e2 | fef0 470f | b154 c40c | 400f 94c5 | 400f b6ed 
  0x0000019007c5c85c: 85ed 0f84 | 9d3f 0000 | 478b 5cc4 | 1845 85db | 0f84 a8e5 | ffff 478b | 4cdc 084f | 8d04 dc41 
  0x0000019007c5c87c: ba00 0000 | 894d 03d1 | 4d8b 5240 

  0x0000019007c5c888: ;   {metadata('java/lang/BaseVirtualThread')}
  0x0000019007c5c888: 49bb 403e | 1a89 0000 | 0000 4d3b | d30f 8584 

  0x0000019007c5c898: ;   {oop(a 'java/lang/System$1'{0x0000000708639da0})}
  0x0000019007c5c898: 0600 0048 | baa0 9d63 | 0807 0000 

  0x0000019007c5c8a4: ;   {optimized virtual_call}
  0x0000019007c5c8a4: 0066 90e8 

  0x0000019007c5c8a8: ; ImmutableOopMap {[32]=Oop [40]=Oop [48]=NarrowOop [52]=NarrowOop [56]=Oop [64]=Oop [72]=NarrowOop [80]=Oop [88]=Oop [96]=Oop [104]=Oop }
                      ;*invokeinterface unparkVirtualThread {reexecute=0 rethrow=0 return_oop=0}
                      ; - java.util.concurrent.locks.LockSupport::unpark@15 (line 181)
                      ; - java.util.concurrent.locks.AbstractQueuedSynchronizer::signalNext@30 (line 646)
                      ; - java.util.concurrent.locks.AbstractQueuedSynchronizer::release@12 (line 1100)
                      ; - java.util.concurrent.locks.ReentrantLock::unlock@5 (line 495)
                      ; - java.awt.EventQueue::postEventPrivate@83 (line 290)
                      ; - java.awt.EventQueue::postEvent@9 (line 260)
                      ; - sun.awt.PostEventQueue::flush@87 (line 2068)
                      ; - sun.awt.SunToolkit::flushPendingEvents@15 (line 503)
                      ; - java.awt.EventQueue::postEvent@4 (line 259)
                      ; - sun.awt.PostEventQueue::flush@87 (line 2068)
                      ; - sun.awt.SunToolkit::flushPendingEvents@15 (line 503)
                      ; - java.awt.EventQueue::getNextEvent@4 (line 544)
                      ; - java.awt.EventDispatchThread::pumpOneEventForFilters@20 (line 190)
  0x0000019007c5c8a8: 3425 92ff 

  0x0000019007c5c8ac: ;   {post_call_nop}
  0x0000019007c5c8ac: 0f1f 8400 | a449 002d | e961 e5ff | ff41 baff | ffff ffe9 | bacf ffff | 448b 5c24 

  0x0000019007c5c8c8: ;   {metadata('java/awt/event/MouseEvent')}
  0x0000019007c5c8c8: 7441 81fb | 783c 1301 | 0f85 de4b | 0000 41ba | 0300 0000 | e995 dcff | ff44 8b5c | 2470 478b 
  0x0000019007c5c8e8: 5cdc 1441 | 81c3 e0fc | ffff 4183 | fb02 0f82 | a30f 0000 | 41ba 0100 | 0000 4489 | 9424 9800 
  0x0000019007c5c908: 0000 e98a | f7ff ff45 | 85c0 0f85 | 5ce0 ffff | baf6 ffff | ff48 8b6c | 2428 4889 | 4424 f88b 
  0x0000019007c5c928: 4424 3089 | 4424 2448 | 8b44 24f8 | 48ff 7424 | 3848 8f44 | 2428 4889 | 4424 f88b | 4424 4889 
  0x0000019007c5c948: 4424 3048 | 8b44 24f8 | 48ff 7424 | 5848 8f44 | 2450 48ff | 7424 6048 | 8f44 2458 | 48ff 7424 
  0x0000019007c5c968: 6848 8f44 | 2460 4889 | 4424 f88b | 4424 7089 | 4424 4848 | 8b44 24f8 | 4889 4424 | f88b 8424 
  0x0000019007c5c988: 8800 0000 | 8944 2470 | 488b 4424 

  0x0000019007c5c994: ;   {runtime_call UncommonTrapBlob}
  0x0000019007c5c994: f866 90e8 

  0x0000019007c5c998: ; ImmutableOopMap {rbp=Oop [36]=NarrowOop [40]=Oop [48]=NarrowOop [52]=NarrowOop [64]=Oop [72]=NarrowOop [76]=NarrowOop [80]=Oop [88]=Oop [96]=Oop [112]=NarrowOop [116]=NarrowOop }
                      ;*invokeinterface add {reexecute=0 rethrow=0 return_oop=0}
                      ; - sun.awt.AWTAutoShutdown::notifyThreadBusy@57 (line 178)
                      ; - java.awt.EventQueue::postEvent@102 (line 339)
                      ; - java.awt.EventQueue::postEventPrivate@76 (line 288)
                      ; - java.awt.EventQueue::postEvent@9 (line 260)
                      ; - sun.awt.PostEventQueue::flush@87 (line 2068)
                      ; - sun.awt.SunToolkit::flushPendingEvents@15 (line 503)
                      ; - java.awt.EventQueue::postEvent@4 (line 259)
                      ; - sun.awt.PostEventQueue::flush@87 (line 2068)
                      ; - sun.awt.SunToolkit::flushPendingEvents@15 (line 503)
                      ; - java.awt.EventQueue::getNextEvent@4 (line 544)
                      ; - java.awt.EventDispatchThread::pumpOneEventForFilters@20 (line 190)
  0x0000019007c5c998: c431 9fff 

  0x0000019007c5c99c: ;   {post_call_nop}
  0x0000019007c5c99c: 0f1f 8400 | 944a 002e | 478b 5cd4 | 0c49 c1e3 | 034c 8b44 | 2460 4d3b | d80f 8579 | 0d00 0043 
  0x0000019007c5c9bc: 8b6c d418 | ffc5 85ed | 0f8c 9a3e | 0000 4389 | 6cd4 18f0 | 8344 24c0 | 00e9 50cd | ffff 41f6 
  0x0000019007c5c9dc: c201 0f84 | e007 0000 | 41bb 0200 | 0000 4489 | 9c24 9800 | 0000 e9a2 | f6ff ff49 | c1e2 0341 
  0x0000019007c5c9fc: 0fb6 6a3e | 85ed 0f85 | a43e 0000 | 41ba 0000 | 0089 4d03 | d04d 8b5a 

  0x0000019007c5ca14: ;   {metadata('java/awt/event/PaintEvent')}
  0x0000019007c5ca14: 5049 b8f8 | 3913 8a00 | 0000 004d | 3bd8 0f85 | f805 0000 | 448b 5c24 

  0x0000019007c5ca2c: ;   {metadata('sun/awt/event/IgnorePaintEvent')}
  0x0000019007c5ca2c: 7441 81fb | 184d 1101 | 0f85 7a49 | 0000 4c8b | 8424 8000 | 0000 488b 

  0x0000019007c5ca44: ;   {optimized virtual_call}
  0x0000019007c5ca44: 5424 78e8 

  0x0000019007c5ca48: ; ImmutableOopMap {[32]=Oop [40]=Oop [48]=NarrowOop [52]=NarrowOop [56]=Oop [64]=Oop [72]=NarrowOop [76]=NarrowOop [80]=Oop [88]=Oop [96]=Oop [104]=Oop [112]=NarrowOop [120]=Oop [128]=Oop }
                      ;*invokevirtual coalescePaintEvent {reexecute=0 rethrow=0 return_oop=0}
                      ; - java.awt.EventQueue::coalesceEvent@64 (line 460)
                      ; - java.awt.EventQueue::postEvent@3 (line 323)
                      ; - java.awt.EventQueue::postEventPrivate@76 (line 288)
                      ; - java.awt.EventQueue::postEvent@9 (line 260)
                      ; - sun.awt.PostEventQueue::flush@87 (line 2068)
                      ; - sun.awt.SunToolkit::flushPendingEvents@15 (line 503)
                      ; - java.awt.EventQueue::postEvent@4 (line 259)
                      ; - sun.awt.PostEventQueue::flush@87 (line 2068)
                      ; - sun.awt.SunToolkit::flushPendingEvents@15 (line 503)
                      ; - java.awt.EventQueue::getNextEvent@4 (line 544)
                      ; - java.awt.EventDispatchThread::pumpOneEventForFilters@20 (line 190)
  0x0000019007c5ca48: 9423 92ff 

  0x0000019007c5ca4c: ;   {post_call_nop}
  0x0000019007c5ca4c: 0f1f 8400 | 444b 002f | 85c0 0f84 | 9cf6 ffff | 8be8 e96b | 3500 0044 | 8b54 2474 

  0x0000019007c5ca68: ;   {metadata('java/awt/event/MouseEvent')}
  0x0000019007c5ca68: 4181 fa78 | 3c13 010f | 85c3 4a00 | 0041 ba03 | 0000 00e9 | f6ec ffff | 4585 c90f | 85f1 f0ff 
  0x0000019007c5ca88: ffba f6ff | ffff 488b | 6c24 2848 | 8944 24f8 | 8b44 2430 | 8944 2424 | 488b 4424 | f848 ff74 
  0x0000019007c5caa8: 2438 488f | 4424 2848 | 8944 24f8 | 8b44 2434 | 8944 2430 | 488b 4424 | f848 8944 | 24f8 8b44 
  0x0000019007c5cac8: 2448 8944 | 2434 488b | 4424 f848 | ff74 2458 | 488f 4424 | 5048 ff74 | 2460 488f | 4424 5848 
  0x0000019007c5cae8: ff74 2468 | 488f 4424 | 6048 8944 | 24f8 8b84 | 2488 0000 | 0089 4424 | 6c48 8b44 

  0x0000019007c5cb04: ;   {runtime_call UncommonTrapBlob}
  0x0000019007c5cb04: 24f8 90e8 

  0x0000019007c5cb08: ; ImmutableOopMap {rbp=Oop [36]=NarrowOop [40]=Oop [48]=NarrowOop [52]=NarrowOop [64]=Oop [76]=NarrowOop [80]=Oop [88]=Oop [96]=Oop [108]=NarrowOop [112]=NarrowOop [116]=NarrowOop }
                      ;*invokeinterface add {reexecute=0 rethrow=0 return_oop=0}
                      ; - sun.awt.AWTAutoShutdown::notifyThreadBusy@57 (line 178)
                      ; - java.awt.EventQueue::postEvent@102 (line 339)
                      ; - java.awt.EventQueue::postEventPrivate@76 (line 288)
                      ; - java.awt.EventQueue::postEvent@9 (line 260)
                      ; - sun.awt.PostEventQueue::flush@87 (line 2068)
                      ; - sun.awt.SunToolkit::flushPendingEvents@15 (line 503)
                      ; - java.awt.EventQueue::postEvent@4 (line 259)
                      ; - sun.awt.PostEventQueue::flush@87 (line 2068)
                      ; - sun.awt.SunToolkit::flushPendingEvents@15 (line 503)
                      ; - java.awt.EventQueue::getNextEvent@4 (line 544)
                      ; - java.awt.EventDispatchThread::pumpOneEventForFilters@20 (line 190)
  0x0000019007c5cb08: 5430 9fff 

  0x0000019007c5cb0c: ;   {post_call_nop}
  0x0000019007c5cb0c: 0f1f 8400 | 044c 0030 | 478b 44d4 | 0c4d 8bd8 | 49c1 e303 | 4c8b 4424 | 604d 3bd8 | 0f85 2d0c 
  0x0000019007c5cb2c: 0000 438b | 6cd4 18ff | c585 ed0f | 8cd3 3d00 | 0043 896c | d418 f083 | 4424 c000 | e960 e5ff 
  0x0000019007c5cb4c: ff47 8b54 | dc18 4585 | d20f 849e 

  0x0000019007c5cb58: ;   {metadata('java/util/HashMap$Node')}
  0x0000019007c5cb58: 3c00 0081 | faa8 c22c | 000f 85ed | 4400 004c | 8bdf 498b | fb49 c1e2 | 0349 8bf2 | 4533 d24c 
  0x0000019007c5cb78: 8954 2470 | eb1e 4d8b | 5730 448b 

  0x0000019007c5cb84: ; ImmutableOopMap {r11=NarrowOop r8=NarrowOop rbx=Oop rsi=Oop rbp=Oop [32]=Oop [40]=Oop [48]=NarrowOop [52]=NarrowOop [56]=NarrowOop [60]=NarrowOop [64]=Oop [72]=Oop [80]=Oop [88]=NarrowOop [96]=Oop }
                      ;*ifnonnull {reexecute=1 rethrow=0 return_oop=0}
                      ; - (reexecute) java.util.HashMap::removeNode@168 (line 841)
                      ; - java.util.HashMap::remove@9 (line 806)
                      ; - java.util.HashSet::remove@5 (line 246)
                      ; - sun.awt.AWTAutoShutdown::notifyThreadFree@24 (line 198)
                      ; - java.awt.EventQueue::getNextEvent@45 (line 551)
                      ; - java.awt.EventDispatchThread::pumpOneEventForFilters@20 (line 190)
                      ;   {poll}
  0x0000019007c5cb84: 5e18 4185 | 0245 85db | 0f84 f23f | 0000 4f8d | 14dc 488b | fe49 8bf2 | 448b 5e0c | 453b d975 
  0x0000019007c5cba4: d98b 5610 | 448b 5424 | 3441 3bd2 | 7405 443b | d275 c744 

  0x0000019007c5cbb8: ;   {metadata('java/util/HashMap$Node')}
  0x0000019007c5cbb8: 8b56 0841 | 81fa a8c2 | 2c00 0f85 | f744 0000 | 488b d748 | 8bfe e9bb | c3ff ff47 | 8b5c d40c 
  0x0000019007c5cbd8: 49c1 e303 | 4c8b 4424 | 604d 3bd8 | 0f85 c90b | 0000 438b | 6cd4 18ff | c585 ed0f | 8cf3 3d00 
  0x0000019007c5cbf8: 0043 896c | d418 f083 | 4424 c000 | e93b f4ff 

  0x0000019007c5cc08: ;   {oop(a 'jdk/internal/misc/Unsafe'{0x0000000708639d90})}
  0x0000019007c5cc08: ff48 ba90 | 9d63 0807 

  0x0000019007c5cc10: ;   {optimized virtual_call}
  0x0000019007c5cc10: 0000 00e8 

  0x0000019007c5cc14: ; ImmutableOopMap {[32]=Oop [40]=Oop [48]=NarrowOop [52]=NarrowOop [64]=Oop [96]=Oop }
                      ;*invokevirtual unpark {reexecute=0 rethrow=0 return_oop=0}
                      ; - java.util.concurrent.locks.LockSupport::unpark@27 (line 183)
                      ; - java.util.concurrent.locks.AbstractQueuedSynchronizer::signalNext@30 (line 646)
                      ; - java.util.concurrent.locks.AbstractQueuedSynchronizer::release@12 (line 1100)
                      ; - java.util.concurrent.locks.ReentrantLock::unlock@5 (line 495)
                      ; - java.awt.EventQueue::getNextEvent@31 (line 554)
                      ; - java.awt.EventDispatchThread::pumpOneEventForFilters@20 (line 190)
  0x0000019007c5cc14: c821 92ff 

  0x0000019007c5cc18: ;   {post_call_nop}
  0x0000019007c5cc18: 0f1f 8400 | 104d 0032 | e955 c0ff | ff4c 8d42 | 1841 807f | 4800 0f85 | 6391 0000 | 4189 2844 
  0x0000019007c5cc38: 8bd5 49c1 | e203 4d8b | c84d 33ca | 49c1 e915 | 0f84 2800 | 0000 4983 | fa00 0f84 | 1e00 0000 
  0x0000019007c5cc58: 4d8b c849 | c1e9 0949 | ba00 a0bf | 7090 0100 | 004d 03ca | 4180 3902 | 0f85 8991 | 0000 e985 
  0x0000019007c5cc78: c3ff ff4d 

  0x0000019007c5cc7c: ;   {metadata('java/awt/event/MouseEvent')}
  0x0000019007c5cc7c: 8b52 5849 | bb78 3c13 | 8a00 0000 | 004d 3bd3 | 0f85 46cb | ffff 448b 

  0x0000019007c5cc94: ;   {metadata('java/awt/event/MouseEvent')}
  0x0000019007c5cc94: 5c24 4c41 | 81fb 783c | 1301 0f85 | 0846 0000 | 4c8b 5424 | 5841 8b6a | 0c45 8b5c | ec08 41b8 
  0x0000019007c5ccb4: 0000 0089 | 4d03 c34d 

  0x0000019007c5ccbc: ;   {metadata('java/awt/Component')}
  0x0000019007c5ccbc: 8b58 3849 | b880 3288 | 0f90 0100 | 004d 3bd8 | 0f85 963c | 0000 4d8d | 1cec 458b | 9bc0 0000 
  0x0000019007c5ccdc: 0047 8b44 | dc0c 418b | 4a14 81f9 | f701 0000 | 7507 b902 | 0000 00eb | 2581 f9fa | 0100 000f 
  0x0000019007c5ccfc: 8450 0a00 | 0044 8d89 | 06fe ffff | 4181 f928 | 0100 000f | 826a 0c00 | 00b9 ffff | ffff 83f9 
  0x0000019007c5cd1c: ff0f 84b5 | caff ff41 | 3bc8 0f83 | 743c 0000 | 4f8d 04dc | 418b 6c88 | 1085 ed0f | 849b caff 
  0x0000019007c5cd3c: ffba 45ff | ffff 48ff | 7424 2848 | 8f44 2420 | 4889 4424 | f88b 4424 | 3089 4424 | 2c48 8b44 
  0x0000019007c5cd5c: 24f8 48ff | 7424 6048 | 8f44 2450 | 4c89 5424 | 5844 895c | 2460 894c 

  0x0000019007c5cd74: ;   {runtime_call UncommonTrapBlob}
  0x0000019007c5cd74: 2464 90e8 

  0x0000019007c5cd78: ; ImmutableOopMap {rbp=NarrowOop [32]=Oop [44]=NarrowOop [52]=NarrowOop [56]=Oop [64]=Oop [72]=NarrowOop [80]=Oop [88]=Oop [96]=NarrowOop }
                      ;*ifnull {reexecute=1 rethrow=0 return_oop=0}
                      ; - (reexecute) java.awt.EventQueue::coalesceMouseEvent@30 (line 395)
                      ; - java.awt.EventQueue::coalesceEvent@80 (line 463)
                      ; - java.awt.EventQueue::postEvent@3 (line 323)
                      ; - java.awt.EventQueue::postEventPrivate@76 (line 288)
                      ; - java.awt.EventQueue::postEvent@9 (line 260)
                      ; - sun.awt.PostEventQueue::flush@87 (line 2068)
                      ; - sun.awt.SunToolkit::flushPendingEvents@15 (line 503)
                      ; - java.awt.EventQueue::getNextEvent@4 (line 544)
                      ; - java.awt.EventDispatchThread::pumpOneEventForFilters@20 (line 190)
  0x0000019007c5cd78: e42d 9fff 

  0x0000019007c5cd7c: ;   {post_call_nop}
  0x0000019007c5cd7c: 0f1f 8400 | 744e 0033 

  0x0000019007c5cd84: ;   {oop(a 'jdk/internal/misc/Unsafe'{0x0000000708639d90})}
  0x0000019007c5cd84: 48ba 909d | 6308 0700 

  0x0000019007c5cd8c: ;   {optimized virtual_call}
  0x0000019007c5cd8c: 0000 90e8 

  0x0000019007c5cd90: ; ImmutableOopMap {[32]=Oop [40]=Oop [48]=NarrowOop [56]=Oop [64]=Oop [96]=Oop }
                      ;*invokevirtual unpark {reexecute=0 rethrow=0 return_oop=0}
                      ; - java.util.concurrent.locks.LockSupport::unpark@27 (line 183)
                      ; - java.util.concurrent.locks.AbstractQueuedSynchronizer::signalNext@30 (line 646)
                      ; - java.util.concurrent.locks.AbstractQueuedSynchronizer::release@12 (line 1100)
                      ; - java.util.concurrent.locks.ReentrantLock::unlock@5 (line 495)
                      ; - java.awt.EventQueue::postEventPrivate@83 (line 290)
                      ; - java.awt.EventQueue::postEvent@9 (line 260)
                      ; - sun.awt.PostEventQueue::flush@87 (line 2068)
                      ; - sun.awt.SunToolkit::flushPendingEvents@15 (line 503)
                      ; - java.awt.EventQueue::getNextEvent@4 (line 544)
                      ; - java.awt.EventDispatchThread::pumpOneEventForFilters@20 (line 190)
  0x0000019007c5cd90: 4c20 92ff 

  0x0000019007c5cd94: ;   {post_call_nop}
  0x0000019007c5cd94: 0f1f 8400 | 8c4e 0034 | e931 d3ff 

  0x0000019007c5cda0: ;   {oop(a 'jdk/internal/misc/Unsafe'{0x0000000708639d90})}
  0x0000019007c5cda0: ff48 ba90 | 9d63 0807 

  0x0000019007c5cda8: ;   {optimized virtual_call}
  0x0000019007c5cda8: 0000 00e8 

  0x0000019007c5cdac: ; ImmutableOopMap {[32]=Oop [40]=Oop [48]=NarrowOop [72]=Oop [80]=Oop [96]=Oop }
                      ;*invokevirtual unpark {reexecute=0 rethrow=0 return_oop=0}
                      ; - java.util.concurrent.locks.LockSupport::unpark@27 (line 183)
                      ; - java.util.concurrent.locks.AbstractQueuedSynchronizer::signalNext@30 (line 646)
                      ; - java.util.concurrent.locks.AbstractQueuedSynchronizer::release@12 (line 1100)
                      ; - java.util.concurrent.locks.AbstractQueuedSynchronizer$ConditionObject::enableWait@62 (line 1615)
                      ; - java.util.concurrent.locks.AbstractQueuedSynchronizer$ConditionObject::await@26 (line 1740)
                      ; - java.awt.EventQueue::getNextEvent@52 (line 552)
                      ; - java.awt.EventDispatchThread::pumpOneEventForFilters@20 (line 190)
  0x0000019007c5cdac: 3020 92ff 

  0x0000019007c5cdb0: ;   {post_call_nop}
  0x0000019007c5cdb0: 0f1f 8400 | a84e 0035 | e931 c6ff 

  0x0000019007c5cdbc: ;   {oop(a 'jdk/internal/misc/Unsafe'{0x0000000708639d90})}
  0x0000019007c5cdbc: ff48 ba90 | 9d63 0807 

  0x0000019007c5cdc4: ;   {optimized virtual_call}
  0x0000019007c5cdc4: 0000 00e8 

  0x0000019007c5cdc8: ; ImmutableOopMap {[32]=Oop [40]=Oop [48]=NarrowOop [96]=Oop }
                      ;*invokevirtual unpark {reexecute=0 rethrow=0 return_oop=0}
                      ; - java.util.concurrent.locks.LockSupport::unpark@27 (line 183)
                      ; - java.util.concurrent.locks.AbstractQueuedSynchronizer::signalNext@30 (line 646)
                      ; - java.util.concurrent.locks.AbstractQueuedSynchronizer::release@12 (line 1100)
                      ; - java.util.concurrent.locks.ReentrantLock::unlock@5 (line 495)
                      ; - java.awt.EventQueue::getNextEvent@61 (line 554)
                      ; - java.awt.EventDispatchThread::pumpOneEventForFilters@20 (line 190)
  0x0000019007c5cdc8: 1420 92ff 

  0x0000019007c5cdcc: ;   {post_call_nop}
  0x0000019007c5cdcc: 0f1f 8400 | c44e 0036 | e9ad b7ff | ff41 81fa | 2003 0000 | 0f85 4234 | 0000 4533 | d2e9 92bd 
  0x0000019007c5cdec: ffff 4d8b 

  0x0000019007c5cdf0: ;   {metadata('java/awt/event/MouseEvent')}
  0x0000019007c5cdf0: 5258 49bb | 783c 138a | 0000 0000 | 4d3b d30f | 855f e3ff | ff44 8b5c 

  0x0000019007c5ce08: ;   {metadata('java/awt/event/MouseEvent')}
  0x0000019007c5ce08: 2474 4181 | fb78 3c13 | 010f 8595 | 4300 004c | 8b94 2480 | 0000 0041 | 8b6a 0c45 | 8b44 ec08 
  0x0000019007c5ce28: 41bb 0000 | 0089 4d03 | d84d 8b5b 

  0x0000019007c5ce34: ;   {metadata('java/awt/Component')}
  0x0000019007c5ce34: 3849 b880 | 3288 0f90 | 0100 004d | 3bd8 0f85 | 203c 0000 | 4d8d 1cec | 458b 83c0 | 0000 0047 
  0x0000019007c5ce54: 8b4c c40c | 458b 5a14 | 4181 fbf7 | 0100 0075 | 07bb 0200 | 0000 eb25 | 4181 fbfa | 0100 000f 
  0x0000019007c5ce74: 840d 0900 | 0041 8d9b | 06fe ffff | 81fb 2801 | 0000 0f82 | 570b 0000 | bbff ffff | ff83 fbff 
  0x0000019007c5ce94: 0f84 cae2 | ffff 413b | d90f 8325 | 3c00 004f | 8d1c c441 | 8b6c 9b10 | 85ed 0f84 | b0e2 ffff 
  0x0000019007c5ceb4: ba45 ffff | ff48 ff74 | 2428 488f | 4424 2048 | 8944 24f8 | 8b44 2430 | 8944 242c | 488b 4424 
  0x0000019007c5ced4: f848 8944 | 24f8 8b44 | 2448 8944 | 2430 488b | 4424 f84c | 8954 2478 | 4489 8424 | 8000 0000 
  0x0000019007c5cef4: 899c 2484 

  0x0000019007c5cef8: ;   {runtime_call UncommonTrapBlob}
  0x0000019007c5cef8: 0000 00e8 

  0x0000019007c5cefc: ; ImmutableOopMap {rbp=NarrowOop [32]=Oop [44]=NarrowOop [48]=NarrowOop [52]=NarrowOop [56]=Oop [64]=Oop [76]=NarrowOop [88]=Oop [96]=Oop [104]=Oop [112]=NarrowOop [120]=Oop [128]=NarrowOop }
                      ;*ifnull {reexecute=1 rethrow=0 return_oop=0}
                      ; - (reexecute) java.awt.EventQueue::coalesceMouseEvent@30 (line 395)
                      ; - java.awt.EventQueue::coalesceEvent@80 (line 463)
                      ; - java.awt.EventQueue::postEvent@3 (line 323)
                      ; - java.awt.EventQueue::postEventPrivate@76 (line 288)
                      ; - java.awt.EventQueue::postEvent@9 (line 260)
                      ; - sun.awt.PostEventQueue::flush@87 (line 2068)
                      ; - sun.awt.SunToolkit::flushPendingEvents@15 (line 503)
                      ; - java.awt.EventQueue::postEvent@4 (line 259)
                      ; - sun.awt.PostEventQueue::flush@87 (line 2068)
                      ; - sun.awt.SunToolkit::flushPendingEvents@15 (line 503)
                      ; - java.awt.EventQueue::getNextEvent@4 (line 544)
                      ; - java.awt.EventDispatchThread::pumpOneEventForFilters@20 (line 190)
  0x0000019007c5cefc: 602c 9fff 

  0x0000019007c5cf00: ;   {post_call_nop}
  0x0000019007c5cf00: 0f1f 8400 | f84f 0037 | 41f6 c204 | 0f84 d7f3 | ffff 4533 | d244 8954 | 2470 e95a 

  0x0000019007c5cf1c: ;   {oop(a 'jdk/internal/misc/Unsafe'{0x0000000708639d90})}
  0x0000019007c5cf1c: c8ff ff48 | ba90 9d63 | 0807 0000 

  0x0000019007c5cf28: ;   {optimized virtual_call}
  0x0000019007c5cf28: 0066 90e8 

  0x0000019007c5cf2c: ; ImmutableOopMap {[32]=Oop [40]=Oop [48]=NarrowOop [52]=NarrowOop [56]=Oop [64]=Oop [72]=NarrowOop [80]=Oop [88]=Oop [96]=Oop [104]=Oop }
                      ;*invokevirtual unpark {reexecute=0 rethrow=0 return_oop=0}
                      ; - java.util.concurrent.locks.LockSupport::unpark@27 (line 183)
                      ; - java.util.concurrent.locks.AbstractQueuedSynchronizer::signalNext@30 (line 646)
                      ; - java.util.concurrent.locks.AbstractQueuedSynchronizer::release@12 (line 1100)
                      ; - java.util.concurrent.locks.ReentrantLock::unlock@5 (line 495)
                      ; - java.awt.EventQueue::postEventPrivate@83 (line 290)
                      ; - java.awt.EventQueue::postEvent@9 (line 260)
                      ; - sun.awt.PostEventQueue::flush@87 (line 2068)
                      ; - sun.awt.SunToolkit::flushPendingEvents@15 (line 503)
                      ; - java.awt.EventQueue::postEvent@4 (line 259)
                      ; - sun.awt.PostEventQueue::flush@87 (line 2068)
                      ; - sun.awt.SunToolkit::flushPendingEvents@15 (line 503)
                      ; - java.awt.EventQueue::getNextEvent@4 (line 544)
                      ; - java.awt.EventDispatchThread::pumpOneEventForFilters@20 (line 190)
  0x0000019007c5cf2c: b01e 92ff 

  0x0000019007c5cf30: ;   {post_call_nop}
  0x0000019007c5cf30: 0f1f 8400 | 2850 0038 | e9dd deff 

  0x0000019007c5cf3c: ;   {oop(a 'sun/awt/AWTAutoShutdown'{0x000000070863a018})}
  0x0000019007c5cf3c: ff41 bb03 | 740c e143 | 8b6c dc18 

  0x0000019007c5cf48: ; implicit exception: dispatches to 0x0000019007c62ae8
  0x0000019007c5cf48: 458b 5cec 

  0x0000019007c5cf4c: ;   {metadata('java/util/HashSet')}
  0x0000019007c5cf4c: 0841 81fb | 7068 2300 | 0f85 fa3b | 0000 498d 

  0x0000019007c5cf5c: ;   {optimized virtual_call}
  0x0000019007c5cf5c: 14ec 90e8 

  0x0000019007c5cf60: ; ImmutableOopMap {[32]=Oop [40]=Oop [48]=NarrowOop [56]=NarrowOop [60]=NarrowOop [64]=Oop [80]=Oop [96]=Oop }
                      ;*invokeinterface isEmpty {reexecute=0 rethrow=0 return_oop=0}
                      ; - sun.awt.AWTAutoShutdown::isReadyToShutdown@23 (line 237)
                      ; - sun.awt.AWTAutoShutdown::notifyThreadFree@31 (line 199)
                      ; - java.awt.EventQueue::getNextEvent@45 (line 551)
                      ; - java.awt.EventDispatchThread::pumpOneEventForFilters@20 (line 190)
  0x0000019007c5cf60: 7c1e 92ff 

  0x0000019007c5cf64: ;   {post_call_nop}
  0x0000019007c5cf64: 0f1f 8400 | 5c50 0039 | 85c0 0f84 | 0dc1 ffff | ba45 ffff | ff48 8b6c | 2428 4889 | 4424 f88b 
  0x0000019007c5cf84: 4424 3089 | 4424 2448 | 8b44 24f8 | 4889 4424 | f88b 4424 | 3889 4424 | 2848 8b44 | 24f8 4889 
  0x0000019007c5cfa4: 4424 f88b | 4424 3c89 | 4424 2c48 | 8b44 24f8 

  0x0000019007c5cfb4: ;   {runtime_call UncommonTrapBlob}
  0x0000019007c5cfb4: 6666 90e8 

  0x0000019007c5cfb8: ; ImmutableOopMap {rbp=Oop [36]=NarrowOop [40]=NarrowOop [44]=NarrowOop }
                      ;*ifeq {reexecute=1 rethrow=0 return_oop=0}
                      ; - (reexecute) sun.awt.AWTAutoShutdown::notifyThreadFree@34 (line 199)
                      ; - java.awt.EventQueue::getNextEvent@45 (line 551)
                      ; - java.awt.EventDispatchThread::pumpOneEventForFilters@20 (line 190)
  0x0000019007c5cfb8: a42b 9fff 

  0x0000019007c5cfbc: ;   {post_call_nop}
  0x0000019007c5cfbc: 0f1f 8400 | b450 003a | 4181 fb20 | 0300 000f | 856f 3500 | 0045 33d2 | e9a5 c8ff | ff47 8b54 
  0x0000019007c5cfdc: ;   {metadata('java/util/HashSet')}
  0x0000019007c5cfdc: c408 4181 | fa70 6823 | 000f 85a3 | 3b00 004b 

  0x0000019007c5cfec: ;   {optimized virtual_call}
  0x0000019007c5cfec: 8d14 c4e8 

  0x0000019007c5cff0: ; ImmutableOopMap {[32]=Oop [40]=Oop [48]=NarrowOop [52]=NarrowOop [56]=Oop [64]=Oop [72]=NarrowOop [76]=NarrowOop [80]=Oop [88]=Oop [96]=Oop [104]=NarrowOop [112]=Oop }
                      ;*invokeinterface isEmpty {reexecute=0 rethrow=0 return_oop=0}
                      ; - sun.awt.AWTAutoShutdown::isReadyToShutdown@23 (line 237)
                      ; - sun.awt.AWTAutoShutdown::notifyThreadBusy@34 (line 174)
                      ; - java.awt.EventQueue::postEvent@102 (line 339)
                      ; - java.awt.EventQueue::postEventPrivate@76 (line 288)
                      ; - java.awt.EventQueue::postEvent@9 (line 260)
                      ; - sun.awt.PostEventQueue::flush@87 (line 2068)
                      ; - sun.awt.SunToolkit::flushPendingEvents@15 (line 503)
                      ; - java.awt.EventQueue::getNextEvent@4 (line 544)
                      ; - java.awt.EventDispatchThread::pumpOneEventForFilters@20 (line 190)
  0x0000019007c5cff0: ec1d 92ff 

  0x0000019007c5cff4: ;   {post_call_nop}
  0x0000019007c5cff4: 0f1f 8400 | ec50 003b | 85c0 0f85 | d43b 0000 

  0x0000019007c5d004: ;   {oop(a 'sun/awt/AWTAutoShutdown'{0x000000070863a018})}
  0x0000019007c5d004: 41bb 0374 | 0ce1 478b | 5cdc 1845 | 8bc3 4585 | db0f 854f | ccff ffe9 | 60f6 ffff | 4d8b 5258 
  0x0000019007c5d024: ;   {metadata('java/awt/event/MouseEvent')}
  0x0000019007c5d024: 49bb 783c | 138a 0000 | 0000 4d3b | d30f 85c1 | f0ff ff44 | 8b54 2474 

  0x0000019007c5d03c: ;   {metadata('java/awt/event/MouseEvent')}
  0x0000019007c5d03c: 4181 fa78 | 3c13 010f | 85db 4100 | 004c 8b94 | 2480 0000 | 0041 8b6a | 0c45 8b5c | ec08 41b8 
  0x0000019007c5d05c: 0000 0089 | 4d03 c34d 

  0x0000019007c5d064: ;   {metadata('java/awt/Component')}
  0x0000019007c5d064: 8b58 3849 | b880 3288 | 0f90 0100 | 004d 3bd8 | 0f85 a63b | 0000 4d8d | 1cec 458b | 83c0 0000 
  0x0000019007c5d084: 0047 8b5c | c40c 418b | 4a14 81f9 | f701 0000 | 7507 b902 | 0000 00eb | 2581 f9fa | 0100 000f 
  0x0000019007c5d0a4: 8438 0700 | 0044 8d89 | 06fe ffff | 4181 f928 | 0100 000f | 825b 0900 | 00b9 ffff | ffff 83f9 
  0x0000019007c5d0c4: ff0f 842d | f0ff ff41 | 3bcb 0f83 | a03b 0000 | 4f8d 1cc4 | 418b 6c8b | 1085 ed0f | 8413 f0ff 
  0x0000019007c5d0e4: ffba 45ff | ffff 48ff | 7424 2848 | 8f44 2420 | 4889 4424 | f88b 4424 | 3089 4424 | 2c48 8b44 
  0x0000019007c5d104: 24f8 4889 | 4424 f88b | 4424 3489 | 4424 3048 | 8b44 24f8 | 4889 4424 | f88b 4424 | 4889 4424 
  0x0000019007c5d124: 3448 8b44 | 24f8 4c89 | 5424 7844 | 8984 2480 | 0000 0089 | 8c24 8400 

  0x0000019007c5d13c: ;   {runtime_call UncommonTrapBlob}
  0x0000019007c5d13c: 0000 90e8 

  0x0000019007c5d140: ; ImmutableOopMap {rbp=NarrowOop [32]=Oop [44]=NarrowOop [48]=NarrowOop [52]=NarrowOop [56]=Oop [64]=Oop [76]=NarrowOop [88]=Oop [96]=Oop [104]=Oop [112]=NarrowOop [120]=Oop [128]=NarrowOop }
                      ;*ifnull {reexecute=1 rethrow=0 return_oop=0}
                      ; - (reexecute) java.awt.EventQueue::coalesceMouseEvent@30 (line 395)
                      ; - java.awt.EventQueue::coalesceEvent@80 (line 463)
                      ; - java.awt.EventQueue::postEvent@3 (line 323)
                      ; - java.awt.EventQueue::postEventPrivate@76 (line 288)
                      ; - java.awt.EventQueue::postEvent@9 (line 260)
                      ; - sun.awt.PostEventQueue::flush@87 (line 2068)
                      ; - sun.awt.SunToolkit::flushPendingEvents@15 (line 503)
                      ; - java.awt.EventQueue::postEvent@4 (line 259)
                      ; - sun.awt.PostEventQueue::flush@87 (line 2068)
                      ; - sun.awt.SunToolkit::flushPendingEvents@15 (line 503)
                      ; - java.awt.EventQueue::getNextEvent@4 (line 544)
                      ; - java.awt.EventDispatchThread::pumpOneEventForFilters@20 (line 190)
  0x0000019007c5d140: 1c2a 9fff 

  0x0000019007c5d144: ;   {post_call_nop}
  0x0000019007c5d144: 0f1f 8400 | 3c52 003c | 41f6 c204 | 0f84 f3f4 | ffff 4533 | d244 8994 | 2498 0000 | 00e9 9cdf 
  0x0000019007c5d164: ffff 4181 | fa20 0300 | 000f 85a5 | 3400 0045 | 33d2 e9fb | d3ff ff47 | 8b5c c408 

  0x0000019007c5d180: ;   {metadata('java/util/HashSet')}
  0x0000019007c5d180: 4181 fb70 | 6823 000f | 8583 3b00 | 004b 8d14 

  0x0000019007c5d190: ;   {optimized virtual_call}
  0x0000019007c5d190: c466 90e8 

  0x0000019007c5d194: ; ImmutableOopMap {[32]=Oop [40]=Oop [48]=NarrowOop [52]=NarrowOop [56]=Oop [64]=Oop [72]=NarrowOop [76]=NarrowOop [80]=Oop [88]=Oop [96]=Oop [104]=Oop [112]=NarrowOop [116]=NarrowOop [120]=Oop [128]=Oop [136]=NarrowOop [144]=Oop }
                      ;*invokeinterface isEmpty {reexecute=0 rethrow=0 return_oop=0}
                      ; - sun.awt.AWTAutoShutdown::isReadyToShutdown@23 (line 237)
                      ; - sun.awt.AWTAutoShutdown::notifyThreadBusy@34 (line 174)
                      ; - java.awt.EventQueue::postEvent@102 (line 339)
                      ; - java.awt.EventQueue::postEventPrivate@76 (line 288)
                      ; - java.awt.EventQueue::postEvent@9 (line 260)
                      ; - sun.awt.PostEventQueue::flush@87 (line 2068)
                      ; - sun.awt.SunToolkit::flushPendingEvents@15 (line 503)
                      ; - java.awt.EventQueue::postEvent@4 (line 259)
                      ; - sun.awt.PostEventQueue::flush@87 (line 2068)
                      ; - sun.awt.SunToolkit::flushPendingEvents@15 (line 503)
                      ; - java.awt.EventQueue::getNextEvent@4 (line 544)
                      ; - java.awt.EventDispatchThread::pumpOneEventForFilters@20 (line 190)
  0x0000019007c5d194: 481c 92ff 

  0x0000019007c5d198: ;   {post_call_nop}
  0x0000019007c5d198: 0f1f 8400 | 9052 003d | 85c0 0f85 | f83b 0000 

  0x0000019007c5d1a8: ;   {oop(a 'sun/awt/AWTAutoShutdown'{0x000000070863a018})}
  0x0000019007c5d1a8: 41bb 0374 | 0ce1 478b | 54dc 1845 | 8bc2 4585 | d20f 85b5 | d7ff ffe9 | 54f7 ffff | 41f6 c204 
  0x0000019007c5d1c8: 0f84 13f7 | ffff 4533 | d244 8994 | 2498 0000 | 00e9 bbee | ffff 488b | 5c24 684f | 8d5c cc10 
  0x0000019007c5d1e8: 4180 7f48 | 000f 856d | 8c00 004c | 8bc3 49c1 | e803 4589 | 0349 8bcb | 4833 cb48 | c1e9 150f 
  0x0000019007c5d208: 841d 0000 | 0049 8bcb | 48c1 e909 | 49b8 00a0 | bf70 9001 | 0000 4903 | c880 3902 | 0f85 a88c 
  0x0000019007c5d228: 0000 4f8d | 5ccc 0c41 | 807f 4800 | 0f85 fe8c | 0000 4c8b | d349 c1ea | 0345 8913 | 4d8b c34c 
  0x0000019007c5d248: 33c3 49c1 | e815 0f84 | 1e00 0000 | 4d8b c349 | c1e8 0949 | ba00 a0bf | 7090 0100 | 004d 03c2 
  0x0000019007c5d268: 4180 3802 | 0f85 248d | 0000 e9d1 | cdff ff44 | 8b9c 2490 | 0000 0041 | 81fb 2003 | 0000 0f85 
  0x0000019007c5d288: ac34 0000 | 4533 d2e9 | e2e4 ffff | 4d8d 14ec | 4c89 5424 | 3866 6690 | 453b 64ec 

  0x0000019007c5d2a4: ;   {other}
  0x0000019007c5d2a4: 100f 8540 | 0500 004c | 8b54 2470 | 4d85 d20f | 8498 0500 | 004c 8b54 | 2470 49c1 | ea03 4d8d 
  0x0000019007c5d2c4: 44ec 1048 | 33c0 4180 | 7f48 000f | 8518 8d00 | 0041 8bda | f041 0fb1 | 1841 0f94 | c345 0fb6 
  0x0000019007c5d2e4: db48 c1e3 | 0349 8bc8 | 4833 cb48 | c1e9 150f | 8427 0000 | 0048 83fb | 000f 841d | 0000 0049 
  0x0000019007c5d304: 8bc8 48c1 | e909 49b9 | 00a0 bf70 | 9001 0000 | 4903 c980 | 3902 0f85 | 3c8d 0000 

  0x0000019007c5d320: ; ImmutableOopMap {rbp=NarrowOop [32]=Oop [40]=Oop [48]=NarrowOop [56]=Oop [72]=Oop [96]=Oop [112]=Oop }
                      ;*ifeq {reexecute=1 rethrow=0 return_oop=0}
                      ; - (reexecute) java.util.concurrent.locks.AbstractQueuedSynchronizer::tryInitializeHead@56 (line 597)
                      ; - java.util.concurrent.locks.AbstractQueuedSynchronizer$ConditionObject::newConditionNode@4 (line 1665)
                      ; - java.util.concurrent.locks.AbstractQueuedSynchronizer$ConditionObject::await@15 (line 1737)
                      ; - java.awt.EventQueue::getNextEvent@52 (line 552)
                      ; - java.awt.EventDispatchThread::pumpOneEventForFilters@20 (line 190)
  0x0000019007c5d320: 4d8b 5730 

  0x0000019007c5d324: ;   {poll}
  0x0000019007c5d324: 4185 0245 | 85db 0f85 | c904 0000 | 453b 64ec | 140f 8465 | ffff ffe9 | cebe ffff 

  0x0000019007c5d340: ; implicit exception: dispatches to 0x0000019007c62e10
  0x0000019007c5d340: 478b 54cc 

  0x0000019007c5d344: ;   {metadata('java/util/HashSet')}
  0x0000019007c5d344: 0841 81fa | 7068 2300 | 0f85 da3a | 0000 4b8d 

  0x0000019007c5d354: ;   {optimized virtual_call}
  0x0000019007c5d354: 14cc 90e8 

  0x0000019007c5d358: ; ImmutableOopMap {[32]=Oop [40]=Oop [48]=NarrowOop [52]=NarrowOop [56]=Oop [64]=Oop [72]=NarrowOop [76]=NarrowOop [80]=Oop [88]=Oop [96]=Oop [104]=Oop [112]=NarrowOop [116]=NarrowOop [120]=Oop [128]=Oop [136]=NarrowOop [144]=Oop }
                      ;*invokeinterface isEmpty {reexecute=0 rethrow=0 return_oop=0}
                      ; - sun.awt.AWTAutoShutdown::isReadyToShutdown@23 (line 237)
                      ; - sun.awt.AWTAutoShutdown::notifyThreadBusy@34 (line 174)
                      ; - java.awt.EventQueue::postEvent@102 (line 339)
                      ; - java.awt.EventQueue::postEventPrivate@76 (line 288)
                      ; - java.awt.EventQueue::postEvent@9 (line 260)
                      ; - sun.awt.PostEventQueue::flush@87 (line 2068)
                      ; - sun.awt.SunToolkit::flushPendingEvents@15 (line 503)
                      ; - java.awt.EventQueue::postEvent@4 (line 259)
                      ; - sun.awt.PostEventQueue::flush@87 (line 2068)
                      ; - sun.awt.SunToolkit::flushPendingEvents@15 (line 503)
                      ; - java.awt.EventQueue::getNextEvent@4 (line 544)
                      ; - java.awt.EventDispatchThread::pumpOneEventForFilters@20 (line 190)
  0x0000019007c5d358: 841a 92ff 

  0x0000019007c5d35c: ;   {post_call_nop}
  0x0000019007c5d35c: 0f1f 8400 | 5454 003f | 85c0 0f85 | 643b 0000 

  0x0000019007c5d36c: ;   {oop(a 'sun/awt/AWTAutoShutdown'{0x000000070863a018})}
  0x0000019007c5d36c: 41ba 0374 | 0ce1 478b | 54d4 1845 | 8bca 4585 | d20f 85f7 | e7ff ffe9 | 01f7 ffff | 4d8b 9fc8 
  0x0000019007c5d38c: 0100 004d | 8bc3 4983 | c028 4d3b | 87d8 0100 | 000f 8341 | 2800 004d | 8987 c801 | 0000 410f 
  0x0000019007c5d3ac: 0d88 c000 | 0000 49c7 | 0301 0000 | 0041 0f0d | 8800 0100 

  0x0000019007c5d3c0: ;   {metadata('sun/awt/EventQueueItem'[])}
  0x0000019007c5d3c0: 0041 c743 | 08f8 3713 | 0141 0f0d | 8840 0100 | 0041 0f0d | 8880 0100 | 0041 c743 | 0c05 0000 
  0x0000019007c5d3e0: 004d 8963 | 104d 8963 | 184d 8963 | 2044 8954 | 244c 4d8b | d34d 8bda | 4c8d 95c0 | 0000 0041 
  0x0000019007c5d400: 807f 4800 | 0f85 ae8c | 0000 4d8b | cb49 c1e9 | 0345 890a | 4d8b c24d | 33c3 49c1 | e815 0f84 
  0x0000019007c5d420: 1e00 0000 | 4d8b c249 | c1e8 0949 | b900 a0bf | 7090 0100 | 004d 03c1 | 4180 3802 | 0f85 de8c 
  0x0000019007c5d440: 0000 e990 | c4ff ff48 | 8bbc 2488 | 0000 004f | 8d5c cc10 | 4180 7f48 | 000f 8522 | 8d00 0048 
  0x0000019007c5d460: 8bdf 48c1 | eb03 4189 | 1b49 8bcb | 4833 cf48 | c1e9 150f | 841d 0000 | 0049 8bcb | 48c1 e909 
  0x0000019007c5d480: 48bb 00a0 | bf70 9001 | 0000 4803 | cb80 3902 | 0f85 718d | 0000 4f8d | 44cc 0c41 | 807f 4800 
  0x0000019007c5d4a0: 0f85 db8d | 0000 4c8b | df49 c1eb | 0345 8918 | 4d8b d04c | 33d7 49c1 | ea15 0f84 | 1e00 0000 
  0x0000019007c5d4c0: ;   {other}
  0x0000019007c5d4c0: 4d8b d049 | c1ea 0949 | bb00 a0bf | 7090 0100 | 004d 03d3 | 4180 3a02 | 0f85 0b8e | 0000 e9ad 
  0x0000019007c5d4e0: d8ff ff4d | 8b9f c801 | 0000 4d8b | c349 83c0 | 284d 3b87 | d801 0000 | 0f83 222b | 0000 4d89 
  0x0000019007c5d500: 87c8 0100 | 0041 0f0d | 88c0 0000 | 0049 c703 | 0100 0000 | 410f 0d88 | 0001 0000 

  0x0000019007c5d51c: ;   {metadata('sun/awt/EventQueueItem'[])}
  0x0000019007c5d51c: 41c7 4308 | f837 1301 | 410f 0d88 | 4001 0000 | 410f 0d88 | 8001 0000 | 41c7 430c | 0500 0000 
  0x0000019007c5d53c: 4d89 6310 | 4d89 6318 | 4d89 6320 | 4489 5424 | 744d 8bd3 | 4d8b da4c | 8d95 c000 | 0000 4180 
  0x0000019007c5d55c: 7f48 000f | 85db 8d00 | 004d 8bcb | 49c1 e903 | 4589 0a4d | 8bc2 4d33 | c349 c1e8 | 150f 841e 
  0x0000019007c5d57c: 0000 004d | 8bc2 49c1 | e809 49b9 | 00a0 bf70 | 9001 0000 | 4d03 c141 | 8038 020f | 850b 8e00 
  0x0000019007c5d59c: 00e9 2ad0 | ffff 4b8d | 14d4 41b8 | 0100 0000 

  0x0000019007c5d5ac: ;   {optimized virtual_call}
  0x0000019007c5d5ac: 6666 90e8 

  0x0000019007c5d5b0: ; ImmutableOopMap {[32]=Oop [40]=Oop [48]=NarrowOop [96]=Oop }
                      ;*invokevirtual acquire {reexecute=0 rethrow=0 return_oop=0}
                      ; - java.util.concurrent.locks.ReentrantLock$Sync::lock@9 (line 154)
                      ; - java.util.concurrent.locks.ReentrantLock::lock@4 (line 323)
                      ; - java.awt.EventQueue::getNextEvent@11 (line 545)
                      ; - java.awt.EventDispatchThread::pumpOneEventForFilters@20 (line 190)
  0x0000019007c5d5b0: 2c18 92ff 

  0x0000019007c5d5b4: ;   {post_call_nop}
  0x0000019007c5d5b4: 0f1f 8400 | ac56 0040 | e9af b4ff | ff48 8b9c | 2488 0000 | 004f 8d44 | cc10 4180 | 7f48 000f 
  0x0000019007c5d5d4: 8530 8e00 | 0048 8bcb | 48c1 e903 | 4189 084d | 8bd8 4c33 | db49 c1eb | 150f 841e | 0000 004d 
  0x0000019007c5d5f4: 8bd8 49c1 | eb09 48b9 | 00a0 bf70 | 9001 0000 | 4c03 d941 | 803b 020f | 8567 8e00 | 004f 8d5c 
  0x0000019007c5d614: cc0c 4180 | 7f48 000f | 85c2 8e00 | 004c 8bc3 | 49c1 e803 | 4589 034d | 8bd3 4c33 | d349 c1ea 
  0x0000019007c5d634: 150f 841e | 0000 004d | 8bd3 49c1 | ea09 49b8 | 00a0 bf70 | 9001 0000 | 4d03 d041 | 803a 020f 
  0x0000019007c5d654: 85e8 8e00 | 00e9 1ee7 | ffff 488b 

  0x0000019007c5d660: ;   {optimized virtual_call}
  0x0000019007c5d660: 5424 48e8 

  0x0000019007c5d664: ; ImmutableOopMap {rbp=Oop [32]=Oop [40]=Oop [48]=NarrowOop [52]=NarrowOop [56]=NarrowOop [60]=NarrowOop [64]=Oop [72]=Oop [80]=Oop [88]=NarrowOop [96]=Oop }
                      ;*invokevirtual hashCode {reexecute=0 rethrow=0 return_oop=0}
                      ; - java.util.HashMap::hash@9 (line 338)
                      ; - java.util.HashMap::remove@2 (line 806)
                      ; - java.util.HashSet::remove@5 (line 246)
                      ; - sun.awt.AWTAutoShutdown::notifyThreadFree@24 (line 198)
                      ; - java.awt.EventQueue::getNextEvent@45 (line 551)
                      ; - java.awt.EventDispatchThread::pumpOneEventForFilters@20 (line 190)
  0x0000019007c5d664: 7817 92ff 

  0x0000019007c5d668: ;   {post_call_nop}
  0x0000019007c5d668: 0f1f 8400 | 6057 0041 | e9a9 b8ff | ff4d 8b9f | c801 0000 | 4d8b c349 | 83c0 284d | 3b87 d801 
  0x0000019007c5d688: 0000 0f83 | b02b 0000 | 4d89 87c8 | 0100 0041 | 0f0d 88c0 | 0000 0049 | c703 0100 | 0000 410f 
  0x0000019007c5d6a8: 0d88 0001 

  0x0000019007c5d6ac: ;   {metadata('sun/awt/EventQueueItem'[])}
  0x0000019007c5d6ac: 0000 41c7 | 4308 f837 | 1301 410f | 0d88 4001 | 0000 410f | 0d88 8001 | 0000 41c7 | 430c 0500 
  0x0000019007c5d6cc: 0000 4d89 | 6310 4d89 | 6318 4d89 | 6320 4489 | 5424 744d | 8bd3 4d8b | da4c 8d8d | c000 0000 
  0x0000019007c5d6ec: 4180 7f48 | 000f 85a1 | 8e00 004d | 8bc3 49c1 | e803 4589 | 014d 8bd1 | 4d33 d349 | c1ea 150f 
  0x0000019007c5d70c: 841e 0000 | 004d 8bd1 | 49c1 ea09 | 49b8 00a0 | bf70 9001 | 0000 4d03 | d041 803a | 020f 85d1 
  0x0000019007c5d72c: 8e00 00e9 | 96e0 ffff | 4b8d 14d4 | 41b8 0100 

  0x0000019007c5d73c: ;   {optimized virtual_call}
  0x0000019007c5d73c: 0000 90e8 

  0x0000019007c5d740: ; ImmutableOopMap {[32]=Oop [40]=Oop [48]=NarrowOop [52]=NarrowOop [56]=Oop [64]=Oop [72]=NarrowOop [80]=Oop [88]=Oop [96]=Oop }
                      ;*invokevirtual acquire {reexecute=0 rethrow=0 return_oop=0}
                      ; - java.util.concurrent.locks.ReentrantLock$Sync::lock@9 (line 154)
                      ; - java.util.concurrent.locks.ReentrantLock::lock@4 (line 323)
                      ; - java.awt.EventQueue::postEventPrivate@9 (line 274)
                      ; - java.awt.EventQueue::postEvent@9 (line 260)
                      ; - sun.awt.PostEventQueue::flush@87 (line 2068)
                      ; - sun.awt.SunToolkit::flushPendingEvents@15 (line 503)
                      ; - java.awt.EventQueue::getNextEvent@4 (line 544)
                      ; - java.awt.EventDispatchThread::pumpOneEventForFilters@20 (line 190)
  0x0000019007c5d740: 9c16 92ff 

  0x0000019007c5d744: ;   {post_call_nop}
  0x0000019007c5d744: 0f1f 8400 | 3c58 0042 | e9d9 bfff | ffb9 0300 | 0000 e9bf | f5ff ff4b | 8d14 d441 | b801 0000 
  0x0000019007c5d764: ;   {optimized virtual_call}
  0x0000019007c5d764: 0066 90e8 

  0x0000019007c5d768: ; ImmutableOopMap {[32]=Oop [40]=Oop [48]=NarrowOop [52]=NarrowOop [56]=Oop [64]=Oop [72]=NarrowOop [76]=NarrowOop [80]=Oop [88]=Oop [96]=Oop [104]=Oop [112]=NarrowOop [120]=Oop [128]=Oop }
                      ;*invokevirtual acquire {reexecute=0 rethrow=0 return_oop=0}
                      ; - java.util.concurrent.locks.ReentrantLock$Sync::lock@9 (line 154)
                      ; - java.util.concurrent.locks.ReentrantLock::lock@4 (line 323)
                      ; - java.awt.EventQueue::postEventPrivate@9 (line 274)
                      ; - java.awt.EventQueue::postEvent@9 (line 260)
                      ; - sun.awt.PostEventQueue::flush@87 (line 2068)
                      ; - sun.awt.SunToolkit::flushPendingEvents@15 (line 503)
                      ; - java.awt.EventQueue::postEvent@4 (line 259)
                      ; - sun.awt.PostEventQueue::flush@87 (line 2068)
                      ; - sun.awt.SunToolkit::flushPendingEvents@15 (line 503)
                      ; - java.awt.EventQueue::getNextEvent@4 (line 544)
                      ; - java.awt.EventDispatchThread::pumpOneEventForFilters@20 (line 190)
  0x0000019007c5d768: 7416 92ff 

  0x0000019007c5d76c: ;   {post_call_nop}
  0x0000019007c5d76c: 0f1f 8400 | 6458 0043 | e934 d9ff | ff45 33d2 | 4489 5424 | 70e9 f3bf | ffff bb03 | 0000 00e9 
  0x0000019007c5d78c: 01f7 ffff | 448b 5424 

  0x0000019007c5d794: ;   {metadata('java/awt/event/MouseEvent')}
  0x0000019007c5d794: 3841 81fa | 783c 1301 | 0f85 f737 | 0000 4c8b | 5424 4041 | c642 1801 | 33c0 e9e9 | b4ff ff4b 
  0x0000019007c5d7b4: 8d14 d441 | b801 0000 

  0x0000019007c5d7bc: ;   {optimized virtual_call}
  0x0000019007c5d7bc: 0066 90e8 

  0x0000019007c5d7c0: ; ImmutableOopMap {[32]=Oop [40]=Oop [48]=NarrowOop [52]=NarrowOop [56]=Oop [64]=Oop [72]=NarrowOop [76]=NarrowOop [80]=Oop [88]=Oop [96]=Oop [104]=Oop [112]=NarrowOop [120]=Oop [128]=Oop }
                      ;*invokevirtual acquire {reexecute=0 rethrow=0 return_oop=0}
                      ; - java.util.concurrent.locks.ReentrantLock$Sync::lock@9 (line 154)
                      ; - java.util.concurrent.locks.ReentrantLock::lock@4 (line 323)
                      ; - java.awt.EventQueue::postEventPrivate@9 (line 274)
                      ; - java.awt.EventQueue::postEvent@9 (line 260)
                      ; - sun.awt.PostEventQueue::flush@87 (line 2068)
                      ; - sun.awt.SunToolkit::flushPendingEvents@15 (line 503)
                      ; - java.awt.EventQueue::postEvent@4 (line 259)
                      ; - sun.awt.PostEventQueue::flush@87 (line 2068)
                      ; - sun.awt.SunToolkit::flushPendingEvents@15 (line 503)
                      ; - java.awt.EventQueue::getNextEvent@4 (line 544)
                      ; - java.awt.EventDispatchThread::pumpOneEventForFilters@20 (line 190)
  0x0000019007c5d7c0: 1c16 92ff 

  0x0000019007c5d7c4: ;   {post_call_nop}
  0x0000019007c5d7c4: 0f1f 8400 | bc58 0044 | e973 e8ff | ff45 33d2 | 4489 9424 | 9800 0000 | e921 d9ff | ffb9 0300 
  0x0000019007c5d7e4: 0000 e9d7 | f8ff fff3 | 904d 8b57 

  0x0000019007c5d7f0: ; ImmutableOopMap {rbp=NarrowOop [32]=Oop [40]=Oop [48]=NarrowOop [56]=Oop [72]=Oop [96]=Oop [112]=Oop }
                      ;*goto {reexecute=1 rethrow=0 return_oop=0}
                      ; - (reexecute) java.util.concurrent.locks.AbstractQueuedSynchronizer::tryInitializeHead@23 (line 588)
                      ; - java.util.concurrent.locks.AbstractQueuedSynchronizer$ConditionObject::newConditionNode@4 (line 1665)
                      ; - java.util.concurrent.locks.AbstractQueuedSynchronizer$ConditionObject::await@15 (line 1737)
                      ; - java.awt.EventQueue::getNextEvent@52 (line 552)
                      ; - java.awt.EventDispatchThread::pumpOneEventForFilters@20 (line 190)
                      ;   {poll}
  0x0000019007c5d7f0: 3041 8502 | e90a baff | ff48 8b4c | 2470 4d8d | 44ec 1441 | 807f 4800 | 0f85 538e | 0000 4c8b 
  0x0000019007c5d810: d949 c1eb | 0345 8918 | 4d8b d04c | 33d1 49c1 | ea15 0f84 | 1e00 0000 | 4d8b d049 | c1ea 0949 
  0x0000019007c5d830: bb00 a0bf | 7090 0100 | 004d 03d3 | 4180 3a02 | 0f85 838e | 0000 f083 | 4424 c000 | e9bd b9ff 
  0x0000019007c5d850: ff49 8b87 | c801 0000 | 4c8b d049 | 83c2 204d | 3b97 d801 | 0000 0f83 | 702f 0000 | 4d89 97c8 
  0x0000019007c5d870: 0100 0041 | 0f0d 8ac0 | 0000 0048 | c700 0100 

  0x0000019007c5d880: ;   {metadata('java/util/concurrent/locks/AbstractQueuedSynchronizer$ExclusiveNode')}
  0x0000019007c5d880: 0000 c740 | 08a8 f50d | 0144 8960 | 0c4c 8960 | 104c 8960 | 1848 8944 | 2470 e91a | faff ff45 
  0x0000019007c5d8a0: 33d2 4489 | 9424 9800 | 0000 e9ea | e7ff ff90 | 488b 5424 | 3845 33c0 

  0x0000019007c5d8b8: ;   {optimized virtual_call}
  0x0000019007c5d8b8: 6666 90e8 

  0x0000019007c5d8bc: ; ImmutableOopMap {[32]=Oop [40]=Oop [48]=NarrowOop [56]=Oop [96]=Oop }
                      ;*invokevirtual wait {reexecute=0 rethrow=0 return_oop=0}
                      ; - java.lang.Object::wait@2 (line 351)
                      ; - sun.awt.PostEventQueue::flush@27 (line 2054)
                      ; - sun.awt.SunToolkit::flushPendingEvents@15 (line 503)
                      ; - java.awt.EventQueue::getNextEvent@4 (line 544)
                      ; - java.awt.EventDispatchThread::pumpOneEventForFilters@20 (line 190)
  0x0000019007c5d8bc: 2015 92ff 

  0x0000019007c5d8c0: ;   {post_call_nop}
  0x0000019007c5d8c0: 0f1f 8400 | b859 0046 

  0x0000019007c5d8c8: ; ImmutableOopMap {[32]=Oop [40]=Oop [48]=NarrowOop [56]=Oop [96]=Oop }
                      ;*goto {reexecute=1 rethrow=0 return_oop=0}
                      ; - (reexecute) sun.awt.PostEventQueue::flush@30 (line 2054)
                      ; - sun.awt.SunToolkit::flushPendingEvents@15 (line 503)
                      ; - java.awt.EventQueue::getNextEvent@4 (line 544)
                      ; - java.awt.EventDispatchThread::pumpOneEventForFilters@20 (line 190)
  0x0000019007c5d8c8: 4d8b 5730 

  0x0000019007c5d8cc: ;   {poll}
  0x0000019007c5d8cc: 4185 024c | 8b54 2438 | 453b 6218 | 75d6 e998 

  0x0000019007c5d8dc: ;   {metadata('sun/awt/EventQueueItem')}
  0x0000019007c5d8dc: a9ff ff48 | ba08 2113 | 8a00 0000 

  0x0000019007c5d8e8: ;   {runtime_call C2 Runtime new_instance}
  0x0000019007c5d8e8: 0066 90e8 

  0x0000019007c5d8ec: ; ImmutableOopMap {[32]=Oop [40]=Oop [48]=NarrowOop [52]=NarrowOop [56]=Oop [64]=Oop [72]=NarrowOop [80]=Oop [88]=Oop [96]=Oop }
                      ;*new {reexecute=0 rethrow=0 return_oop=1}
                      ; - java.awt.EventQueue::postEvent@10 (line 327)
                      ; - java.awt.EventQueue::postEventPrivate@76 (line 288)
                      ; - java.awt.EventQueue::postEvent@9 (line 260)
                      ; - sun.awt.PostEventQueue::flush@87 (line 2068)
                      ; - sun.awt.SunToolkit::flushPendingEvents@15 (line 503)
                      ; - java.awt.EventQueue::getNextEvent@4 (line 544)
                      ; - java.awt.EventDispatchThread::pumpOneEventForFilters@20 (line 190)
  0x0000019007c5d8ec: 7078 9fff 

  0x0000019007c5d8f0: ;   {post_call_nop}
  0x0000019007c5d8f0: 0f1f 8400 | e859 0048 | 4c8b d8e9 | 19bf ffff 

  0x0000019007c5d900: ;   {metadata('java/util/concurrent/locks/AbstractQueuedSynchronizer$ConditionNode')}
  0x0000019007c5d900: 48ba c0f7 | 0d8a 0000 

  0x0000019007c5d908: ;   {runtime_call C2 Runtime new_instance}
  0x0000019007c5d908: 0000 90e8 

  0x0000019007c5d90c: ; ImmutableOopMap {[32]=Oop [40]=Oop [48]=NarrowOop [72]=Oop [96]=Oop }
                      ;*new {reexecute=0 rethrow=0 return_oop=1}
                      ; - java.util.concurrent.locks.AbstractQueuedSynchronizer$ConditionObject::newConditionNode@10 (line 1667)
                      ; - java.util.concurrent.locks.AbstractQueuedSynchronizer$ConditionObject::await@15 (line 1737)
                      ; - java.awt.EventQueue::getNextEvent@52 (line 552)
                      ; - java.awt.EventDispatchThread::pumpOneEventForFilters@20 (line 190)
  0x0000019007c5d90c: 5078 9fff 

  0x0000019007c5d910: ;   {post_call_nop}
  0x0000019007c5d910: 0f1f 8400 | 085a 0049 | e935 b9ff | ff66 6690 | 488b 5424 | 5845 33c0 

  0x0000019007c5d928: ;   {optimized virtual_call}
  0x0000019007c5d928: 6666 90e8 

  0x0000019007c5d92c: ; ImmutableOopMap {[32]=Oop [40]=Oop [48]=NarrowOop [52]=NarrowOop [56]=Oop [64]=Oop [72]=NarrowOop [80]=Oop [88]=Oop [96]=Oop }
                      ;*invokevirtual wait {reexecute=0 rethrow=0 return_oop=0}
                      ; - java.lang.Object::wait@2 (line 351)
                      ; - sun.awt.PostEventQueue::flush@27 (line 2054)
                      ; - sun.awt.SunToolkit::flushPendingEvents@15 (line 503)
                      ; - java.awt.EventQueue::postEvent@4 (line 259)
                      ; - sun.awt.PostEventQueue::flush@87 (line 2068)
                      ; - sun.awt.SunToolkit::flushPendingEvents@15 (line 503)
                      ; - java.awt.EventQueue::getNextEvent@4 (line 544)
                      ; - java.awt.EventDispatchThread::pumpOneEventForFilters@20 (line 190)
  0x0000019007c5d92c: b014 92ff 

  0x0000019007c5d930: ;   {post_call_nop}
  0x0000019007c5d930: 0f1f 8400 | 285a 004a 

  0x0000019007c5d938: ; ImmutableOopMap {[32]=Oop [40]=Oop [48]=NarrowOop [52]=NarrowOop [56]=Oop [64]=Oop [72]=NarrowOop [80]=Oop [88]=Oop [96]=Oop }
                      ;*goto {reexecute=1 rethrow=0 return_oop=0}
                      ; - (reexecute) sun.awt.PostEventQueue::flush@30 (line 2054)
                      ; - sun.awt.SunToolkit::flushPendingEvents@15 (line 503)
                      ; - java.awt.EventQueue::postEvent@4 (line 259)
                      ; - sun.awt.PostEventQueue::flush@87 (line 2068)
                      ; - sun.awt.SunToolkit::flushPendingEvents@15 (line 503)
                      ; - java.awt.EventQueue::getNextEvent@4 (line 544)
                      ; - java.awt.EventDispatchThread::pumpOneEventForFilters@20 (line 190)
  0x0000019007c5d938: 4d8b 5730 

  0x0000019007c5d93c: ;   {poll}
  0x0000019007c5d93c: 4185 024c | 8b54 2458 | 453b 6218 | 75d6 e924 | caff ff90 | 488b 5424 | 3845 33c0 

  0x0000019007c5d958: ;   {optimized virtual_call}
  0x0000019007c5d958: 6666 90e8 

  0x0000019007c5d95c: ; ImmutableOopMap {[32]=Oop [40]=Oop [48]=NarrowOop [56]=Oop [96]=Oop }
                      ;*invokevirtual wait {reexecute=0 rethrow=0 return_oop=0}
                      ; - java.lang.Object::wait@2 (line 351)
                      ; - sun.awt.PostEventQueue::flush@27 (line 2054)
                      ; - sun.awt.SunToolkit::flushPendingEvents@15 (line 503)
                      ; - java.awt.EventQueue::getNextEvent@4 (line 544)
                      ; - java.awt.EventDispatchThread::pumpOneEventForFilters@20 (line 190)
  0x0000019007c5d95c: 8014 92ff 

  0x0000019007c5d960: ;   {post_call_nop}
  0x0000019007c5d960: 0f1f 8400 | 585a 004c 

  0x0000019007c5d968: ; ImmutableOopMap {[32]=Oop [40]=Oop [48]=NarrowOop [56]=Oop [96]=Oop }
                      ;*goto {reexecute=1 rethrow=0 return_oop=0}
                      ; - (reexecute) sun.awt.PostEventQueue::flush@30 (line 2054)
                      ; - sun.awt.SunToolkit::flushPendingEvents@15 (line 503)
                      ; - java.awt.EventQueue::getNextEvent@4 (line 544)
                      ; - java.awt.EventDispatchThread::pumpOneEventForFilters@20 (line 190)
  0x0000019007c5d968: 4d8b 5730 

  0x0000019007c5d96c: ;   {poll}
  0x0000019007c5d96c: 4185 024c | 8b54 2438 | 453b 6218 | 75d6 e9f0 | acff ff81 | f920 0300 | 000f 85e1 | 3500 0033 
  0x0000019007c5d98c: c9e9 88f3 

  0x0000019007c5d990: ;   {metadata('sun/awt/EventQueueItem')}
  0x0000019007c5d990: ffff 48ba | 0821 138a | 0000 0000 

  0x0000019007c5d99c: ;   {runtime_call C2 Runtime new_instance}
  0x0000019007c5d99c: 6666 90e8 

  0x0000019007c5d9a0: ; ImmutableOopMap {[32]=Oop [40]=Oop [48]=NarrowOop [52]=NarrowOop [56]=Oop [64]=Oop [72]=NarrowOop [76]=NarrowOop [80]=Oop [88]=Oop [96]=Oop [104]=Oop [112]=NarrowOop [120]=Oop [128]=Oop }
                      ;*new {reexecute=0 rethrow=0 return_oop=1}
                      ; - java.awt.EventQueue::postEvent@10 (line 327)
                      ; - java.awt.EventQueue::postEventPrivate@76 (line 288)
                      ; - java.awt.EventQueue::postEvent@9 (line 260)
                      ; - sun.awt.PostEventQueue::flush@87 (line 2068)
                      ; - sun.awt.SunToolkit::flushPendingEvents@15 (line 503)
                      ; - java.awt.EventQueue::postEvent@4 (line 259)
                      ; - sun.awt.PostEventQueue::flush@87 (line 2068)
                      ; - sun.awt.SunToolkit::flushPendingEvents@15 (line 503)
                      ; - java.awt.EventQueue::getNextEvent@4 (line 544)
                      ; - java.awt.EventDispatchThread::pumpOneEventForFilters@20 (line 190)
  0x0000019007c5d9a0: bc77 9fff 

  0x0000019007c5d9a4: ;   {post_call_nop}
  0x0000019007c5d9a4: 0f1f 8400 | 9c5a 004e | 4c8b d8e9 | f1d7 ffff | 488b 5424 | 5845 33c0 

  0x0000019007c5d9bc: ;   {optimized virtual_call}
  0x0000019007c5d9bc: 6666 90e8 

  0x0000019007c5d9c0: ; ImmutableOopMap {[32]=Oop [40]=Oop [48]=NarrowOop [52]=NarrowOop [56]=Oop [64]=Oop [72]=NarrowOop [80]=Oop [88]=Oop [96]=Oop }
                      ;*invokevirtual wait {reexecute=0 rethrow=0 return_oop=0}
                      ; - java.lang.Object::wait@2 (line 351)
                      ; - sun.awt.PostEventQueue::flush@27 (line 2054)
                      ; - sun.awt.SunToolkit::flushPendingEvents@15 (line 503)
                      ; - java.awt.EventQueue::postEvent@4 (line 259)
                      ; - sun.awt.PostEventQueue::flush@87 (line 2068)
                      ; - sun.awt.SunToolkit::flushPendingEvents@15 (line 503)
                      ; - java.awt.EventQueue::getNextEvent@4 (line 544)
                      ; - java.awt.EventDispatchThread::pumpOneEventForFilters@20 (line 190)
  0x0000019007c5d9c0: 1c14 92ff 

  0x0000019007c5d9c4: ;   {post_call_nop}
  0x0000019007c5d9c4: 0f1f 8400 | bc5a 004f 

  0x0000019007c5d9cc: ; ImmutableOopMap {[32]=Oop [40]=Oop [48]=NarrowOop [52]=NarrowOop [56]=Oop [64]=Oop [72]=NarrowOop [80]=Oop [88]=Oop [96]=Oop }
                      ;*goto {reexecute=1 rethrow=0 return_oop=0}
                      ; - (reexecute) sun.awt.PostEventQueue::flush@30 (line 2054)
                      ; - sun.awt.SunToolkit::flushPendingEvents@15 (line 503)
                      ; - java.awt.EventQueue::postEvent@4 (line 259)
                      ; - sun.awt.PostEventQueue::flush@87 (line 2068)
                      ; - sun.awt.SunToolkit::flushPendingEvents@15 (line 503)
                      ; - java.awt.EventQueue::getNextEvent@4 (line 544)
                      ; - java.awt.EventDispatchThread::pumpOneEventForFilters@20 (line 190)
  0x0000019007c5d9cc: 4d8b 5730 

  0x0000019007c5d9d0: ;   {poll}
  0x0000019007c5d9d0: 4185 024c | 8b54 2458 | 453b 6218 | 75d6 e994 | dbff ff41 | 81fb 2003 | 0000 0f85 | 9235 0000 
  0x0000019007c5d9f0: 33db e99a 

  0x0000019007c5d9f4: ;   {metadata('sun/awt/EventQueueItem')}
  0x0000019007c5d9f4: f4ff ff48 | ba08 2113 | 8a00 0000 

  0x0000019007c5da00: ;   {runtime_call C2 Runtime new_instance}
  0x0000019007c5da00: 0066 90e8 

  0x0000019007c5da04: ; ImmutableOopMap {[32]=Oop [40]=Oop [48]=NarrowOop [52]=NarrowOop [56]=Oop [64]=Oop [72]=NarrowOop [76]=NarrowOop [80]=Oop [88]=Oop [96]=Oop [104]=Oop [112]=NarrowOop [120]=Oop [128]=Oop }
                      ;*new {reexecute=0 rethrow=0 return_oop=1}
                      ; - java.awt.EventQueue::postEvent@10 (line 327)
                      ; - java.awt.EventQueue::postEventPrivate@76 (line 288)
                      ; - java.awt.EventQueue::postEvent@9 (line 260)
                      ; - sun.awt.PostEventQueue::flush@87 (line 2068)
                      ; - sun.awt.SunToolkit::flushPendingEvents@15 (line 503)
                      ; - java.awt.EventQueue::postEvent@4 (line 259)
                      ; - sun.awt.PostEventQueue::flush@87 (line 2068)
                      ; - sun.awt.SunToolkit::flushPendingEvents@15 (line 503)
                      ; - java.awt.EventQueue::getNextEvent@4 (line 544)
                      ; - java.awt.EventDispatchThread::pumpOneEventForFilters@20 (line 190)
  0x0000019007c5da04: 5877 9fff 

  0x0000019007c5da08: ;   {post_call_nop}
  0x0000019007c5da08: 0f1f 8400 | 005b 0051 | 4c8b d8e9 | 21e7 ffff | 81f9 2003 | 0000 0f85 | a035 0000 | 33c9 e997 
  0x0000019007c5da28: f6ff ffba | 6eff ffff | 488b 6c24 

  0x0000019007c5da34: ;   {runtime_call UncommonTrapBlob}
  0x0000019007c5da34: 2866 90e8 

  0x0000019007c5da38: ; ImmutableOopMap {rbp=Oop [48]=NarrowOop }
                      ;*iflt {reexecute=1 rethrow=0 return_oop=0}
                      ; - (reexecute) java.awt.EventQueue::getNextEventPrivate@3 (line 563)
                      ; - java.awt.EventQueue::getNextEvent@17 (line 547)
                      ; - java.awt.EventDispatchThread::pumpOneEventForFilters@20 (line 190)
  0x0000019007c5da38: 2421 9fff 

  0x0000019007c5da3c: ;   {post_call_nop}
  0x0000019007c5da3c: 0f1f 8400 | 345b 0052 | bae4 ffff | ff48 8b6c | 2428 4489 

  0x0000019007c5da50: ;   {runtime_call UncommonTrapBlob}
  0x0000019007c5da50: 5c24 2ce8 

  0x0000019007c5da54: ; ImmutableOopMap {rbp=Oop [44]=NarrowOop [48]=NarrowOop }
                      ;*aaload {reexecute=0 rethrow=0 return_oop=0}
                      ; - java.awt.EventQueue::getNextEventPrivate@11 (line 564)
                      ; - java.awt.EventQueue::getNextEvent@17 (line 547)
                      ; - java.awt.EventDispatchThread::pumpOneEventForFilters@20 (line 190)
  0x0000019007c5da54: 0821 9fff 

  0x0000019007c5da58: ;   {post_call_nop}
  0x0000019007c5da58: 0f1f 8400 | 505b 0053 | baf6 ffff | ff44 8954 

  0x0000019007c5da68: ;   {runtime_call UncommonTrapBlob}
  0x0000019007c5da68: 2424 90e8 

  0x0000019007c5da6c: ; ImmutableOopMap {[36]=NarrowOop [40]=Oop [48]=NarrowOop }
                      ;*invokevirtual get {reexecute=0 rethrow=0 return_oop=0}
                      ; - sun.awt.SunToolkit::flushPendingEvents@3 (line 501)
                      ; - java.awt.EventQueue::getNextEvent@4 (line 544)
                      ; - java.awt.EventDispatchThread::pumpOneEventForFilters@20 (line 190)
  0x0000019007c5da6c: f020 9fff 

  0x0000019007c5da70: ;   {post_call_nop}
  0x0000019007c5da70: 0f1f 8400 | 685b 0054 | baf6 ffff 

  0x0000019007c5da7c: ;   {runtime_call UncommonTrapBlob}
  0x0000019007c5da7c: ff66 90e8 

  0x0000019007c5da80: ; ImmutableOopMap {[40]=Oop [48]=NarrowOop }
                      ;*invokevirtual lock {reexecute=0 rethrow=0 return_oop=0}
                      ; - java.util.concurrent.locks.ReentrantLock::lock@4 (line 323)
                      ; - java.awt.EventQueue::getNextEvent@11 (line 545)
                      ; - java.awt.EventDispatchThread::pumpOneEventForFilters@20 (line 190)
  0x0000019007c5da80: dc20 9fff 

  0x0000019007c5da84: ;   {post_call_nop}
  0x0000019007c5da84: 0f1f 8400 | 7c5b 0055 | 488b 5424 | 284c 8d84 | 24d0 0000 

  0x0000019007c5da98: ;   {runtime_call C2 Runtime complete_monitor_locking}
  0x0000019007c5da98: 0066 90e8 

  0x0000019007c5da9c: ; ImmutableOopMap {[40]=Oop [96]=Oop }
                      ;*synchronization entry
                      ; - java.awt.EventDispatchThread::getEventQueue@-1 (line 222)
                      ; - java.awt.EventDispatchThread::pumpOneEventForFilters@8 (line 188)
  0x0000019007c5da9c: c0b6 9fff 

  0x0000019007c5daa0: ;   {post_call_nop}
  0x0000019007c5daa0: 0f1f 8400 | 985b 0056 | e925 a6ff | ff48 8b4c | 2428 488d | 9424 d000 | 0000 4d8b 

  0x0000019007c5dabc: ;   {runtime_call}
  0x0000019007c5dabc: c749 ba80 | a387 9df9 | 7f00 0041 

  0x0000019007c5dac8: ;   {post_call_nop}
  0x0000019007c5dac8: ffd2 0f1f | 8400 0000 | 0000 e9a6 | a6ff ff49 | 8bd3 4c8d | 8424 d000 

  0x0000019007c5dae0: ;   {runtime_call C2 Runtime complete_monitor_locking}
  0x0000019007c5dae0: 0000 90e8 

  0x0000019007c5dae4: ; ImmutableOopMap {[32]=Oop [40]=Oop [48]=NarrowOop [56]=Oop [96]=Oop }
                      ;*monitorenter {reexecute=0 rethrow=0 return_oop=0}
                      ; - sun.awt.PostEventQueue::flush@7 (line 2047)
                      ; - sun.awt.SunToolkit::flushPendingEvents@15 (line 503)
                      ; - java.awt.EventQueue::getNextEvent@4 (line 544)
                      ; - java.awt.EventDispatchThread::pumpOneEventForFilters@20 (line 190)
  0x0000019007c5dae4: 78b6 9fff 

  0x0000019007c5dae8: ;   {post_call_nop}
  0x0000019007c5dae8: 0f1f 8400 | e05b 0057 | e95b a7ff | ffba deff | ffff 48ff | 7424 2848 | 8f44 2420 

  0x0000019007c5db04: ;   {runtime_call UncommonTrapBlob}
  0x0000019007c5db04: 6666 90e8 

  0x0000019007c5db08: ; ImmutableOopMap {rbp=NarrowOop [32]=Oop [48]=NarrowOop }
                      ;*invokeinterface lock {reexecute=0 rethrow=0 return_oop=0}
                      ; - java.awt.EventQueue::getNextEvent@11 (line 545)
                      ; - java.awt.EventDispatchThread::pumpOneEventForFilters@20 (line 190)
  0x0000019007c5db08: 5420 9fff 

  0x0000019007c5db0c: ;   {post_call_nop}
  0x0000019007c5db0c: 0f1f 8400 | 045c 0058 | bade ffff | ff48 ff74 | 2428 488f 

  0x0000019007c5db20: ;   {runtime_call UncommonTrapBlob}
  0x0000019007c5db20: 4424 20e8 

  0x0000019007c5db24: ; ImmutableOopMap {rbp=NarrowOop [32]=Oop [48]=NarrowOop [52]=NarrowOop }
                      ;*invokeinterface unlock {reexecute=0 rethrow=0 return_oop=0}
                      ; - java.awt.EventQueue::getNextEvent@31 (line 554)
                      ; - java.awt.EventDispatchThread::pumpOneEventForFilters@20 (line 190)
  0x0000019007c5db24: 3820 9fff 

  0x0000019007c5db28: ;   {post_call_nop}
  0x0000019007c5db28: 0f1f 8400 | 205c 0059 | ba6e ffff | ff48 8b6c | 2428 4489 

  0x0000019007c5db3c: ;   {runtime_call UncommonTrapBlob}
  0x0000019007c5db3c: 4424 20e8 

  0x0000019007c5db40: ; ImmutableOopMap {rbp=Oop }
                      ;*aload_0 {reexecute=0 rethrow=0 return_oop=0}
                      ; - java.awt.EventDispatchThread::pumpOneEventForFilters@7 (line 188)
  0x0000019007c5db40: 1c20 9fff 

  0x0000019007c5db44: ;   {post_call_nop}
  0x0000019007c5db44: 0f1f 8400 | 3c5c 005a | ba45 ffff | ff48 8b6c | 2428 4889 | 4424 f88b | 4424 3089 | 4424 2448 
  0x0000019007c5db64: 8b44 24f8 

  0x0000019007c5db68: ;   {runtime_call UncommonTrapBlob}
  0x0000019007c5db68: 6666 90e8 

  0x0000019007c5db6c: ; ImmutableOopMap {rbp=Oop [36]=NarrowOop [72]=Oop [80]=Oop }
                      ;*ifne {reexecute=1 rethrow=0 return_oop=0}
                      ; - (reexecute) java.util.concurrent.ForkJoinPool::unmanagedBlock@11 (line 4364)
                      ; - java.util.concurrent.ForkJoinPool::managedBlock@32 (line 4310)
                      ; - java.util.concurrent.locks.AbstractQueuedSynchronizer$ConditionObject::await@107 (line 1752)
                      ; - java.awt.EventQueue::getNextEvent@52 (line 552)
                      ; - java.awt.EventDispatchThread::pumpOneEventForFilters@20 (line 190)
  0x0000019007c5db6c: f01f 9fff 

  0x0000019007c5db70: ;   {post_call_nop}
  0x0000019007c5db70: 0f1f 8400 | 685c 005b | baf6 ffff | ff48 8b6c | 2428 4889 | 4424 f88b | 4424 3089 | 4424 2448 
  0x0000019007c5db90: 8b44 24f8 | 48ff 7424 | 3848 8f44 

  0x0000019007c5db9c: ;   {runtime_call UncommonTrapBlob}
  0x0000019007c5db9c: 2428 90e8 

  0x0000019007c5dba0: ; ImmutableOopMap {rbp=Oop [36]=NarrowOop [40]=Oop [64]=Oop [96]=Oop }
                      ;*invokevirtual get {reexecute=0 rethrow=0 return_oop=0}
                      ; - sun.awt.SunToolkit::flushPendingEvents@3 (line 501)
                      ; - java.awt.EventQueue::postEvent@4 (line 259)
                      ; - sun.awt.PostEventQueue::flush@87 (line 2068)
                      ; - sun.awt.SunToolkit::flushPendingEvents@15 (line 503)
                      ; - java.awt.EventQueue::getNextEvent@4 (line 544)
                      ; - java.awt.EventDispatchThread::pumpOneEventForFilters@20 (line 190)
  0x0000019007c5dba0: bc1f 9fff 

  0x0000019007c5dba4: ;   {post_call_nop}
  0x0000019007c5dba4: 0f1f 8400 | 9c5c 005c | baf6 ffff | ff48 8b6c | 2428 4889 | 4424 f88b | 4424 3089 | 4424 2448 
  0x0000019007c5dbc4: 8b44 24f8 | 48ff 7424 | 3848 8f44 

  0x0000019007c5dbd0: ;   {runtime_call UncommonTrapBlob}
  0x0000019007c5dbd0: 2428 90e8 

  0x0000019007c5dbd4: ; ImmutableOopMap {rbp=Oop [36]=NarrowOop [40]=Oop [52]=NarrowOop [64]=Oop [72]=NarrowOop [96]=Oop }
                      ;*invokevirtual lock {reexecute=0 rethrow=0 return_oop=0}
                      ; - java.util.concurrent.locks.ReentrantLock::lock@4 (line 323)
                      ; - java.awt.EventQueue::postEventPrivate@9 (line 274)
                      ; - java.awt.EventQueue::postEvent@9 (line 260)
                      ; - sun.awt.PostEventQueue::flush@87 (line 2068)
                      ; - sun.awt.SunToolkit::flushPendingEvents@15 (line 503)
                      ; - java.awt.EventQueue::getNextEvent@4 (line 544)
                      ; - java.awt.EventDispatchThread::pumpOneEventForFilters@20 (line 190)
  0x0000019007c5dbd4: 881f 9fff 

  0x0000019007c5dbd8: ;   {post_call_nop}
  0x0000019007c5dbd8: 0f1f 8400 | d05c 005d | bae4 ffff | ff48 ff74 | 2428 488f | 4424 2048 | 8944 24f8 | 8b44 2430 
  0x0000019007c5dbf8: 8944 242c | 488b 4424 | f848 ff74 | 2460 488f 

  0x0000019007c5dc08: ;   {runtime_call UncommonTrapBlob}
  0x0000019007c5dc08: 4424 50e8 

  0x0000019007c5dc0c: ; ImmutableOopMap {rbp=NarrowOop [32]=Oop [44]=NarrowOop [52]=NarrowOop [56]=Oop [64]=Oop [72]=NarrowOop [80]=Oop [104]=Oop }
                      ;*aaload {reexecute=0 rethrow=0 return_oop=0}
                      ; - java.awt.EventQueue::postEvent@47 (line 333)
                      ; - java.awt.EventQueue::postEventPrivate@76 (line 288)
                      ; - java.awt.EventQueue::postEvent@9 (line 260)
                      ; - sun.awt.PostEventQueue::flush@87 (line 2068)
                      ; - sun.awt.SunToolkit::flushPendingEvents@15 (line 503)
                      ; - java.awt.EventQueue::getNextEvent@4 (line 544)
                      ; - java.awt.EventDispatchThread::pumpOneEventForFilters@20 (line 190)
  0x0000019007c5dc0c: 501f 9fff 

  0x0000019007c5dc10: ;   {post_call_nop}
  0x0000019007c5dc10: 0f1f 8400 | 085d 005e | 498b d34c | 8d84 24d0 

  0x0000019007c5dc20: ;   {runtime_call C2 Runtime complete_monitor_locking}
  0x0000019007c5dc20: 0000 00e8 

  0x0000019007c5dc24: ; ImmutableOopMap {[32]=Oop [40]=Oop [48]=NarrowOop [52]=NarrowOop [56]=Oop [64]=Oop [72]=NarrowOop [80]=Oop [88]=Oop [96]=Oop }
                      ;*monitorenter {reexecute=0 rethrow=0 return_oop=0}
                      ; - sun.awt.PostEventQueue::flush@7 (line 2047)
                      ; - sun.awt.SunToolkit::flushPendingEvents@15 (line 503)
                      ; - java.awt.EventQueue::postEvent@4 (line 259)
                      ; - sun.awt.PostEventQueue::flush@87 (line 2068)
                      ; - sun.awt.SunToolkit::flushPendingEvents@15 (line 503)
                      ; - java.awt.EventQueue::getNextEvent@4 (line 544)
                      ; - java.awt.EventDispatchThread::pumpOneEventForFilters@20 (line 190)
  0x0000019007c5dc24: 38b5 9fff 

  0x0000019007c5dc28: ;   {post_call_nop}
  0x0000019007c5dc28: 0f1f 8400 | 205d 005f | e917 c7ff | ffba deff | ffff 48ff | 7424 2848 | 8f44 2420 | 4889 4424 
  0x0000019007c5dc48: f88b 4424 | 3089 4424 | 2c48 8b44 

  0x0000019007c5dc54: ;   {runtime_call UncommonTrapBlob}
  0x0000019007c5dc54: 24f8 90e8 

  0x0000019007c5dc58: ; ImmutableOopMap {rbp=NarrowOop [32]=Oop [44]=NarrowOop [52]=NarrowOop [56]=Oop [64]=Oop [72]=NarrowOop [96]=Oop }
                      ;*invokeinterface lock {reexecute=0 rethrow=0 return_oop=0}
                      ; - java.awt.EventQueue::postEventPrivate@9 (line 274)
                      ; - java.awt.EventQueue::postEvent@9 (line 260)
                      ; - sun.awt.PostEventQueue::flush@87 (line 2068)
                      ; - sun.awt.SunToolkit::flushPendingEvents@15 (line 503)
                      ; - java.awt.EventQueue::getNextEvent@4 (line 544)
                      ; - java.awt.EventDispatchThread::pumpOneEventForFilters@20 (line 190)
  0x0000019007c5dc58: 041f 9fff 

  0x0000019007c5dc5c: ;   {post_call_nop}
  0x0000019007c5dc5c: 0f1f 8400 | 545d 0060 | bade ffff | ff48 ff74 | 2428 488f | 4424 2048 | 8944 24f8 | 8b44 2430 
  0x0000019007c5dc7c: 8944 242c | 488b 4424 | f848 ff74 | 2438 488f 

  0x0000019007c5dc8c: ;   {runtime_call UncommonTrapBlob}
  0x0000019007c5dc8c: 4424 30e8 

  0x0000019007c5dc90: ; ImmutableOopMap {rbp=NarrowOop [32]=Oop [44]=NarrowOop [48]=Oop [64]=Oop [96]=Oop }
                      ;*invokeinterface unlock {reexecute=0 rethrow=0 return_oop=0}
                      ; - java.awt.EventQueue::postEventPrivate@83 (line 290)
                      ; - java.awt.EventQueue::postEvent@9 (line 260)
                      ; - sun.awt.PostEventQueue::flush@87 (line 2068)
                      ; - sun.awt.SunToolkit::flushPendingEvents@15 (line 503)
                      ; - java.awt.EventQueue::getNextEvent@4 (line 544)
                      ; - java.awt.EventDispatchThread::pumpOneEventForFilters@20 (line 190)
  0x0000019007c5dc90: cc1e 9fff 

  0x0000019007c5dc94: ;   {post_call_nop}
  0x0000019007c5dc94: 0f1f 8400 | 8c5d 0061 | baf6 ffff | ff48 8b6c 

  0x0000019007c5dca4: ;   {runtime_call UncommonTrapBlob}
  0x0000019007c5dca4: 2428 90e8 

  0x0000019007c5dca8: ; ImmutableOopMap {rbp=Oop [48]=NarrowOop [52]=NarrowOop }
                      ;*monitorenter {reexecute=0 rethrow=0 return_oop=0}
                      ; - sun.awt.AWTAutoShutdown::notifyThreadFree@11 (line 196)
                      ; - java.awt.EventQueue::getNextEvent@45 (line 551)
                      ; - java.awt.EventDispatchThread::pumpOneEventForFilters@20 (line 190)
  0x0000019007c5dca8: b41e 9fff 

  0x0000019007c5dcac: ;   {post_call_nop}
  0x0000019007c5dcac: 0f1f 8400 | a45d 0062 | baf6 ffff | ff48 8b6c | 2428 4889 | 4424 f88b | 4424 3089 | 4424 2448 
  0x0000019007c5dccc: 8b44 24f8 | 4889 4424 | f88b 4424 | 3889 4424 | 2c48 8b44 

  0x0000019007c5dce0: ;   {runtime_call UncommonTrapBlob}
  0x0000019007c5dce0: 24f8 90e8 

  0x0000019007c5dce4: ; ImmutableOopMap {rbp=Oop [36]=NarrowOop [44]=NarrowOop [52]=NarrowOop }
                      ;*monitorenter {reexecute=0 rethrow=0 return_oop=0}
                      ; - sun.awt.AWTAutoShutdown::notifyThreadFree@18 (line 197)
                      ; - java.awt.EventQueue::getNextEvent@45 (line 551)
                      ; - java.awt.EventDispatchThread::pumpOneEventForFilters@20 (line 190)
  0x0000019007c5dce4: 781e 9fff 

  0x0000019007c5dce8: ;   {post_call_nop}
  0x0000019007c5dce8: 0f1f 8400 | e05d 0063 | baf6 ffff | ff48 8b6c | 2428 4889 | 4424 f88b | 4424 3089 | 4424 2448 
  0x0000019007c5dd08: 8b44 24f8 | 4c89 5424 

  0x0000019007c5dd10: ;   {runtime_call UncommonTrapBlob}
  0x0000019007c5dd10: 3066 90e8 

  0x0000019007c5dd14: ; ImmutableOopMap {rbp=Oop [36]=NarrowOop [48]=Oop [72]=Oop }
                      ;*invokevirtual tryInitializeHead {reexecute=0 rethrow=0 return_oop=0}
                      ; - java.util.concurrent.locks.AbstractQueuedSynchronizer$ConditionObject::newConditionNode@4 (line 1665)
                      ; - java.util.concurrent.locks.AbstractQueuedSynchronizer$ConditionObject::await@15 (line 1737)
                      ; - java.awt.EventQueue::getNextEvent@52 (line 552)
                      ; - java.awt.EventDispatchThread::pumpOneEventForFilters@20 (line 190)
  0x0000019007c5dd14: 481e 9fff 

  0x0000019007c5dd18: ;   {post_call_nop}
  0x0000019007c5dd18: 0f1f 8400 | 105e 0064 | baf6 ffff | ff48 8b6c | 2428 4889 | 4424 f88b | 4424 3089 | 4424 2448 
  0x0000019007c5dd38: 8b44 24f8 

  0x0000019007c5dd3c: ;   {runtime_call UncommonTrapBlob}
  0x0000019007c5dd3c: 6666 90e8 

  0x0000019007c5dd40: ; ImmutableOopMap {rbp=Oop [36]=NarrowOop [72]=Oop [80]=Oop }
                      ;*invokevirtual reacquire {reexecute=0 rethrow=0 return_oop=0}
                      ; - java.util.concurrent.locks.AbstractQueuedSynchronizer$ConditionObject::await@148 (line 1763)
                      ; - java.awt.EventQueue::getNextEvent@52 (line 552)
                      ; - java.awt.EventDispatchThread::pumpOneEventForFilters@20 (line 190)
  0x0000019007c5dd40: 1c1e 9fff 

  0x0000019007c5dd44: ;   {post_call_nop}
  0x0000019007c5dd44: 0f1f 8400 | 3c5e 0065 | baf6 ffff 

  0x0000019007c5dd50: ;   {runtime_call UncommonTrapBlob}
  0x0000019007c5dd50: ff66 90e8 

  0x0000019007c5dd54: ; ImmutableOopMap {[40]=Oop [48]=NarrowOop }
                      ;*invokevirtual get {reexecute=0 rethrow=0 return_oop=0}
                      ; - sun.awt.SunToolkit::flushPendingEvents@3 (line 501)
                      ; - java.awt.EventQueue::getNextEvent@4 (line 544)
                      ; - java.awt.EventDispatchThread::pumpOneEventForFilters@20 (line 190)
  0x0000019007c5dd54: 081e 9fff 

  0x0000019007c5dd58: ;   {post_call_nop}
  0x0000019007c5dd58: 0f1f 8400 | 505e 0066 | 498b d34c | 8d84 24d0 

  0x0000019007c5dd68: ;   {runtime_call C2 Runtime complete_monitor_locking}
  0x0000019007c5dd68: 0000 00e8 

  0x0000019007c5dd6c: ; ImmutableOopMap {[32]=Oop [40]=Oop [48]=NarrowOop [52]=NarrowOop [56]=NarrowOop [64]=Oop [72]=Oop [96]=Oop }
                      ;*monitorenter {reexecute=0 rethrow=0 return_oop=0}
                      ; - sun.awt.AWTAutoShutdown::notifyThreadFree@11 (line 196)
                      ; - java.awt.EventQueue::getNextEvent@45 (line 551)
                      ; - java.awt.EventDispatchThread::pumpOneEventForFilters@20 (line 190)
  0x0000019007c5dd6c: f0b3 9fff 

  0x0000019007c5dd70: ;   {post_call_nop}
  0x0000019007c5dd70: 0f1f 8400 | 685e 0067 | e99e b0ff | ff49 8bd3 | 4c8d 8424 | d800 0000 

  0x0000019007c5dd88: ;   {runtime_call C2 Runtime complete_monitor_locking}
  0x0000019007c5dd88: 6666 90e8 

  0x0000019007c5dd8c: ; ImmutableOopMap {[32]=Oop [40]=Oop [48]=NarrowOop [52]=NarrowOop [56]=NarrowOop [60]=NarrowOop [64]=Oop [72]=Oop [80]=Oop [96]=Oop }
                      ;*monitorenter {reexecute=0 rethrow=0 return_oop=0}
                      ; - sun.awt.AWTAutoShutdown::notifyThreadFree@18 (line 197)
                      ; - java.awt.EventQueue::getNextEvent@45 (line 551)
                      ; - java.awt.EventDispatchThread::pumpOneEventForFilters@20 (line 190)
  0x0000019007c5dd8c: d0b3 9fff 

  0x0000019007c5dd90: ;   {post_call_nop}
  0x0000019007c5dd90: 0f1f 8400 | 885e 0068 | e91e b1ff | ffba deff | ffff 48ff | 7424 2848 | 8f44 2420 | 4889 4424 
  0x0000019007c5ddb0: f88b 4424 | 3089 4424 | 2c48 8b44 

  0x0000019007c5ddbc: ;   {runtime_call UncommonTrapBlob}
  0x0000019007c5ddbc: 24f8 90e8 

  0x0000019007c5ddc0: ; ImmutableOopMap {rbp=NarrowOop [32]=Oop [44]=NarrowOop [52]=NarrowOop [56]=NarrowOop [60]=NarrowOop }
                      ;*invokeinterface remove {reexecute=0 rethrow=0 return_oop=0}
                      ; - sun.awt.AWTAutoShutdown::notifyThreadFree@24 (line 198)
                      ; - java.awt.EventQueue::getNextEvent@45 (line 551)
                      ; - java.awt.EventDispatchThread::pumpOneEventForFilters@20 (line 190)
  0x0000019007c5ddc0: 9c1d 9fff 

  0x0000019007c5ddc4: ;   {post_call_nop}
  0x0000019007c5ddc4: 0f1f 8400 | bc5e 0069 | ba5e ffff | ff48 8b6c | 2428 4889 | 4424 f88b | 4424 3089 | 4424 2448 
  0x0000019007c5dde4: 8b44 24f8 | 4889 4424 | f88b 4424 | 3889 4424 | 2848 8b44 | 24f8 4889 | 4424 f88b | 4424 3c89 
  0x0000019007c5de04: 4424 2c48 | 8b44 24f8 | 4c89 5c24 

  0x0000019007c5de10: ;   {runtime_call UncommonTrapBlob}
  0x0000019007c5de10: 4866 90e8 

  0x0000019007c5de14: ; ImmutableOopMap {rbp=Oop [36]=NarrowOop [40]=NarrowOop [44]=NarrowOop [72]=Oop [88]=NarrowOop }
                      ;*invokevirtual afterNodeRemoval {reexecute=0 rethrow=0 return_oop=0}
                      ; - java.util.HashMap::removeNode@283 (line 854)
                      ; - java.util.HashMap::remove@9 (line 806)
                      ; - java.util.HashSet::remove@5 (line 246)
                      ; - sun.awt.AWTAutoShutdown::notifyThreadFree@24 (line 198)
                      ; - java.awt.EventQueue::getNextEvent@45 (line 551)
                      ; - java.awt.EventDispatchThread::pumpOneEventForFilters@20 (line 190)
  0x0000019007c5de14: 481d 9fff 

  0x0000019007c5de18: ;   {post_call_nop}
  0x0000019007c5de18: 0f1f 8400 | 105f 006a | 498b cb48 | 8d94 24d8 | 0000 004d 

  0x0000019007c5de2c: ;   {runtime_call}
  0x0000019007c5de2c: 8bc7 49ba | 80a3 879d | f97f 0000 

  0x0000019007c5de38: ;   {post_call_nop}
  0x0000019007c5de38: 41ff d20f | 1f84 0000 | 0000 00e9 | d6b2 ffff | 498b cb48 | 8d94 24d0 | 0000 004d 

  0x0000019007c5de54: ;   {runtime_call}
  0x0000019007c5de54: 8bc7 49ba | 80a3 879d | f97f 0000 

  0x0000019007c5de60: ;   {post_call_nop}
  0x0000019007c5de60: 41ff d20f | 1f84 0000 | 0000 00e9 | 4bb3 ffff | bade ffff | ff48 ff74 | 2428 488f 

  0x0000019007c5de7c: ;   {runtime_call UncommonTrapBlob}
  0x0000019007c5de7c: 4424 20e8 

  0x0000019007c5de80: ; ImmutableOopMap {rbp=NarrowOop [32]=Oop [48]=NarrowOop }
                      ;*invokeinterface await {reexecute=0 rethrow=0 return_oop=0}
                      ; - java.awt.EventQueue::getNextEvent@52 (line 552)
                      ; - java.awt.EventDispatchThread::pumpOneEventForFilters@20 (line 190)
  0x0000019007c5de80: dc1c 9fff 

  0x0000019007c5de84: ;   {post_call_nop}
  0x0000019007c5de84: 0f1f 8400 | 7c5f 006b | bade ffff | ff48 8b6c | 2428 4889 | 4424 f88b | 4424 3089 | 4424 2448 
  0x0000019007c5dea4: 8b44 24f8 | 48ff 7424 | 5048 8f44 | 2430 48ff | 7424 4848 | 8f44 2438 | 4489 5424 

  0x0000019007c5dec0: ;   {runtime_call UncommonTrapBlob}
  0x0000019007c5dec0: 4866 90e8 

  0x0000019007c5dec4: ; ImmutableOopMap {rbp=Oop [36]=NarrowOop [48]=Oop [56]=Oop [72]=NarrowOop }
                      ;*invokevirtual isHeldExclusively {reexecute=0 rethrow=0 return_oop=0}
                      ; - java.util.concurrent.locks.AbstractQueuedSynchronizer$ConditionObject::enableWait@4 (line 1605)
                      ; - java.util.concurrent.locks.AbstractQueuedSynchronizer$ConditionObject::await@26 (line 1740)
                      ; - java.awt.EventQueue::getNextEvent@52 (line 552)
                      ; - java.awt.EventDispatchThread::pumpOneEventForFilters@20 (line 190)
  0x0000019007c5dec4: 981c 9fff 

  0x0000019007c5dec8: ;   {post_call_nop}
  0x0000019007c5dec8: 0f1f 8400 | c05f 006c | ba5e ffff | ff48 ff74 | 2428 488f | 4424 2048 | 8944 24f8 | 8b44 2430 
  0x0000019007c5dee8: 8944 242c | 488b 4424 | f848 ff74 | 2448 488f | 4424 3048 | 897c 2440 | 4889 4424 | f88b 4424 
  0x0000019007c5df08: 5889 4424 | 4848 8b44 

  0x0000019007c5df10: ;   {runtime_call UncommonTrapBlob}
  0x0000019007c5df10: 24f8 90e8 

  0x0000019007c5df14: ; ImmutableOopMap {rbp=NarrowOop [32]=Oop [44]=NarrowOop [48]=Oop [64]=Oop [80]=Oop }
                      ;*invokevirtual tryRelease {reexecute=0 rethrow=0 return_oop=0}
                      ; - java.util.concurrent.locks.AbstractQueuedSynchronizer::release@2 (line 1099)
                      ; - java.util.concurrent.locks.AbstractQueuedSynchronizer$ConditionObject::enableWait@62 (line 1615)
                      ; - java.util.concurrent.locks.AbstractQueuedSynchronizer$ConditionObject::await@26 (line 1740)
                      ; - java.awt.EventQueue::getNextEvent@52 (line 552)
                      ; - java.awt.EventDispatchThread::pumpOneEventForFilters@20 (line 190)
  0x0000019007c5df14: 481c 9fff 

  0x0000019007c5df18: ;   {post_call_nop}
  0x0000019007c5df18: 0f1f 8400 | 1060 006d | ba45 ffff | ff48 8b6c | 2428 4889 | 4424 f88b | 4424 3089 | 4424 2448 
  0x0000019007c5df38: 8b44 24f8 | 48ff 7424 | 5048 8f44 

  0x0000019007c5df44: ;   {runtime_call UncommonTrapBlob}
  0x0000019007c5df44: 2430 90e8 

  0x0000019007c5df48: ; ImmutableOopMap {rbp=Oop [36]=NarrowOop [48]=Oop [72]=Oop }
                      ;*ifeq {reexecute=1 rethrow=0 return_oop=0}
                      ; - (reexecute) java.util.concurrent.locks.AbstractQueuedSynchronizer$ConditionObject::enableWait@65 (line 1615)
                      ; - java.util.concurrent.locks.AbstractQueuedSynchronizer$ConditionObject::await@26 (line 1740)
                      ; - java.awt.EventQueue::getNextEvent@52 (line 552)
                      ; - java.awt.EventDispatchThread::pumpOneEventForFilters@20 (line 190)
  0x0000019007c5df48: 141c 9fff 

  0x0000019007c5df4c: ;   {post_call_nop}
  0x0000019007c5df4c: 0f1f 8400 | 4460 006e | bade ffff | ff48 ff74 | 2428 488f 

  0x0000019007c5df60: ;   {runtime_call UncommonTrapBlob}
  0x0000019007c5df60: 4424 20e8 

  0x0000019007c5df64: ; ImmutableOopMap {rbp=NarrowOop [32]=Oop [48]=NarrowOop }
                      ;*invokeinterface unlock {reexecute=0 rethrow=0 return_oop=0}
                      ; - java.awt.EventQueue::getNextEvent@61 (line 554)
                      ; - java.awt.EventDispatchThread::pumpOneEventForFilters@20 (line 190)
  0x0000019007c5df64: f81b 9fff 

  0x0000019007c5df68: ;   {post_call_nop}
  0x0000019007c5df68: 0f1f 8400 | 6060 006f | 498b d34c | 8d84 24d0 

  0x0000019007c5df78: ;   {runtime_call C2 Runtime complete_monitor_locking}
  0x0000019007c5df78: 0000 00e8 

  0x0000019007c5df7c: ; ImmutableOopMap {[32]=Oop [40]=Oop [48]=NarrowOop [56]=Oop [96]=Oop }
                      ;*monitorenter {reexecute=0 rethrow=0 return_oop=0}
                      ; - sun.awt.PostEventQueue::flush@7 (line 2047)
                      ; - sun.awt.SunToolkit::flushPendingEvents@15 (line 503)
                      ; - java.awt.EventQueue::getNextEvent@4 (line 544)
                      ; - java.awt.EventDispatchThread::pumpOneEventForFilters@20 (line 190)
  0x0000019007c5df7c: e0b1 9fff 

  0x0000019007c5df80: ;   {post_call_nop}
  0x0000019007c5df80: 0f1f 8400 | 7860 0070 | e9bb a6ff | ffba deff | ffff 48ff | 7424 2848 | 8f44 2420 

  0x0000019007c5df9c: ;   {runtime_call UncommonTrapBlob}
  0x0000019007c5df9c: 6666 90e8 

  0x0000019007c5dfa0: ; ImmutableOopMap {rbp=NarrowOop [32]=Oop [48]=NarrowOop }
                      ;*invokeinterface lock {reexecute=0 rethrow=0 return_oop=0}
                      ; - java.awt.EventQueue::getNextEvent@11 (line 545)
                      ; - java.awt.EventDispatchThread::pumpOneEventForFilters@20 (line 190)
  0x0000019007c5dfa0: bc1b 9fff 

  0x0000019007c5dfa4: ;   {post_call_nop}
  0x0000019007c5dfa4: 0f1f 8400 | 9c60 0071 | bad6 ffff | ff48 ff74 | 2428 488f | 4424 2048 | 8944 24f8 | 8b44 2430 
  0x0000019007c5dfc4: 8944 242c | 488b 4424 | f848 897c | 2448 4489 | 4424 4489 

  0x0000019007c5dfd8: ;   {runtime_call UncommonTrapBlob}
  0x0000019007c5dfd8: 4c24 50e8 

  0x0000019007c5dfdc: ; ImmutableOopMap {rbp=NarrowOop [32]=Oop [44]=NarrowOop [56]=NarrowOop [60]=NarrowOop [68]=NarrowOop [72]=Oop [88]=NarrowOop }
                      ;*aastore {reexecute=1 rethrow=0 return_oop=0}
                      ; - (reexecute) java.util.HashMap::removeNode@246 (line 849)
                      ; - java.util.HashMap::remove@9 (line 806)
                      ; - java.util.HashSet::remove@5 (line 246)
                      ; - sun.awt.AWTAutoShutdown::notifyThreadFree@24 (line 198)
                      ; - java.awt.EventQueue::getNextEvent@45 (line 551)
                      ; - java.awt.EventDispatchThread::pumpOneEventForFilters@20 (line 190)
  0x0000019007c5dfdc: 801b 9fff 

  0x0000019007c5dfe0: ;   {post_call_nop}
  0x0000019007c5dfe0: 0f1f 8400 | d860 0072 | bade ffff | ff48 ff74 | 2428 488f | 4424 2048 | 8944 24f8 | 8b44 2430 
  0x0000019007c5e000: 8944 242c | 488b 4424 

  0x0000019007c5e008: ;   {runtime_call UncommonTrapBlob}
  0x0000019007c5e008: f866 90e8 

  0x0000019007c5e00c: ; ImmutableOopMap {rbp=NarrowOop [32]=Oop [44]=NarrowOop [56]=NarrowOop [60]=NarrowOop }
                      ;*invokeinterface isEmpty {reexecute=0 rethrow=0 return_oop=0}
                      ; - sun.awt.AWTAutoShutdown::isReadyToShutdown@11 (line 236)
                      ; - sun.awt.AWTAutoShutdown::notifyThreadFree@31 (line 199)
                      ; - java.awt.EventQueue::getNextEvent@45 (line 551)
                      ; - java.awt.EventDispatchThread::pumpOneEventForFilters@20 (line 190)
  0x0000019007c5e00c: 501b 9fff 

  0x0000019007c5e010: ;   {post_call_nop}
  0x0000019007c5e010: 0f1f 8400 | 0861 0073 | baf6 ffff | ff48 8b6c | 2428 4889 | 4424 f88b | 4424 3089 | 4424 2448 
  0x0000019007c5e030: 8b44 24f8 | 48ff 7424 | 3848 8f44 | 2428 48ff | 7424 4048 | 8f44 2438 

  0x0000019007c5e048: ;   {runtime_call UncommonTrapBlob}
  0x0000019007c5e048: 6666 90e8 

  0x0000019007c5e04c: ; ImmutableOopMap {rbp=Oop [36]=NarrowOop [40]=Oop [56]=Oop [72]=NarrowOop [96]=Oop }
                      ;*getfield head {reexecute=1 rethrow=0 return_oop=0}
                      ; - (reexecute) java.awt.EventQueue::noEvents@13 (line 521)
                      ; - java.awt.EventQueue::postEvent@55 (line 334)
                      ; - java.awt.EventQueue::postEventPrivate@76 (line 288)
                      ; - java.awt.EventQueue::postEvent@9 (line 260)
                      ; - sun.awt.PostEventQueue::flush@87 (line 2068)
                      ; - sun.awt.SunToolkit::flushPendingEvents@15 (line 503)
                      ; - java.awt.EventQueue::getNextEvent@4 (line 544)
                      ; - java.awt.EventDispatchThread::pumpOneEventForFilters@20 (line 190)
  0x0000019007c5e04c: 101b 9fff 

  0x0000019007c5e050: ;   {post_call_nop}
  0x0000019007c5e050: 0f1f 8400 | 4861 0074 | baf6 ffff | ff48 8b6c | 2428 4889 | 4424 f88b | 4424 3089 | 4424 2448 
  0x0000019007c5e070: 8b44 24f8 | 48ff 7424 | 3848 8f44 

  0x0000019007c5e07c: ;   {runtime_call UncommonTrapBlob}
  0x0000019007c5e07c: 2428 90e8 

  0x0000019007c5e080: ; ImmutableOopMap {rbp=Oop [36]=NarrowOop [40]=Oop [52]=NarrowOop [64]=Oop [72]=NarrowOop [96]=Oop }
                      ;*monitorenter {reexecute=0 rethrow=0 return_oop=0}
                      ; - sun.awt.AWTAutoShutdown::notifyThreadBusy@11 (line 170)
                      ; - java.awt.EventQueue::postEvent@102 (line 339)
                      ; - java.awt.EventQueue::postEventPrivate@76 (line 288)
                      ; - java.awt.EventQueue::postEvent@9 (line 260)
                      ; - sun.awt.PostEventQueue::flush@87 (line 2068)
                      ; - sun.awt.SunToolkit::flushPendingEvents@15 (line 503)
                      ; - java.awt.EventQueue::getNextEvent@4 (line 544)
                      ; - java.awt.EventDispatchThread::pumpOneEventForFilters@20 (line 190)
  0x0000019007c5e080: dc1a 9fff 

  0x0000019007c5e084: ;   {post_call_nop}
  0x0000019007c5e084: 0f1f 8400 | 7c61 0075 | baf6 ffff | ff48 8b6c | 2428 4889 | 4424 f88b | 4424 3089 | 4424 2448 
  0x0000019007c5e0a4: 8b44 24f8 | 48ff 7424 | 3848 8f44 

  0x0000019007c5e0b0: ;   {runtime_call UncommonTrapBlob}
  0x0000019007c5e0b0: 2428 90e8 

  0x0000019007c5e0b4: ; ImmutableOopMap {rbp=Oop [36]=NarrowOop [40]=Oop [52]=NarrowOop [64]=Oop [72]=NarrowOop [76]=NarrowOop [96]=Oop }
                      ;*monitorenter {reexecute=0 rethrow=0 return_oop=0}
                      ; - sun.awt.AWTAutoShutdown::notifyThreadBusy@18 (line 171)
                      ; - java.awt.EventQueue::postEvent@102 (line 339)
                      ; - java.awt.EventQueue::postEventPrivate@76 (line 288)
                      ; - java.awt.EventQueue::postEvent@9 (line 260)
                      ; - sun.awt.PostEventQueue::flush@87 (line 2068)
                      ; - sun.awt.SunToolkit::flushPendingEvents@15 (line 503)
                      ; - java.awt.EventQueue::getNextEvent@4 (line 544)
                      ; - java.awt.EventDispatchThread::pumpOneEventForFilters@20 (line 190)
  0x0000019007c5e0b4: a81a 9fff 

  0x0000019007c5e0b8: ;   {post_call_nop}
  0x0000019007c5e0b8: 0f1f 8400 | b061 0076 | baf6 ffff | ff48 8b6c | 2428 4889 | 4424 f88b | 4424 3089 | 4424 2448 
  0x0000019007c5e0d8: 8b44 24f8 | 48ff 7424 | 3848 8f44 | 2428 4889 | 4424 f88b | 4424 6889 | 4424 5048 | 8b44 24f8 
  0x0000019007c5e0f8: ;   {runtime_call UncommonTrapBlob}
  0x0000019007c5e0f8: 6666 90e8 

  0x0000019007c5e0fc: ; ImmutableOopMap {rbp=Oop [36]=NarrowOop [40]=Oop [52]=NarrowOop [64]=Oop [72]=NarrowOop [76]=NarrowOop [80]=NarrowOop [96]=Oop }
                      ;*invokevirtual put {reexecute=0 rethrow=0 return_oop=0}
                      ; - java.util.HashSet::add@8 (line 230)
                      ; - sun.awt.AWTAutoShutdown::notifyThreadBusy@57 (line 178)
                      ; - java.awt.EventQueue::postEvent@102 (line 339)
                      ; - java.awt.EventQueue::postEventPrivate@76 (line 288)
                      ; - java.awt.EventQueue::postEvent@9 (line 260)
                      ; - sun.awt.PostEventQueue::flush@87 (line 2068)
                      ; - sun.awt.SunToolkit::flushPendingEvents@15 (line 503)
                      ; - java.awt.EventQueue::getNextEvent@4 (line 544)
                      ; - java.awt.EventDispatchThread::pumpOneEventForFilters@20 (line 190)
  0x0000019007c5e0fc: 601a 9fff 

  0x0000019007c5e100: ;   {post_call_nop}
  0x0000019007c5e100: 0f1f 8400 | f861 0077 | ba6e ffff | ff48 8b6c | 2428 4889 | 4424 f88b | 4424 3089 | 4424 2448 
  0x0000019007c5e120: 8b44 24f8 | 48ff 7424 | 3848 8f44 | 2428 4889 | 4424 f88b | 4424 4889 | 4424 3048 | 8b44 24f8 
  0x0000019007c5e140: ;   {runtime_call UncommonTrapBlob}
  0x0000019007c5e140: 6666 90e8 

  0x0000019007c5e144: ; ImmutableOopMap {rbp=Oop [36]=NarrowOop [40]=Oop [48]=NarrowOop [52]=NarrowOop [64]=Oop [96]=Oop [104]=Oop }
                      ;*if_icmpge {reexecute=1 rethrow=0 return_oop=0}
                      ; - (reexecute) java.awt.EventQueue::noEvents@4 (line 520)
                      ; - java.awt.EventQueue::postEvent@55 (line 334)
                      ; - java.awt.EventQueue::postEventPrivate@76 (line 288)
                      ; - java.awt.EventQueue::postEvent@9 (line 260)
                      ; - sun.awt.PostEventQueue::flush@87 (line 2068)
                      ; - sun.awt.SunToolkit::flushPendingEvents@15 (line 503)
                      ; - java.awt.EventQueue::getNextEvent@4 (line 544)
                      ; - java.awt.EventDispatchThread::pumpOneEventForFilters@20 (line 190)
  0x0000019007c5e144: 181a 9fff 

  0x0000019007c5e148: ;   {post_call_nop}
  0x0000019007c5e148: 0f1f 8400 | 4062 0078 | bae4 ffff | ff48 ff74 | 2428 488f | 4424 2048 | 8944 24f8 | 8b44 2430 
  0x0000019007c5e168: 8944 242c | 488b 4424 | f848 ff74 | 2460 488f | 4424 5048 | 8944 24f8 | 8b44 2448 | 8944 2430 
  0x0000019007c5e188: 488b 4424 

  0x0000019007c5e18c: ;   {runtime_call UncommonTrapBlob}
  0x0000019007c5e18c: f866 90e8 

  0x0000019007c5e190: ; ImmutableOopMap {rbp=NarrowOop [32]=Oop [44]=NarrowOop [48]=NarrowOop [52]=NarrowOop [56]=Oop [64]=Oop [80]=Oop [104]=Oop }
                      ;*aaload {reexecute=0 rethrow=0 return_oop=0}
                      ; - java.awt.EventQueue::noEvents@12 (line 521)
                      ; - java.awt.EventQueue::postEvent@55 (line 334)
                      ; - java.awt.EventQueue::postEventPrivate@76 (line 288)
                      ; - java.awt.EventQueue::postEvent@9 (line 260)
                      ; - sun.awt.PostEventQueue::flush@87 (line 2068)
                      ; - sun.awt.SunToolkit::flushPendingEvents@15 (line 503)
                      ; - java.awt.EventQueue::getNextEvent@4 (line 544)
                      ; - java.awt.EventDispatchThread::pumpOneEventForFilters@20 (line 190)
  0x0000019007c5e190: cc19 9fff 

  0x0000019007c5e194: ;   {post_call_nop}
  0x0000019007c5e194: 0f1f 8400 | 8c62 0079 | 498b d34c | 8d84 24d0 

  0x0000019007c5e1a4: ;   {runtime_call C2 Runtime complete_monitor_locking}
  0x0000019007c5e1a4: 0000 00e8 

  0x0000019007c5e1a8: ; ImmutableOopMap {[32]=Oop [40]=Oop [48]=NarrowOop [52]=NarrowOop [56]=Oop [64]=Oop [72]=NarrowOop [76]=NarrowOop [80]=Oop [88]=Oop [96]=Oop }
                      ;*monitorenter {reexecute=0 rethrow=0 return_oop=0}
                      ; - sun.awt.AWTAutoShutdown::notifyThreadBusy@11 (line 170)
                      ; - java.awt.EventQueue::postEvent@102 (line 339)
                      ; - java.awt.EventQueue::postEventPrivate@76 (line 288)
                      ; - java.awt.EventQueue::postEvent@9 (line 260)
                      ; - sun.awt.PostEventQueue::flush@87 (line 2068)
                      ; - sun.awt.SunToolkit::flushPendingEvents@15 (line 503)
                      ; - java.awt.EventQueue::getNextEvent@4 (line 544)
                      ; - java.awt.EventDispatchThread::pumpOneEventForFilters@20 (line 190)
  0x0000019007c5e1a8: b4af 9fff 

  0x0000019007c5e1ac: ;   {post_call_nop}
  0x0000019007c5e1ac: 0f1f 8400 | a462 007a | e9ad b9ff | ff49 8bd3 | 4c8d 8424 | d800 0000 

  0x0000019007c5e1c4: ;   {runtime_call C2 Runtime complete_monitor_locking}
  0x0000019007c5e1c4: 6666 90e8 

  0x0000019007c5e1c8: ; ImmutableOopMap {[32]=Oop [40]=Oop [48]=NarrowOop [52]=NarrowOop [56]=Oop [64]=Oop [72]=NarrowOop [76]=NarrowOop [80]=Oop [88]=Oop [96]=Oop [104]=NarrowOop [112]=Oop }
                      ;*monitorenter {reexecute=0 rethrow=0 return_oop=0}
                      ; - sun.awt.AWTAutoShutdown::notifyThreadBusy@18 (line 171)
                      ; - java.awt.EventQueue::postEvent@102 (line 339)
                      ; - java.awt.EventQueue::postEventPrivate@76 (line 288)
                      ; - java.awt.EventQueue::postEvent@9 (line 260)
                      ; - sun.awt.PostEventQueue::flush@87 (line 2068)
                      ; - sun.awt.SunToolkit::flushPendingEvents@15 (line 503)
                      ; - java.awt.EventQueue::getNextEvent@4 (line 544)
                      ; - java.awt.EventDispatchThread::pumpOneEventForFilters@20 (line 190)
  0x0000019007c5e1c8: 94af 9fff 

  0x0000019007c5e1cc: ;   {post_call_nop}
  0x0000019007c5e1cc: 0f1f 8400 | c462 007b | e92d baff | ffba deff | ffff 488b | 6c24 2848 | 8944 24f8 | 8b44 2430 
  0x0000019007c5e1ec: 8944 2424 | 488b 4424 | f848 ff74 | 2438 488f | 4424 2848 | 8944 24f8 | 8b44 2468 | 8944 2450 
  0x0000019007c5e20c: 488b 4424 | f844 8944 

  0x0000019007c5e214: ;   {runtime_call UncommonTrapBlob}
  0x0000019007c5e214: 2454 90e8 

  0x0000019007c5e218: ; ImmutableOopMap {rbp=Oop [36]=NarrowOop [40]=Oop [52]=NarrowOop [64]=Oop [72]=NarrowOop [76]=NarrowOop [80]=NarrowOop [84]=NarrowOop [96]=Oop }
                      ;*invokeinterface add {reexecute=0 rethrow=0 return_oop=0}
                      ; - sun.awt.AWTAutoShutdown::notifyThreadBusy@57 (line 178)
                      ; - java.awt.EventQueue::postEvent@102 (line 339)
                      ; - java.awt.EventQueue::postEventPrivate@76 (line 288)
                      ; - java.awt.EventQueue::postEvent@9 (line 260)
                      ; - sun.awt.PostEventQueue::flush@87 (line 2068)
                      ; - sun.awt.SunToolkit::flushPendingEvents@15 (line 503)
                      ; - java.awt.EventQueue::getNextEvent@4 (line 544)
                      ; - java.awt.EventDispatchThread::pumpOneEventForFilters@20 (line 190)
  0x0000019007c5e218: 4419 9fff 

  0x0000019007c5e21c: ;   {post_call_nop}
  0x0000019007c5e21c: 0f1f 8400 | 1463 007c | 498b cb48 | 8d94 24d0 | 0000 004d 

  0x0000019007c5e230: ;   {runtime_call}
  0x0000019007c5e230: 8bc7 49ba | 80a3 879d | f97f 0000 

  0x0000019007c5e23c: ;   {post_call_nop}
  0x0000019007c5e23c: 41ff d20f | 1f84 0000 | 0000 00e9 | a2bb ffff | 498b cb48 | 8d94 24d8 | 0000 004d 

  0x0000019007c5e258: ;   {runtime_call}
  0x0000019007c5e258: 8bc7 49ba | 80a3 879d | f97f 0000 

  0x0000019007c5e264: ;   {post_call_nop}
  0x0000019007c5e264: 41ff d20f | 1f84 0000 | 0000 00e9 | ddba ffff | bade ffff | ff48 ff74 | 2428 488f | 4424 2048 
  0x0000019007c5e284: 8944 24f8 | 8b44 2430 | 8944 242c | 488b 4424 | f848 ff74 | 2438 488f 

  0x0000019007c5e29c: ;   {runtime_call UncommonTrapBlob}
  0x0000019007c5e29c: 4424 30e8 

  0x0000019007c5e2a0: ; ImmutableOopMap {rbp=NarrowOop [32]=Oop [44]=NarrowOop [48]=Oop [64]=Oop [72]=NarrowOop [96]=Oop }
                      ;*invokeinterface signalAll {reexecute=0 rethrow=0 return_oop=0}
                      ; - java.awt.EventQueue::postEvent@109 (line 341)
                      ; - java.awt.EventQueue::postEventPrivate@76 (line 288)
                      ; - java.awt.EventQueue::postEvent@9 (line 260)
                      ; - sun.awt.PostEventQueue::flush@87 (line 2068)
                      ; - sun.awt.SunToolkit::flushPendingEvents@15 (line 503)
                      ; - java.awt.EventQueue::getNextEvent@4 (line 544)
                      ; - java.awt.EventDispatchThread::pumpOneEventForFilters@20 (line 190)
  0x0000019007c5e2a0: bc18 9fff 

  0x0000019007c5e2a4: ;   {post_call_nop}
  0x0000019007c5e2a4: 0f1f 8400 | 9c63 007d | bade ffff | ff48 8b6c | 2428 4889 | 4424 f88b | 4424 3089 | 4424 2448 
  0x0000019007c5e2c4: 8b44 24f8 | 48ff 7424 | 3848 8f44 | 2428 48ff | 7424 4048 | 8f44 2438 | 4889 4424 | f88b 4424 
  0x0000019007c5e2e4: 4889 4424 | 4048 8b44 | 24f8 4c89 | 4424 4844 | 8954 2444 | 4489 5c24 

  0x0000019007c5e2fc: ;   {runtime_call UncommonTrapBlob}
  0x0000019007c5e2fc: 5066 90e8 

  0x0000019007c5e300: ; ImmutableOopMap {rbp=Oop [36]=NarrowOop [40]=Oop [56]=Oop [64]=NarrowOop [68]=NarrowOop [72]=Oop [80]=NarrowOop [96]=Oop }
                      ;*invokevirtual isHeldExclusively {reexecute=0 rethrow=0 return_oop=0}
                      ; - java.util.concurrent.locks.AbstractQueuedSynchronizer$ConditionObject::signalAll@9 (line 1590)
                      ; - java.awt.EventQueue::postEvent@109 (line 341)
                      ; - java.awt.EventQueue::postEventPrivate@76 (line 288)
                      ; - java.awt.EventQueue::postEvent@9 (line 260)
                      ; - sun.awt.PostEventQueue::flush@87 (line 2068)
                      ; - sun.awt.SunToolkit::flushPendingEvents@15 (line 503)
                      ; - java.awt.EventQueue::getNextEvent@4 (line 544)
                      ; - java.awt.EventDispatchThread::pumpOneEventForFilters@20 (line 190)
  0x0000019007c5e300: 5c18 9fff 

  0x0000019007c5e304: ;   {post_call_nop}
  0x0000019007c5e304: 0f1f 8400 | fc63 007e | bade ffff | ff48 ff74 | 2428 488f | 4424 2048 | 8944 24f8 | 8b44 2430 
  0x0000019007c5e324: 8944 242c | 488b 4424 | f848 ff74 | 2460 488f | 4424 5048 | 8944 24f8 | 8b44 2468 | 8944 2458 
  0x0000019007c5e344: 488b 4424 

  0x0000019007c5e348: ;   {runtime_call UncommonTrapBlob}
  0x0000019007c5e348: f866 90e8 

  0x0000019007c5e34c: ; ImmutableOopMap {rbp=NarrowOop [32]=Oop [44]=NarrowOop [52]=NarrowOop [56]=Oop [64]=Oop [72]=NarrowOop [76]=NarrowOop [80]=Oop [88]=NarrowOop }
                      ;*invokeinterface isEmpty {reexecute=0 rethrow=0 return_oop=0}
                      ; - sun.awt.AWTAutoShutdown::isReadyToShutdown@11 (line 236)
                      ; - sun.awt.AWTAutoShutdown::notifyThreadBusy@34 (line 174)
                      ; - java.awt.EventQueue::postEvent@102 (line 339)
                      ; - java.awt.EventQueue::postEventPrivate@76 (line 288)
                      ; - java.awt.EventQueue::postEvent@9 (line 260)
                      ; - sun.awt.PostEventQueue::flush@87 (line 2068)
                      ; - sun.awt.SunToolkit::flushPendingEvents@15 (line 503)
                      ; - java.awt.EventQueue::getNextEvent@4 (line 544)
                      ; - java.awt.EventDispatchThread::pumpOneEventForFilters@20 (line 190)
  0x0000019007c5e34c: 1018 9fff 

  0x0000019007c5e350: ;   {post_call_nop}
  0x0000019007c5e350: 0f1f 8400 | 4864 007f | ba6e ffff | ff48 8b6c | 2428 4889 | 4424 f88b | 4424 3089 | 4424 2448 
  0x0000019007c5e370: 8b44 24f8 | 48ff 7424 | 4848 8f44 

  0x0000019007c5e37c: ;   {runtime_call UncommonTrapBlob}
  0x0000019007c5e37c: 2428 90e8 

  0x0000019007c5e380: ; ImmutableOopMap {rbp=Oop [36]=NarrowOop [40]=Oop [80]=Oop }
                      ;*ifne {reexecute=1 rethrow=0 return_oop=0}
                      ; - (reexecute) java.util.concurrent.locks.AbstractQueuedSynchronizer$ConditionNode::block@4 (line 520)
                      ; - java.util.concurrent.ForkJoinPool::unmanagedBlock@15 (line 4364)
                      ; - java.util.concurrent.ForkJoinPool::managedBlock@32 (line 4310)
                      ; - java.util.concurrent.locks.AbstractQueuedSynchronizer$ConditionObject::await@107 (line 1752)
                      ; - java.awt.EventQueue::getNextEvent@52 (line 552)
                      ; - java.awt.EventDispatchThread::pumpOneEventForFilters@20 (line 190)
  0x0000019007c5e380: dc17 9fff 

  0x0000019007c5e384: ;   {post_call_nop}
  0x0000019007c5e384: 0f1f 8400 | 7c64 0080 | ba45 ffff | ff48 ff74 | 2428 488f | 4424 2048 | 8944 24f8 | 8b44 2430 
  0x0000019007c5e3a4: 8944 2428 | 488b 4424 | f844 8954 

  0x0000019007c5e3b0: ;   {runtime_call UncommonTrapBlob}
  0x0000019007c5e3b0: 2430 90e8 

  0x0000019007c5e3b4: ; ImmutableOopMap {rbp=NarrowOop [32]=Oop [40]=NarrowOop [48]=NarrowOop [52]=NarrowOop [96]=Oop }
                      ;*if_acmpeq {reexecute=1 rethrow=0 return_oop=0}
                      ; - (reexecute) java.util.concurrent.locks.ReentrantLock$Sync::tryRelease@14 (line 175)
                      ; - java.util.concurrent.locks.AbstractQueuedSynchronizer::release@2 (line 1099)
                      ; - java.util.concurrent.locks.ReentrantLock::unlock@5 (line 495)
                      ; - java.awt.EventQueue::getNextEvent@31 (line 554)
                      ; - java.awt.EventDispatchThread::pumpOneEventForFilters@20 (line 190)
  0x0000019007c5e3b4: a817 9fff 

  0x0000019007c5e3b8: ;   {post_call_nop}
  0x0000019007c5e3b8: 0f1f 8400 | b064 0081 | ba45 ffff | ff48 8b6c | 2428 8944 

  0x0000019007c5e3cc: ;   {runtime_call UncommonTrapBlob}
  0x0000019007c5e3cc: 2428 90e8 

  0x0000019007c5e3d0: ; ImmutableOopMap {rbp=Oop [48]=NarrowOop [52]=NarrowOop }
                      ;*ifeq {reexecute=1 rethrow=0 return_oop=0}
                      ; - (reexecute) java.awt.EventDispatchThread::pumpOneEventForFilters@60 (line 199)
  0x0000019007c5e3d0: 8c17 9fff 

  0x0000019007c5e3d4: ;   {post_call_nop}
  0x0000019007c5e3d4: 0f1f 8400 | cc64 0082 | baf6 ffff | ff48 8b6c | 2428 4889 | 4424 f88b | 4424 3089 | 4424 2448 
  0x0000019007c5e3f4: 8b44 24f8 | 48ff 7424 | 3848 8f44 | 2428 4889 | 4424 f88b | 4424 4889 | 4424 3048 | 8b44 24f8 
  0x0000019007c5e414: 48ff 7424 | 5848 8f44 | 2450 48ff | 7424 6048 | 8f44 2458 

  0x0000019007c5e428: ;   {runtime_call UncommonTrapBlob}
  0x0000019007c5e428: 6666 90e8 

  0x0000019007c5e42c: ; ImmutableOopMap {rbp=Oop [36]=NarrowOop [40]=Oop [48]=NarrowOop [52]=NarrowOop [64]=Oop [76]=NarrowOop [80]=Oop [88]=Oop [104]=Oop [112]=NarrowOop }
                      ;*invokevirtual lock {reexecute=0 rethrow=0 return_oop=0}
                      ; - java.util.concurrent.locks.ReentrantLock::lock@4 (line 323)
                      ; - java.awt.EventQueue::postEventPrivate@9 (line 274)
                      ; - java.awt.EventQueue::postEvent@9 (line 260)
                      ; - sun.awt.PostEventQueue::flush@87 (line 2068)
                      ; - sun.awt.SunToolkit::flushPendingEvents@15 (line 503)
                      ; - java.awt.EventQueue::postEvent@4 (line 259)
                      ; - sun.awt.PostEventQueue::flush@87 (line 2068)
                      ; - sun.awt.SunToolkit::flushPendingEvents@15 (line 503)
                      ; - java.awt.EventQueue::getNextEvent@4 (line 544)
                      ; - java.awt.EventDispatchThread::pumpOneEventForFilters@20 (line 190)
  0x0000019007c5e42c: 3017 9fff 

  0x0000019007c5e430: ;   {post_call_nop}
  0x0000019007c5e430: 0f1f 8400 | 2865 0083 | bae4 ffff | ff48 ff74 | 2428 488f | 4424 2048 | 8944 24f8 | 8b44 2430 
  0x0000019007c5e450: 8944 242c | 488b 4424 | f848 8944 | 24f8 8b44 | 2448 8944 | 2430 488b 

  0x0000019007c5e468: ;   {runtime_call UncommonTrapBlob}
  0x0000019007c5e468: 4424 f8e8 

  0x0000019007c5e46c: ; ImmutableOopMap {rbp=NarrowOop [32]=Oop [44]=NarrowOop [48]=NarrowOop [52]=NarrowOop [56]=Oop [64]=Oop [76]=NarrowOop [88]=Oop [96]=Oop [104]=Oop [112]=NarrowOop [136]=Oop }
                      ;*aaload {reexecute=0 rethrow=0 return_oop=0}
                      ; - java.awt.EventQueue::postEvent@47 (line 333)
                      ; - java.awt.EventQueue::postEventPrivate@76 (line 288)
                      ; - java.awt.EventQueue::postEvent@9 (line 260)
                      ; - sun.awt.PostEventQueue::flush@87 (line 2068)
                      ; - sun.awt.SunToolkit::flushPendingEvents@15 (line 503)
                      ; - java.awt.EventQueue::postEvent@4 (line 259)
                      ; - sun.awt.PostEventQueue::flush@87 (line 2068)
                      ; - sun.awt.SunToolkit::flushPendingEvents@15 (line 503)
                      ; - java.awt.EventQueue::getNextEvent@4 (line 544)
                      ; - java.awt.EventDispatchThread::pumpOneEventForFilters@20 (line 190)
  0x0000019007c5e46c: f016 9fff 

  0x0000019007c5e470: ;   {post_call_nop}
  0x0000019007c5e470: 0f1f 8400 | 6865 0084 | bade ffff | ff48 ff74 | 2428 488f | 4424 2048 | 8944 24f8 | 8b44 2430 
  0x0000019007c5e490: 8944 242c | 488b 4424 | f848 8944 | 24f8 8b44 | 2448 8944 | 2430 488b 

  0x0000019007c5e4a8: ;   {runtime_call UncommonTrapBlob}
  0x0000019007c5e4a8: 4424 f8e8 

  0x0000019007c5e4ac: ; ImmutableOopMap {rbp=NarrowOop [32]=Oop [44]=NarrowOop [48]=NarrowOop [52]=NarrowOop [56]=Oop [64]=Oop [76]=NarrowOop [88]=Oop [96]=Oop [104]=Oop [112]=NarrowOop }
                      ;*invokeinterface lock {reexecute=0 rethrow=0 return_oop=0}
                      ; - java.awt.EventQueue::postEventPrivate@9 (line 274)
                      ; - java.awt.EventQueue::postEvent@9 (line 260)
                      ; - sun.awt.PostEventQueue::flush@87 (line 2068)
                      ; - sun.awt.SunToolkit::flushPendingEvents@15 (line 503)
                      ; - java.awt.EventQueue::postEvent@4 (line 259)
                      ; - sun.awt.PostEventQueue::flush@87 (line 2068)
                      ; - sun.awt.SunToolkit::flushPendingEvents@15 (line 503)
                      ; - java.awt.EventQueue::getNextEvent@4 (line 544)
                      ; - java.awt.EventDispatchThread::pumpOneEventForFilters@20 (line 190)
  0x0000019007c5e4ac: b016 9fff 

  0x0000019007c5e4b0: ;   {post_call_nop}
  0x0000019007c5e4b0: 0f1f 8400 | a865 0085 | bade ffff | ff48 ff74 | 2428 488f | 4424 2048 | 8944 24f8 | 8b44 2430 
  0x0000019007c5e4d0: 8944 242c | 488b 4424 | f848 8944 | 24f8 8b44 | 2448 8944 | 2430 488b | 4424 f848 | ff74 2458 
  0x0000019007c5e4f0: 488f 4424 | 4848 ff74 | 2460 488f 

  0x0000019007c5e4fc: ;   {runtime_call UncommonTrapBlob}
  0x0000019007c5e4fc: 4424 58e8 

  0x0000019007c5e500: ; ImmutableOopMap {rbp=NarrowOop [32]=Oop [44]=NarrowOop [48]=NarrowOop [52]=NarrowOop [56]=Oop [64]=Oop [72]=Oop [88]=Oop [104]=Oop }
                      ;*invokeinterface unlock {reexecute=0 rethrow=0 return_oop=0}
                      ; - java.awt.EventQueue::postEventPrivate@83 (line 290)
                      ; - java.awt.EventQueue::postEvent@9 (line 260)
                      ; - sun.awt.PostEventQueue::flush@87 (line 2068)
                      ; - sun.awt.SunToolkit::flushPendingEvents@15 (line 503)
                      ; - java.awt.EventQueue::postEvent@4 (line 259)
                      ; - sun.awt.PostEventQueue::flush@87 (line 2068)
                      ; - sun.awt.SunToolkit::flushPendingEvents@15 (line 503)
                      ; - java.awt.EventQueue::getNextEvent@4 (line 544)
                      ; - java.awt.EventDispatchThread::pumpOneEventForFilters@20 (line 190)
  0x0000019007c5e500: 5c16 9fff 

  0x0000019007c5e504: ;   {post_call_nop}
  0x0000019007c5e504: 0f1f 8400 | fc65 0086 | baf6 ffff | ff48 8b6c | 2428 4889 | 4424 f88b | 4424 3089 | 4424 2448 
  0x0000019007c5e524: 8b44 24f8 | 48ff 7424 | 3848 8f44 

  0x0000019007c5e530: ;   {runtime_call UncommonTrapBlob}
  0x0000019007c5e530: 2428 90e8 

  0x0000019007c5e534: ; ImmutableOopMap {rbp=Oop [36]=NarrowOop [40]=Oop [64]=Oop [96]=Oop }
                      ;*invokevirtual get {reexecute=0 rethrow=0 return_oop=0}
                      ; - sun.awt.SunToolkit::flushPendingEvents@3 (line 501)
                      ; - java.awt.EventQueue::postEvent@4 (line 259)
                      ; - sun.awt.PostEventQueue::flush@87 (line 2068)
                      ; - sun.awt.SunToolkit::flushPendingEvents@15 (line 503)
                      ; - java.awt.EventQueue::getNextEvent@4 (line 544)
                      ; - java.awt.EventDispatchThread::pumpOneEventForFilters@20 (line 190)
  0x0000019007c5e534: 2816 9fff 

  0x0000019007c5e538: ;   {post_call_nop}
  0x0000019007c5e538: 0f1f 8400 | 3066 0087 | 498b d34c | 8d84 24d0 

  0x0000019007c5e548: ;   {runtime_call C2 Runtime complete_monitor_locking}
  0x0000019007c5e548: 0000 00e8 

  0x0000019007c5e54c: ; ImmutableOopMap {[32]=Oop [40]=Oop [48]=NarrowOop [52]=NarrowOop [56]=Oop [64]=Oop [72]=NarrowOop [80]=Oop [88]=Oop [96]=Oop }
                      ;*monitorenter {reexecute=0 rethrow=0 return_oop=0}
                      ; - sun.awt.PostEventQueue::flush@7 (line 2047)
                      ; - sun.awt.SunToolkit::flushPendingEvents@15 (line 503)
                      ; - java.awt.EventQueue::postEvent@4 (line 259)
                      ; - sun.awt.PostEventQueue::flush@87 (line 2068)
                      ; - sun.awt.SunToolkit::flushPendingEvents@15 (line 503)
                      ; - java.awt.EventQueue::getNextEvent@4 (line 544)
                      ; - java.awt.EventDispatchThread::pumpOneEventForFilters@20 (line 190)
  0x0000019007c5e54c: 10ac 9fff 

  0x0000019007c5e550: ;   {post_call_nop}
  0x0000019007c5e550: 0f1f 8400 | 4866 0088 | e9f3 cfff | ffba f6ff | ffff 488b | 6c24 2848 | 8944 24f8 | 8b44 2430 
  0x0000019007c5e570: 8944 2424 | 488b 4424 | f848 ff74 | 2438 488f | 4424 2848 | 8944 24f8 | 8b44 2448 | 8944 2430 
  0x0000019007c5e590: 488b 4424 | f848 ff74 | 2458 488f | 4424 4848 | ff74 2460 | 488f 4424 

  0x0000019007c5e5a8: ;   {runtime_call UncommonTrapBlob}
  0x0000019007c5e5a8: 5066 90e8 

  0x0000019007c5e5ac: ; ImmutableOopMap {rbp=Oop [36]=NarrowOop [40]=Oop [48]=NarrowOop [52]=NarrowOop [64]=Oop [72]=Oop [80]=Oop [104]=Oop [112]=NarrowOop }
                      ;*getfield head {reexecute=1 rethrow=0 return_oop=0}
                      ; - (reexecute) java.awt.EventQueue::noEvents@13 (line 521)
                      ; - java.awt.EventQueue::postEvent@55 (line 334)
                      ; - java.awt.EventQueue::postEventPrivate@76 (line 288)
                      ; - java.awt.EventQueue::postEvent@9 (line 260)
                      ; - sun.awt.PostEventQueue::flush@87 (line 2068)
                      ; - sun.awt.SunToolkit::flushPendingEvents@15 (line 503)
                      ; - java.awt.EventQueue::postEvent@4 (line 259)
                      ; - sun.awt.PostEventQueue::flush@87 (line 2068)
                      ; - sun.awt.SunToolkit::flushPendingEvents@15 (line 503)
                      ; - java.awt.EventQueue::getNextEvent@4 (line 544)
                      ; - java.awt.EventDispatchThread::pumpOneEventForFilters@20 (line 190)
  0x0000019007c5e5ac: b015 9fff 

  0x0000019007c5e5b0: ;   {post_call_nop}
  0x0000019007c5e5b0: 0f1f 8400 | a866 0089 | baf6 ffff | ff48 8b6c | 2428 4889 | 4424 f88b | 4424 3089 | 4424 2448 
  0x0000019007c5e5d0: 8b44 24f8 | 48ff 7424 | 3848 8f44 | 2428 4889 | 4424 f88b | 4424 4889 | 4424 3048 | 8b44 24f8 
  0x0000019007c5e5f0: 48ff 7424 | 5848 8f44 | 2450 48ff | 7424 6048 | 8f44 2458 | 48ff 7424 | 6848 8f44 | 2460 4889 
  0x0000019007c5e610: 4424 f88b | 4424 7089 | 4424 4848 | 8b44 24f8 

  0x0000019007c5e620: ;   {runtime_call UncommonTrapBlob}
  0x0000019007c5e620: 6666 90e8 

  0x0000019007c5e624: ; ImmutableOopMap {rbp=Oop [36]=NarrowOop [40]=Oop [48]=NarrowOop [52]=NarrowOop [64]=Oop [72]=NarrowOop [76]=NarrowOop [80]=Oop [88]=Oop [96]=Oop }
                      ;*monitorenter {reexecute=0 rethrow=0 return_oop=0}
                      ; - sun.awt.AWTAutoShutdown::notifyThreadBusy@11 (line 170)
                      ; - java.awt.EventQueue::postEvent@102 (line 339)
                      ; - java.awt.EventQueue::postEventPrivate@76 (line 288)
                      ; - java.awt.EventQueue::postEvent@9 (line 260)
                      ; - sun.awt.PostEventQueue::flush@87 (line 2068)
                      ; - sun.awt.SunToolkit::flushPendingEvents@15 (line 503)
                      ; - java.awt.EventQueue::postEvent@4 (line 259)
                      ; - sun.awt.PostEventQueue::flush@87 (line 2068)
                      ; - sun.awt.SunToolkit::flushPendingEvents@15 (line 503)
                      ; - java.awt.EventQueue::getNextEvent@4 (line 544)
                      ; - java.awt.EventDispatchThread::pumpOneEventForFilters@20 (line 190)
  0x0000019007c5e624: 3815 9fff 

  0x0000019007c5e628: ;   {post_call_nop}
  0x0000019007c5e628: 0f1f 8400 | 2067 008a | baf6 ffff | ff48 8b6c | 2428 4889 | 4424 f88b | 4424 3089 | 4424 2448 
  0x0000019007c5e648: 8b44 24f8 | 48ff 7424 | 3848 8f44 | 2428 4889 | 4424 f88b | 4424 4889 | 4424 3048 | 8b44 24f8 
  0x0000019007c5e668: 48ff 7424 | 5848 8f44 | 2450 48ff | 7424 6048 | 8f44 2458 | 48ff 7424 | 6848 8f44 | 2460 4889 
  0x0000019007c5e688: 4424 f88b | 4424 7089 | 4424 4848 | 8b44 24f8 | 4889 4424 | f88b 4424 | 7489 4424 | 6c48 8b44 
  0x0000019007c5e6a8: ;   {runtime_call UncommonTrapBlob}
  0x0000019007c5e6a8: 24f8 90e8 

  0x0000019007c5e6ac: ; ImmutableOopMap {rbp=Oop [36]=NarrowOop [40]=Oop [48]=NarrowOop [52]=NarrowOop [64]=Oop [72]=NarrowOop [76]=NarrowOop [80]=Oop [88]=Oop [96]=Oop [108]=NarrowOop }
                      ;*monitorenter {reexecute=0 rethrow=0 return_oop=0}
                      ; - sun.awt.AWTAutoShutdown::notifyThreadBusy@18 (line 171)
                      ; - java.awt.EventQueue::postEvent@102 (line 339)
                      ; - java.awt.EventQueue::postEventPrivate@76 (line 288)
                      ; - java.awt.EventQueue::postEvent@9 (line 260)
                      ; - sun.awt.PostEventQueue::flush@87 (line 2068)
                      ; - sun.awt.SunToolkit::flushPendingEvents@15 (line 503)
                      ; - java.awt.EventQueue::postEvent@4 (line 259)
                      ; - sun.awt.PostEventQueue::flush@87 (line 2068)
                      ; - sun.awt.SunToolkit::flushPendingEvents@15 (line 503)
                      ; - java.awt.EventQueue::getNextEvent@4 (line 544)
                      ; - java.awt.EventDispatchThread::pumpOneEventForFilters@20 (line 190)
  0x0000019007c5e6ac: b014 9fff 

  0x0000019007c5e6b0: ;   {post_call_nop}
  0x0000019007c5e6b0: 0f1f 8400 | a867 008b | baf6 ffff | ff48 8b6c | 2428 4889 | 4424 f88b | 4424 3089 | 4424 2448 
  0x0000019007c5e6d0: 8b44 24f8 | 48ff 7424 | 3848 8f44 | 2428 4889 | 4424 f88b | 4424 4889 | 4424 3048 | 8b44 24f8 
  0x0000019007c5e6f0: 48ff 7424 | 5848 8f44 | 2450 48ff | 7424 6048 | 8f44 2458 | 48ff 7424 | 6848 8f44 | 2460 4889 
  0x0000019007c5e710: 4424 f88b | 4424 7089 | 4424 4848 | 8b44 24f8 | 4889 4424 | f88b 8424 | 8800 0000 | 8944 2470 
  0x0000019007c5e730: 488b 4424 

  0x0000019007c5e734: ;   {runtime_call UncommonTrapBlob}
  0x0000019007c5e734: f866 90e8 

  0x0000019007c5e738: ; ImmutableOopMap {rbp=Oop [36]=NarrowOop [40]=Oop [48]=NarrowOop [52]=NarrowOop [64]=Oop [72]=NarrowOop [76]=NarrowOop [80]=Oop [88]=Oop [96]=Oop [112]=NarrowOop [116]=NarrowOop }
                      ;*invokevirtual put {reexecute=0 rethrow=0 return_oop=0}
                      ; - java.util.HashSet::add@8 (line 230)
                      ; - sun.awt.AWTAutoShutdown::notifyThreadBusy@57 (line 178)
                      ; - java.awt.EventQueue::postEvent@102 (line 339)
                      ; - java.awt.EventQueue::postEventPrivate@76 (line 288)
                      ; - java.awt.EventQueue::postEvent@9 (line 260)
                      ; - sun.awt.PostEventQueue::flush@87 (line 2068)
                      ; - sun.awt.SunToolkit::flushPendingEvents@15 (line 503)
                      ; - java.awt.EventQueue::postEvent@4 (line 259)
                      ; - sun.awt.PostEventQueue::flush@87 (line 2068)
                      ; - sun.awt.SunToolkit::flushPendingEvents@15 (line 503)
                      ; - java.awt.EventQueue::getNextEvent@4 (line 544)
                      ; - java.awt.EventDispatchThread::pumpOneEventForFilters@20 (line 190)
  0x0000019007c5e738: 2414 9fff 

  0x0000019007c5e73c: ;   {post_call_nop}
  0x0000019007c5e73c: 0f1f 8400 | 3468 008c | ba6e ffff | ff48 8b6c | 2428 4889 | 4424 f88b | 4424 3089 | 4424 2448 
  0x0000019007c5e75c: 8b44 24f8 | 48ff 7424 | 3848 8f44 | 2428 4889 | 4424 f88b | 4424 4889 | 4424 3048 | 8b44 24f8 
  0x0000019007c5e77c: 48ff 7424 | 5848 8f44 | 2450 48ff | 7424 6048 | 8f44 2458 | 48ff 7424 | 6848 8f44 | 2460 4889 
  0x0000019007c5e79c: 4424 f88b | 4424 7089 | 4424 4848 | 8b44 24f8 

  0x0000019007c5e7ac: ;   {runtime_call UncommonTrapBlob}
  0x0000019007c5e7ac: 6666 90e8 

  0x0000019007c5e7b0: ; ImmutableOopMap {rbp=Oop [36]=NarrowOop [40]=Oop [48]=NarrowOop [52]=NarrowOop [64]=Oop [72]=NarrowOop [76]=NarrowOop [80]=Oop [88]=Oop [96]=Oop [136]=Oop }
                      ;*if_icmpge {reexecute=1 rethrow=0 return_oop=0}
                      ; - (reexecute) java.awt.EventQueue::noEvents@4 (line 520)
                      ; - java.awt.EventQueue::postEvent@55 (line 334)
                      ; - java.awt.EventQueue::postEventPrivate@76 (line 288)
                      ; - java.awt.EventQueue::postEvent@9 (line 260)
                      ; - sun.awt.PostEventQueue::flush@87 (line 2068)
                      ; - sun.awt.SunToolkit::flushPendingEvents@15 (line 503)
                      ; - java.awt.EventQueue::postEvent@4 (line 259)
                      ; - sun.awt.PostEventQueue::flush@87 (line 2068)
                      ; - sun.awt.SunToolkit::flushPendingEvents@15 (line 503)
                      ; - java.awt.EventQueue::getNextEvent@4 (line 544)
                      ; - java.awt.EventDispatchThread::pumpOneEventForFilters@20 (line 190)
  0x0000019007c5e7b0: ac13 9fff 

  0x0000019007c5e7b4: ;   {post_call_nop}
  0x0000019007c5e7b4: 0f1f 8400 | ac68 008d | bae4 ffff | ff48 ff74 | 2428 488f | 4424 2048 | 8944 24f8 | 8b44 2430 
  0x0000019007c5e7d4: 8944 242c | 488b 4424 | f848 8944 | 24f8 8b44 | 2448 8944 | 2430 488b | 4424 f848 | 8944 24f8 
  0x0000019007c5e7f4: 8b44 2470 | 8944 2448 | 488b 4424 

  0x0000019007c5e800: ;   {runtime_call UncommonTrapBlob}
  0x0000019007c5e800: f866 90e8 

  0x0000019007c5e804: ; ImmutableOopMap {rbp=NarrowOop [32]=Oop [44]=NarrowOop [48]=NarrowOop [52]=NarrowOop [56]=Oop [64]=Oop [72]=NarrowOop [76]=NarrowOop [88]=Oop [96]=Oop [104]=Oop [136]=Oop }
                      ;*aaload {reexecute=0 rethrow=0 return_oop=0}
                      ; - java.awt.EventQueue::noEvents@12 (line 521)
                      ; - java.awt.EventQueue::postEvent@55 (line 334)
                      ; - java.awt.EventQueue::postEventPrivate@76 (line 288)
                      ; - java.awt.EventQueue::postEvent@9 (line 260)
                      ; - sun.awt.PostEventQueue::flush@87 (line 2068)
                      ; - sun.awt.SunToolkit::flushPendingEvents@15 (line 503)
                      ; - java.awt.EventQueue::postEvent@4 (line 259)
                      ; - sun.awt.PostEventQueue::flush@87 (line 2068)
                      ; - sun.awt.SunToolkit::flushPendingEvents@15 (line 503)
                      ; - java.awt.EventQueue::getNextEvent@4 (line 544)
                      ; - java.awt.EventDispatchThread::pumpOneEventForFilters@20 (line 190)
  0x0000019007c5e804: 5813 9fff 

  0x0000019007c5e808: ;   {post_call_nop}
  0x0000019007c5e808: 0f1f 8400 | 0069 008e | 498b d34c | 8d84 24d0 

  0x0000019007c5e818: ;   {runtime_call C2 Runtime complete_monitor_locking}
  0x0000019007c5e818: 0000 00e8 

  0x0000019007c5e81c: ; ImmutableOopMap {[32]=Oop [40]=Oop [48]=NarrowOop [52]=NarrowOop [56]=Oop [64]=Oop [72]=NarrowOop [76]=NarrowOop [80]=Oop [88]=Oop [96]=Oop [104]=Oop [112]=NarrowOop [116]=NarrowOop [120]=Oop [128]=Oop }
                      ;*monitorenter {reexecute=0 rethrow=0 return_oop=0}
                      ; - sun.awt.AWTAutoShutdown::notifyThreadBusy@11 (line 170)
                      ; - java.awt.EventQueue::postEvent@102 (line 339)
                      ; - java.awt.EventQueue::postEventPrivate@76 (line 288)
                      ; - java.awt.EventQueue::postEvent@9 (line 260)
                      ; - sun.awt.PostEventQueue::flush@87 (line 2068)
                      ; - sun.awt.SunToolkit::flushPendingEvents@15 (line 503)
                      ; - java.awt.EventQueue::postEvent@4 (line 259)
                      ; - sun.awt.PostEventQueue::flush@87 (line 2068)
                      ; - sun.awt.SunToolkit::flushPendingEvents@15 (line 503)
                      ; - java.awt.EventQueue::getNextEvent@4 (line 544)
                      ; - java.awt.EventDispatchThread::pumpOneEventForFilters@20 (line 190)
  0x0000019007c5e81c: 40a9 9fff 

  0x0000019007c5e820: ;   {post_call_nop}
  0x0000019007c5e820: 0f1f 8400 | 1869 008f | e940 c0ff | ff49 8bd3 | 4c8d 8424 | d800 0000 

  0x0000019007c5e838: ;   {runtime_call C2 Runtime complete_monitor_locking}
  0x0000019007c5e838: 6666 90e8 

  0x0000019007c5e83c: ; ImmutableOopMap {[32]=Oop [40]=Oop [48]=NarrowOop [52]=NarrowOop [56]=Oop [64]=Oop [72]=NarrowOop [76]=NarrowOop [80]=Oop [88]=Oop [96]=Oop [104]=Oop [112]=NarrowOop [116]=NarrowOop [120]=Oop [128]=Oop [136]=NarrowOop [144]=Oop }
                      ;*monitorenter {reexecute=0 rethrow=0 return_oop=0}
                      ; - sun.awt.AWTAutoShutdown::notifyThreadBusy@18 (line 171)
                      ; - java.awt.EventQueue::postEvent@102 (line 339)
                      ; - java.awt.EventQueue::postEventPrivate@76 (line 288)
                      ; - java.awt.EventQueue::postEvent@9 (line 260)
                      ; - sun.awt.PostEventQueue::flush@87 (line 2068)
                      ; - sun.awt.SunToolkit::flushPendingEvents@15 (line 503)
                      ; - java.awt.EventQueue::postEvent@4 (line 259)
                      ; - sun.awt.PostEventQueue::flush@87 (line 2068)
                      ; - sun.awt.SunToolkit::flushPendingEvents@15 (line 503)
                      ; - java.awt.EventQueue::getNextEvent@4 (line 544)
                      ; - java.awt.EventDispatchThread::pumpOneEventForFilters@20 (line 190)
  0x0000019007c5e83c: 20a9 9fff 

  0x0000019007c5e840: ;   {post_call_nop}
  0x0000019007c5e840: 0f1f 8400 | 3869 0090 | e9c9 c0ff | ffba deff | ffff 488b | 6c24 2848 | 8944 24f8 | 8b44 2430 
  0x0000019007c5e860: 8944 2424 | 488b 4424 | f848 ff74 | 2438 488f | 4424 2848 | 8944 24f8 | 8b44 2448 | 8944 2430 
  0x0000019007c5e880: 488b 4424 | f848 ff74 | 2458 488f | 4424 5048 | ff74 2460 | 488f 4424 | 5848 ff74 | 2468 488f 
  0x0000019007c5e8a0: 4424 6048 | 8944 24f8 | 8b44 2470 | 8944 2448 | 488b 4424 | f848 8944 | 24f8 8b84 | 2488 0000 
  0x0000019007c5e8c0: 0089 4424 | 7048 8b44 | 24f8 4489 

  0x0000019007c5e8cc: ;   {runtime_call UncommonTrapBlob}
  0x0000019007c5e8cc: 4424 78e8 

  0x0000019007c5e8d0: ; ImmutableOopMap {rbp=Oop [36]=NarrowOop [40]=Oop [48]=NarrowOop [52]=NarrowOop [64]=Oop [72]=NarrowOop [76]=NarrowOop [80]=Oop [88]=Oop [96]=Oop [112]=NarrowOop [116]=NarrowOop [120]=NarrowOop }
                      ;*invokeinterface add {reexecute=0 rethrow=0 return_oop=0}
                      ; - sun.awt.AWTAutoShutdown::notifyThreadBusy@57 (line 178)
                      ; - java.awt.EventQueue::postEvent@102 (line 339)
                      ; - java.awt.EventQueue::postEventPrivate@76 (line 288)
                      ; - java.awt.EventQueue::postEvent@9 (line 260)
                      ; - sun.awt.PostEventQueue::flush@87 (line 2068)
                      ; - sun.awt.SunToolkit::flushPendingEvents@15 (line 503)
                      ; - java.awt.EventQueue::postEvent@4 (line 259)
                      ; - sun.awt.PostEventQueue::flush@87 (line 2068)
                      ; - sun.awt.SunToolkit::flushPendingEvents@15 (line 503)
                      ; - java.awt.EventQueue::getNextEvent@4 (line 544)
                      ; - java.awt.EventDispatchThread::pumpOneEventForFilters@20 (line 190)
  0x0000019007c5e8d0: 8c12 9fff 

  0x0000019007c5e8d4: ;   {post_call_nop}
  0x0000019007c5e8d4: 0f1f 8400 | cc69 0091 | 498b cb48 | 8d94 24d0 | 0000 004d 

  0x0000019007c5e8e8: ;   {runtime_call}
  0x0000019007c5e8e8: 8bc7 49ba | 80a3 879d | f97f 0000 

  0x0000019007c5e8f4: ;   {post_call_nop}
  0x0000019007c5e8f4: 41ff d20f | 1f84 0000 | 0000 00e9 | f8c1 ffff | 498b cb48 | 8d94 24d8 | 0000 004d 

  0x0000019007c5e910: ;   {runtime_call}
  0x0000019007c5e910: 8bc7 49ba | 80a3 879d | f97f 0000 

  0x0000019007c5e91c: ;   {post_call_nop}
  0x0000019007c5e91c: 41ff d20f | 1f84 0000 | 0000 00e9 | 30c1 ffff | bade ffff | ff48 ff74 | 2428 488f | 4424 2048 
  0x0000019007c5e93c: 8944 24f8 | 8b44 2430 | 8944 242c | 488b 4424 | f848 8944 | 24f8 8b44 | 2448 8944 | 2430 488b 
  0x0000019007c5e95c: 4424 f848 | ff74 2458 | 488f 4424 | 4848 ff74 | 2460 488f | 4424 5848 | ff74 2468 | 488f 4424 
  0x0000019007c5e97c: ;   {runtime_call UncommonTrapBlob}
  0x0000019007c5e97c: 6066 90e8 

  0x0000019007c5e980: ; ImmutableOopMap {rbp=NarrowOop [32]=Oop [44]=NarrowOop [48]=NarrowOop [52]=NarrowOop [56]=Oop [64]=Oop [72]=Oop [88]=Oop [96]=Oop [112]=NarrowOop }
                      ;*invokeinterface signalAll {reexecute=0 rethrow=0 return_oop=0}
                      ; - java.awt.EventQueue::postEvent@109 (line 341)
                      ; - java.awt.EventQueue::postEventPrivate@76 (line 288)
                      ; - java.awt.EventQueue::postEvent@9 (line 260)
                      ; - sun.awt.PostEventQueue::flush@87 (line 2068)
                      ; - sun.awt.SunToolkit::flushPendingEvents@15 (line 503)
                      ; - java.awt.EventQueue::postEvent@4 (line 259)
                      ; - sun.awt.PostEventQueue::flush@87 (line 2068)
                      ; - sun.awt.SunToolkit::flushPendingEvents@15 (line 503)
                      ; - java.awt.EventQueue::getNextEvent@4 (line 544)
                      ; - java.awt.EventDispatchThread::pumpOneEventForFilters@20 (line 190)
  0x0000019007c5e980: dc11 9fff 

  0x0000019007c5e984: ;   {post_call_nop}
  0x0000019007c5e984: 0f1f 8400 | 7c6a 0092 | bade ffff | ff48 8b6c | 2428 4889 | 4424 f88b | 4424 3089 | 4424 2448 
  0x0000019007c5e9a4: 8b44 24f8 | 48ff 7424 | 3848 8f44 | 2428 4889 | 4424 f88b | 4424 4889 | 4424 3048 | 8b44 24f8 
  0x0000019007c5e9c4: 48ff 7424 | 5848 8f44 | 2448 48ff | 7424 6048 | 8f44 2450 | 48ff 7424 | 6848 8f44 | 2458 4889 
  0x0000019007c5e9e4: 4424 f88b | 4424 7089 | 4424 6048 | 8b44 24f8 | 4c89 5424 | 6844 895c | 2464 4489 

  0x0000019007c5ea00: ;   {runtime_call UncommonTrapBlob}
  0x0000019007c5ea00: 4c24 70e8 

  0x0000019007c5ea04: ; ImmutableOopMap {rbp=Oop [36]=NarrowOop [40]=Oop [48]=NarrowOop [52]=NarrowOop [64]=Oop [72]=Oop [80]=Oop [88]=Oop [96]=NarrowOop [100]=NarrowOop [104]=Oop [112]=NarrowOop }
                      ;*invokevirtual isHeldExclusively {reexecute=0 rethrow=0 return_oop=0}
                      ; - java.util.concurrent.locks.AbstractQueuedSynchronizer$ConditionObject::signalAll@9 (line 1590)
                      ; - java.awt.EventQueue::postEvent@109 (line 341)
                      ; - java.awt.EventQueue::postEventPrivate@76 (line 288)
                      ; - java.awt.EventQueue::postEvent@9 (line 260)
                      ; - sun.awt.PostEventQueue::flush@87 (line 2068)
                      ; - sun.awt.SunToolkit::flushPendingEvents@15 (line 503)
                      ; - java.awt.EventQueue::postEvent@4 (line 259)
                      ; - sun.awt.PostEventQueue::flush@87 (line 2068)
                      ; - sun.awt.SunToolkit::flushPendingEvents@15 (line 503)
                      ; - java.awt.EventQueue::getNextEvent@4 (line 544)
                      ; - java.awt.EventDispatchThread::pumpOneEventForFilters@20 (line 190)
  0x0000019007c5ea04: 5811 9fff 

  0x0000019007c5ea08: ;   {post_call_nop}
  0x0000019007c5ea08: 0f1f 8400 | 006b 0093 | ba45 ffff | ff48 ff74 | 2428 488f | 4424 2048 | 8944 24f8 | 8b44 2430 
  0x0000019007c5ea28: 8944 242c | 488b 4424 | f848 ff74 | 2448 488f 

  0x0000019007c5ea38: ;   {runtime_call UncommonTrapBlob}
  0x0000019007c5ea38: 4424 30e8 

  0x0000019007c5ea3c: ; ImmutableOopMap {[32]=Oop [44]=NarrowOop [48]=Oop [80]=Oop [96]=Oop }
                      ;*ifeq {reexecute=1 rethrow=0 return_oop=0}
                      ; - (reexecute) java.lang.Thread::getAndClearInterrupt@6 (line 1661)
                      ; - java.lang.Thread::interrupted@3 (line 1625)
                      ; - java.util.concurrent.locks.AbstractQueuedSynchronizer$ConditionObject::await@51 (line 1744)
                      ; - java.awt.EventQueue::getNextEvent@52 (line 552)
                      ; - java.awt.EventDispatchThread::pumpOneEventForFilters@20 (line 190)
  0x0000019007c5ea3c: 2011 9fff 

  0x0000019007c5ea40: ;   {post_call_nop}
  0x0000019007c5ea40: 0f1f 8400 | 386b 0094 | ba45 ffff | ff48 ff74 | 2428 488f | 4424 2048 | 8944 24f8 | 8b44 2430 
  0x0000019007c5ea60: 8944 242c | 488b 4424 

  0x0000019007c5ea68: ;   {runtime_call UncommonTrapBlob}
  0x0000019007c5ea68: f866 90e8 

  0x0000019007c5ea6c: ; ImmutableOopMap {[32]=Oop [44]=NarrowOop [72]=Oop [80]=Oop }
                      ;*ifeq {reexecute=1 rethrow=0 return_oop=0}
                      ; - (reexecute) java.util.concurrent.locks.AbstractQueuedSynchronizer$ConditionObject::await@90 (line 1747)
                      ; - java.awt.EventQueue::getNextEvent@52 (line 552)
                      ; - java.awt.EventDispatchThread::pumpOneEventForFilters@20 (line 190)
  0x0000019007c5ea6c: f010 9fff 

  0x0000019007c5ea70: ;   {post_call_nop}
  0x0000019007c5ea70: 0f1f 8400 | 686b 0095 | ba45 ffff | ff48 ff74 | 2428 488f | 4424 2048 | 8944 24f8 | 8b44 2430 
  0x0000019007c5ea90: 8944 242c | 488b 4424 | f848 ff74 | 2448 488f 

  0x0000019007c5eaa0: ;   {runtime_call UncommonTrapBlob}
  0x0000019007c5eaa0: 4424 30e8 

  0x0000019007c5eaa4: ; ImmutableOopMap {[32]=Oop [44]=NarrowOop [48]=Oop [80]=Oop }
                      ;*ifeq {reexecute=1 rethrow=0 return_oop=0}
                      ; - (reexecute) java.util.concurrent.locks.AbstractQueuedSynchronizer$ConditionNode::isReleasable@14 (line 516)
                      ; - java.util.concurrent.ForkJoinPool::unmanagedBlock@6 (line 4364)
                      ; - java.util.concurrent.ForkJoinPool::managedBlock@32 (line 4310)
                      ; - java.util.concurrent.locks.AbstractQueuedSynchronizer$ConditionObject::await@107 (line 1752)
                      ; - java.awt.EventQueue::getNextEvent@52 (line 552)
                      ; - java.awt.EventDispatchThread::pumpOneEventForFilters@20 (line 190)
  0x0000019007c5eaa4: b810 9fff 

  0x0000019007c5eaa8: ;   {post_call_nop}
  0x0000019007c5eaa8: 0f1f 8400 | a06b 0096 | bae4 ffff | ff48 ff74 | 2428 488f | 4424 2048 | 8944 24f8 | 8b44 2430 
  0x0000019007c5eac8: 8944 242c | 488b 4424 | f844 894c | 2430 4489 

  0x0000019007c5ead8: ;   {runtime_call UncommonTrapBlob}
  0x0000019007c5ead8: 5424 34e8 

  0x0000019007c5eadc: ; ImmutableOopMap {rbp=NarrowOop [32]=Oop [44]=NarrowOop [48]=NarrowOop }
                      ;*aastore {reexecute=1 rethrow=0 return_oop=0}
                      ; - (reexecute) java.awt.EventQueue::uncacheEQItem@51 (line 486)
                      ; - java.awt.EventQueue::getNextEventPrivate@60 (line 570)
                      ; - java.awt.EventQueue::getNextEvent@17 (line 547)
                      ; - java.awt.EventDispatchThread::pumpOneEventForFilters@20 (line 190)
  0x0000019007c5eadc: 8010 9fff 

  0x0000019007c5eae0: ;   {post_call_nop}
  0x0000019007c5eae0: 0f1f 8400 | d86b 0097 | ba6e ffff | ff48 8b6c | 2428 4889 | 4424 f88b | 4424 3089 | 4424 2448 
  0x0000019007c5eb00: 8b44 24f8 

  0x0000019007c5eb04: ;   {runtime_call UncommonTrapBlob}
  0x0000019007c5eb04: 6666 90e8 

  0x0000019007c5eb08: ; ImmutableOopMap {rbp=Oop [36]=NarrowOop [72]=Oop [80]=Oop }
                      ;*ifne {reexecute=1 rethrow=0 return_oop=0}
                      ; - (reexecute) java.util.concurrent.locks.AbstractQueuedSynchronizer$ConditionObject::await@47 (line 1743)
                      ; - java.awt.EventQueue::getNextEvent@52 (line 552)
                      ; - java.awt.EventDispatchThread::pumpOneEventForFilters@20 (line 190)
  0x0000019007c5eb08: 5410 9fff 

  0x0000019007c5eb0c: ;   {post_call_nop}
  0x0000019007c5eb0c: 0f1f 8400 | 046c 0098 | bade ffff | ff48 ff74 | 2428 488f | 4424 2048 | 8944 24f8 | 8b44 2430 
  0x0000019007c5eb2c: 8944 242c | 488b 4424 | f848 8944 | 24f8 8b44 | 2448 8944 | 2430 488b | 4424 f848 | 8944 24f8 
  0x0000019007c5eb4c: 8b84 2488 | 0000 0089 | 4424 7848 | 8b44 24f8 

  0x0000019007c5eb5c: ;   {runtime_call UncommonTrapBlob}
  0x0000019007c5eb5c: 6666 90e8 

  0x0000019007c5eb60: ; ImmutableOopMap {rbp=NarrowOop [32]=Oop [44]=NarrowOop [48]=NarrowOop [52]=NarrowOop [56]=Oop [64]=Oop [76]=NarrowOop [88]=Oop [96]=Oop [104]=Oop [112]=NarrowOop [116]=NarrowOop [120]=NarrowOop }
                      ;*invokeinterface isEmpty {reexecute=0 rethrow=0 return_oop=0}
                      ; - sun.awt.AWTAutoShutdown::isReadyToShutdown@11 (line 236)
                      ; - sun.awt.AWTAutoShutdown::notifyThreadBusy@34 (line 174)
                      ; - java.awt.EventQueue::postEvent@102 (line 339)
                      ; - java.awt.EventQueue::postEventPrivate@76 (line 288)
                      ; - java.awt.EventQueue::postEvent@9 (line 260)
                      ; - sun.awt.PostEventQueue::flush@87 (line 2068)
                      ; - sun.awt.SunToolkit::flushPendingEvents@15 (line 503)
                      ; - java.awt.EventQueue::postEvent@4 (line 259)
                      ; - sun.awt.PostEventQueue::flush@87 (line 2068)
                      ; - sun.awt.SunToolkit::flushPendingEvents@15 (line 503)
                      ; - java.awt.EventQueue::getNextEvent@4 (line 544)
                      ; - java.awt.EventDispatchThread::pumpOneEventForFilters@20 (line 190)
  0x0000019007c5eb60: fc0f 9fff 

  0x0000019007c5eb64: ;   {post_call_nop}
  0x0000019007c5eb64: 0f1f 8400 | 5c6c 0099 | 498b cb48 | 8d94 24d0 | 0000 004d 

  0x0000019007c5eb78: ;   {runtime_call}
  0x0000019007c5eb78: 8bc7 49ba | 80a3 879d | f97f 0000 

  0x0000019007c5eb84: ;   {post_call_nop}
  0x0000019007c5eb84: 41ff d20f | 1f84 0000 | 0000 00e9 | 729d ffff | ba45 ffff | ff48 8b6c | 2428 4889 | 4424 f88b 
  0x0000019007c5eba4: 4424 3089 | 4424 2448 | 8b44 24f8 | 4889 4424 | f88b 4424 | 3889 4424 | 2848 8b44 | 24f8 4889 
  0x0000019007c5ebc4: 4424 f88b | 4424 3c89 | 4424 2c48 | 8b44 24f8 | 894c 2438 

  0x0000019007c5ebd8: ;   {runtime_call UncommonTrapBlob}
  0x0000019007c5ebd8: 6666 90e8 

  0x0000019007c5ebdc: ; ImmutableOopMap {rbp=Oop [36]=NarrowOop [40]=NarrowOop [44]=NarrowOop }
                      ;*ifle {reexecute=1 rethrow=0 return_oop=0}
                      ; - (reexecute) java.util.HashMap::removeNode@16 (line 823)
                      ; - java.util.HashMap::remove@9 (line 806)
                      ; - java.util.HashSet::remove@5 (line 246)
                      ; - sun.awt.AWTAutoShutdown::notifyThreadFree@24 (line 198)
                      ; - java.awt.EventQueue::getNextEvent@45 (line 551)
                      ; - java.awt.EventDispatchThread::pumpOneEventForFilters@20 (line 190)
  0x0000019007c5ebdc: 800f 9fff 

  0x0000019007c5ebe0: ;   {post_call_nop}
  0x0000019007c5ebe0: 0f1f 8400 | d86c 009a | 4533 d2eb | 0449 c1e2 | 03ba 45ff | ffff 488b | 6c24 2848 | 8944 24f8 
  0x0000019007c5ec00: 8b44 2430 | 8944 2424 | 488b 4424 | f848 8944 | 24f8 8b44 | 2438 8944 | 2428 488b | 4424 f848 
  0x0000019007c5ec20: 8944 24f8 | 8b44 243c | 8944 242c | 488b 4424 | f84c 8954 

  0x0000019007c5ec34: ;   {runtime_call UncommonTrapBlob}
  0x0000019007c5ec34: 2438 90e8 

  0x0000019007c5ec38: ; ImmutableOopMap {rbp=Oop [36]=NarrowOop [40]=NarrowOop [44]=NarrowOop [56]=Oop }
                      ;*if_acmpne {reexecute=1 rethrow=0 return_oop=0}
                      ; - (reexecute) java.util.HashSet::remove@11 (line 246)
                      ; - sun.awt.AWTAutoShutdown::notifyThreadFree@24 (line 198)
                      ; - java.awt.EventQueue::getNextEvent@45 (line 551)
                      ; - java.awt.EventDispatchThread::pumpOneEventForFilters@20 (line 190)
  0x0000019007c5ec38: 240f 9fff 

  0x0000019007c5ec3c: ;   {post_call_nop}
  0x0000019007c5ec3c: 0f1f 8400 | 346d 009b | ba45 ffff | ff48 ff74 | 2428 488f | 4424 2048 | 8944 24f8 | 8b44 2430 
  0x0000019007c5ec5c: 8944 242c | 488b 4424 | f848 ff74 | 2450 488f | 4424 3848 | ff74 2448 | 488f 4424 

  0x0000019007c5ec78: ;   {runtime_call UncommonTrapBlob}
  0x0000019007c5ec78: 4066 90e8 

  0x0000019007c5ec7c: ; ImmutableOopMap {rbp=NarrowOop [32]=Oop [44]=NarrowOop [56]=Oop [64]=Oop [96]=Oop }
                      ;*if_acmpne {reexecute=1 rethrow=0 return_oop=0}
                      ; - (reexecute) java.util.concurrent.locks.ReentrantLock$Sync::isHeldExclusively@7 (line 187)
                      ; - java.util.concurrent.locks.AbstractQueuedSynchronizer$ConditionObject::enableWait@4 (line 1605)
                      ; - java.util.concurrent.locks.AbstractQueuedSynchronizer$ConditionObject::await@26 (line 1740)
                      ; - java.awt.EventQueue::getNextEvent@52 (line 552)
                      ; - java.awt.EventDispatchThread::pumpOneEventForFilters@20 (line 190)
  0x0000019007c5ec7c: e00e 9fff 

  0x0000019007c5ec80: ;   {post_call_nop}
  0x0000019007c5ec80: 0f1f 8400 | 786d 009c | ba45 ffff | ff48 ff74 | 2428 488f | 4424 2048 | 8944 24f8 | 8b44 2430 
  0x0000019007c5eca0: 8944 242c | 488b 4424 | f848 ff74 | 2448 488f | 4424 4048 | 894c 2448 

  0x0000019007c5ecb8: ;   {runtime_call UncommonTrapBlob}
  0x0000019007c5ecb8: 6666 90e8 

  0x0000019007c5ecbc: ; ImmutableOopMap {rbp=NarrowOop [32]=Oop [44]=NarrowOop [64]=Oop [72]=Oop [80]=Oop }
                      ;*ifnonnull {reexecute=1 rethrow=0 return_oop=0}
                      ; - (reexecute) java.util.concurrent.locks.AbstractQueuedSynchronizer$ConditionObject::enableWait@28 (line 1609)
                      ; - java.util.concurrent.locks.AbstractQueuedSynchronizer$ConditionObject::await@26 (line 1740)
                      ; - java.awt.EventQueue::getNextEvent@52 (line 552)
                      ; - java.awt.EventDispatchThread::pumpOneEventForFilters@20 (line 190)
  0x0000019007c5ecbc: a00e 9fff 

  0x0000019007c5ecc0: ;   {post_call_nop}
  0x0000019007c5ecc0: 0f1f 8400 | b86d 009d | 498b c848 | 8d94 24d0 | 0000 004d 

  0x0000019007c5ecd4: ;   {runtime_call}
  0x0000019007c5ecd4: 8bc7 49ba | 80a3 879d | f97f 0000 

  0x0000019007c5ece0: ;   {post_call_nop}
  0x0000019007c5ece0: 41ff d20f | 1f84 0000 | 0000 00e9 | aa96 ffff | 488b 5424 | 384c 8d84 | 24d0 0000 

  0x0000019007c5ecfc: ;   {runtime_call C2 Runtime complete_monitor_locking}
  0x0000019007c5ecfc: 0066 90e8 

  0x0000019007c5ed00: ; ImmutableOopMap {[32]=Oop [40]=Oop [48]=NarrowOop [56]=Oop [96]=Oop }
                      ;*monitorenter {reexecute=0 rethrow=0 return_oop=0}
                      ; - sun.awt.PostEventQueue::flush@101 (line 2074)
                      ; - sun.awt.SunToolkit::flushPendingEvents@15 (line 503)
                      ; - java.awt.EventQueue::getNextEvent@4 (line 544)
                      ; - java.awt.EventDispatchThread::pumpOneEventForFilters@20 (line 190)
  0x0000019007c5ed00: 5ca4 9fff 

  0x0000019007c5ed04: ;   {post_call_nop}
  0x0000019007c5ed04: 0f1f 8400 | fc6d 009e | e958 b4ff | ffba 45ff | ffff 48ff | 7424 2848 | 8f44 2420 | 4889 4424 
  0x0000019007c5ed24: f88b 4424 | 3089 4424 | 2c48 8b44 

  0x0000019007c5ed30: ;   {runtime_call UncommonTrapBlob}
  0x0000019007c5ed30: 24f8 90e8 

  0x0000019007c5ed34: ; ImmutableOopMap {rbp=NarrowOop [32]=Oop [44]=NarrowOop [52]=NarrowOop [56]=Oop [64]=Oop [72]=NarrowOop [96]=Oop }
                      ;*ifnull {reexecute=1 rethrow=0 return_oop=0}
                      ; - (reexecute) java.awt.EventQueue::postEventPrivate@18 (line 276)
                      ; - java.awt.EventQueue::postEvent@9 (line 260)
                      ; - sun.awt.PostEventQueue::flush@87 (line 2068)
                      ; - sun.awt.SunToolkit::flushPendingEvents@15 (line 503)
                      ; - java.awt.EventQueue::getNextEvent@4 (line 544)
                      ; - java.awt.EventDispatchThread::pumpOneEventForFilters@20 (line 190)
  0x0000019007c5ed34: 280e 9fff 

  0x0000019007c5ed38: ;   {post_call_nop}
  0x0000019007c5ed38: 0f1f 8400 | 306e 009f | ba45 ffff | ff48 ff74 | 2428 488f | 4424 2048 | 8944 24f8 | 8b44 2430 
  0x0000019007c5ed58: 8944 242c | 488b 4424 

  0x0000019007c5ed60: ;   {runtime_call UncommonTrapBlob}
  0x0000019007c5ed60: f866 90e8 

  0x0000019007c5ed64: ; ImmutableOopMap {rbp=NarrowOop [32]=Oop [44]=NarrowOop [52]=NarrowOop [56]=Oop [64]=Oop [72]=NarrowOop [96]=Oop }
                      ;*ifnonnull {reexecute=1 rethrow=0 return_oop=0}
                      ; - (reexecute) java.awt.EventQueue::postEventPrivate@43 (line 281)
                      ; - java.awt.EventQueue::postEvent@9 (line 260)
                      ; - sun.awt.PostEventQueue::flush@87 (line 2068)
                      ; - sun.awt.SunToolkit::flushPendingEvents@15 (line 503)
                      ; - java.awt.EventQueue::getNextEvent@4 (line 544)
                      ; - java.awt.EventDispatchThread::pumpOneEventForFilters@20 (line 190)
  0x0000019007c5ed64: f80d 9fff 

  0x0000019007c5ed68: ;   {post_call_nop}
  0x0000019007c5ed68: 0f1f 8400 | 606e 00a0 | ba45 ffff | ff48 ff74 | 2428 488f | 4424 2048 | 8944 24f8 | 8b44 2430 
  0x0000019007c5ed88: 8944 242c | 488b 4424 | f848 ff74 | 2460 488f 

  0x0000019007c5ed98: ;   {runtime_call UncommonTrapBlob}
  0x0000019007c5ed98: 4424 50e8 

  0x0000019007c5ed9c: ; ImmutableOopMap {[32]=Oop [44]=NarrowOop [52]=NarrowOop [56]=Oop [64]=Oop [72]=NarrowOop [80]=Oop [104]=Oop }
                      ;*if_icmpne {reexecute=1 rethrow=0 return_oop=0}
                      ; - (reexecute) java.awt.EventQueue::postEvent@32 (line 331)
                      ; - java.awt.EventQueue::postEventPrivate@76 (line 288)
                      ; - java.awt.EventQueue::postEvent@9 (line 260)
                      ; - sun.awt.PostEventQueue::flush@87 (line 2068)
                      ; - sun.awt.SunToolkit::flushPendingEvents@15 (line 503)
                      ; - java.awt.EventQueue::getNextEvent@4 (line 544)
                      ; - java.awt.EventDispatchThread::pumpOneEventForFilters@20 (line 190)
  0x0000019007c5ed9c: c00d 9fff 

  0x0000019007c5eda0: ;   {post_call_nop}
  0x0000019007c5eda0: 0f1f 8400 | 986e 00a1 | ba45 ffff | ff48 ff74 | 2428 488f | 4424 2048 | 8944 24f8 | 8b44 2430 
  0x0000019007c5edc0: 8944 242c | 488b 4424 | f848 ff74 | 2438 488f | 4424 3044 | 8954 2448 

  0x0000019007c5edd8: ;   {runtime_call UncommonTrapBlob}
  0x0000019007c5edd8: 6666 90e8 

  0x0000019007c5eddc: ; ImmutableOopMap {rbp=NarrowOop [32]=Oop [44]=NarrowOop [48]=Oop [64]=Oop [72]=NarrowOop [96]=Oop }
                      ;*if_acmpeq {reexecute=1 rethrow=0 return_oop=0}
                      ; - (reexecute) java.util.concurrent.locks.ReentrantLock$Sync::tryRelease@14 (line 175)
                      ; - java.util.concurrent.locks.AbstractQueuedSynchronizer::release@2 (line 1099)
                      ; - java.util.concurrent.locks.ReentrantLock::unlock@5 (line 495)
                      ; - java.awt.EventQueue::postEventPrivate@83 (line 290)
                      ; - java.awt.EventQueue::postEvent@9 (line 260)
                      ; - sun.awt.PostEventQueue::flush@87 (line 2068)
                      ; - sun.awt.SunToolkit::flushPendingEvents@15 (line 503)
                      ; - java.awt.EventQueue::getNextEvent@4 (line 544)
                      ; - java.awt.EventDispatchThread::pumpOneEventForFilters@20 (line 190)
  0x0000019007c5eddc: 800d 9fff 

  0x0000019007c5ede0: ;   {post_call_nop}
  0x0000019007c5ede0: 0f1f 8400 | d86e 00a2 | ba45 ffff | ff48 8b6c | 2428 4489 

  0x0000019007c5edf4: ;   {runtime_call UncommonTrapBlob}
  0x0000019007c5edf4: 5424 2ce8 

  0x0000019007c5edf8: ; ImmutableOopMap {rbp=Oop [44]=NarrowOop [48]=NarrowOop [52]=NarrowOop }
                      ;*ifnonnull {reexecute=1 rethrow=0 return_oop=0}
                      ; - (reexecute) sun.awt.AWTAutoShutdown::notifyThreadFree@1 (line 193)
                      ; - java.awt.EventQueue::getNextEvent@45 (line 551)
                      ; - java.awt.EventDispatchThread::pumpOneEventForFilters@20 (line 190)
  0x0000019007c5edf8: 640d 9fff 

  0x0000019007c5edfc: ;   {post_call_nop}
  0x0000019007c5edfc: 0f1f 8400 | f46e 00a3 | ba45 ffff | ff48 ff74 | 2428 488f | 4424 2048 | 8944 24f8 | 8b44 2430 
  0x0000019007c5ee1c: 8944 242c | 488b 4424 

  0x0000019007c5ee24: ;   {runtime_call UncommonTrapBlob}
  0x0000019007c5ee24: f866 90e8 

  0x0000019007c5ee28: ; ImmutableOopMap {[32]=Oop [44]=NarrowOop [72]=Oop [96]=Oop }
                      ;*ifeq {reexecute=1 rethrow=0 return_oop=0}
                      ; - (reexecute) java.lang.Thread::getAndClearInterrupt@6 (line 1661)
                      ; - java.lang.Thread::interrupted@3 (line 1625)
                      ; - java.util.concurrent.locks.AbstractQueuedSynchronizer$ConditionObject::await@0 (line 1735)
                      ; - java.awt.EventQueue::getNextEvent@52 (line 552)
                      ; - java.awt.EventDispatchThread::pumpOneEventForFilters@20 (line 190)
  0x0000019007c5ee28: 340d 9fff 

  0x0000019007c5ee2c: ;   {post_call_nop}
  0x0000019007c5ee2c: 0f1f 8400 | 246f 00a4 | ba45 ffff | ff48 ff74 | 2428 488f | 4424 2048 | 8944 24f8 | 8b44 2430 
  0x0000019007c5ee4c: 8944 242c | 488b 4424 | f848 ff74 | 2448 488f | 4424 3048 | 897c 2440 | 4889 4424 | f88b 4424 
  0x0000019007c5ee6c: 5889 4424 | 4848 8b44 | 24f8 4c89 

  0x0000019007c5ee78: ;   {runtime_call UncommonTrapBlob}
  0x0000019007c5ee78: 4c24 50e8 

  0x0000019007c5ee7c: ; ImmutableOopMap {rbp=NarrowOop [32]=Oop [44]=NarrowOop [48]=Oop [64]=Oop [80]=Oop [96]=Oop }
                      ;*if_acmpeq {reexecute=1 rethrow=0 return_oop=0}
                      ; - (reexecute) java.util.concurrent.locks.ReentrantLock$Sync::tryRelease@14 (line 175)
                      ; - java.util.concurrent.locks.AbstractQueuedSynchronizer::release@2 (line 1099)
                      ; - java.util.concurrent.locks.AbstractQueuedSynchronizer$ConditionObject::enableWait@62 (line 1615)
                      ; - java.util.concurrent.locks.AbstractQueuedSynchronizer$ConditionObject::await@26 (line 1740)
                      ; - java.awt.EventQueue::getNextEvent@52 (line 552)
                      ; - java.awt.EventDispatchThread::pumpOneEventForFilters@20 (line 190)
  0x0000019007c5ee7c: e00c 9fff 

  0x0000019007c5ee80: ;   {post_call_nop}
  0x0000019007c5ee80: 0f1f 8400 | 786f 00a5 | ba45 ffff | ff48 ff74 | 2428 488f | 4424 2048 | 8944 24f8 | 8b44 2430 
  0x0000019007c5eea0: 8944 242c | 488b 4424 | f844 8954 

  0x0000019007c5eeac: ;   {runtime_call UncommonTrapBlob}
  0x0000019007c5eeac: 2430 90e8 

  0x0000019007c5eeb0: ; ImmutableOopMap {rbp=NarrowOop [32]=Oop [44]=NarrowOop [48]=NarrowOop [96]=Oop }
                      ;*if_acmpeq {reexecute=1 rethrow=0 return_oop=0}
                      ; - (reexecute) java.util.concurrent.locks.ReentrantLock$Sync::tryRelease@14 (line 175)
                      ; - java.util.concurrent.locks.AbstractQueuedSynchronizer::release@2 (line 1099)
                      ; - java.util.concurrent.locks.ReentrantLock::unlock@5 (line 495)
                      ; - java.awt.EventQueue::getNextEvent@61 (line 554)
                      ; - java.awt.EventDispatchThread::pumpOneEventForFilters@20 (line 190)
  0x0000019007c5eeb0: ac0c 9fff 

  0x0000019007c5eeb4: ;   {post_call_nop}
  0x0000019007c5eeb4: 0f1f 8400 | ac6f 00a6 | baf6 ffff | ff48 8b6c | 2428 4889 | 4424 f88b | 4424 3089 | 4424 2448 
  0x0000019007c5eed4: 8b44 24f8 | 48ff 7424 | 3848 8f44 | 2428 4889 | 4424 f88b | 4424 3489 | 4424 3048 | 8b44 24f8 
  0x0000019007c5eef4: 4889 4424 | f88b 4424 | 4889 4424 | 3448 8b44 | 24f8 48ff | 7424 5848 | 8f44 2450 | 48ff 7424 
  0x0000019007c5ef14: 6048 8f44 | 2458 4889 | 4424 f88b | 4424 4c89 | 4424 4848 | 8b44 24f8 

  0x0000019007c5ef2c: ;   {runtime_call UncommonTrapBlob}
  0x0000019007c5ef2c: 6666 90e8 

  0x0000019007c5ef30: ; ImmutableOopMap {rbp=Oop [36]=NarrowOop [40]=Oop [48]=NarrowOop [52]=NarrowOop [64]=Oop [72]=NarrowOop [80]=Oop [88]=Oop [104]=Oop [112]=NarrowOop }
                      ;*invokevirtual lock {reexecute=0 rethrow=0 return_oop=0}
                      ; - java.util.concurrent.locks.ReentrantLock::lock@4 (line 323)
                      ; - java.awt.EventQueue::postEventPrivate@9 (line 274)
                      ; - java.awt.EventQueue::postEvent@9 (line 260)
                      ; - sun.awt.PostEventQueue::flush@87 (line 2068)
                      ; - sun.awt.SunToolkit::flushPendingEvents@15 (line 503)
                      ; - java.awt.EventQueue::postEvent@4 (line 259)
                      ; - sun.awt.PostEventQueue::flush@87 (line 2068)
                      ; - sun.awt.SunToolkit::flushPendingEvents@15 (line 503)
                      ; - java.awt.EventQueue::getNextEvent@4 (line 544)
                      ; - java.awt.EventDispatchThread::pumpOneEventForFilters@20 (line 190)
  0x0000019007c5ef30: 2c0c 9fff 

  0x0000019007c5ef34: ;   {post_call_nop}
  0x0000019007c5ef34: 0f1f 8400 | 2c70 00a7 | bae4 ffff | ff48 ff74 | 2428 488f | 4424 2048 | 8944 24f8 | 8b44 2430 
  0x0000019007c5ef54: 8944 242c | 488b 4424 | f848 8944 | 24f8 8b44 | 2434 8944 | 2430 488b | 4424 f848 | 8944 24f8 
  0x0000019007c5ef74: 8b44 2448 | 8944 2434 | 488b 4424 

  0x0000019007c5ef80: ;   {runtime_call UncommonTrapBlob}
  0x0000019007c5ef80: f866 90e8 

  0x0000019007c5ef84: ; ImmutableOopMap {rbp=NarrowOop [32]=Oop [44]=NarrowOop [48]=NarrowOop [52]=NarrowOop [56]=Oop [64]=Oop [76]=NarrowOop [88]=Oop [96]=Oop [104]=Oop [112]=NarrowOop [136]=Oop }
                      ;*aaload {reexecute=0 rethrow=0 return_oop=0}
                      ; - java.awt.EventQueue::postEvent@47 (line 333)
                      ; - java.awt.EventQueue::postEventPrivate@76 (line 288)
                      ; - java.awt.EventQueue::postEvent@9 (line 260)
                      ; - sun.awt.PostEventQueue::flush@87 (line 2068)
                      ; - sun.awt.SunToolkit::flushPendingEvents@15 (line 503)
                      ; - java.awt.EventQueue::postEvent@4 (line 259)
                      ; - sun.awt.PostEventQueue::flush@87 (line 2068)
                      ; - sun.awt.SunToolkit::flushPendingEvents@15 (line 503)
                      ; - java.awt.EventQueue::getNextEvent@4 (line 544)
                      ; - java.awt.EventDispatchThread::pumpOneEventForFilters@20 (line 190)
  0x0000019007c5ef84: d80b 9fff 

  0x0000019007c5ef88: ;   {post_call_nop}
  0x0000019007c5ef88: 0f1f 8400 | 8070 00a8 | ba45 ffff | ff48 ff74 | 2428 488f | 4424 2048 | 8944 24f8 | 8b44 2430 
  0x0000019007c5efa8: 8944 242c | 488b 4424 | f848 ff74 | 2438 488f | 4424 304c | 8944 2450 | 4489 5424 

  0x0000019007c5efc4: ;   {runtime_call UncommonTrapBlob}
  0x0000019007c5efc4: 4c66 90e8 

  0x0000019007c5efc8: ; ImmutableOopMap {rbp=NarrowOop [32]=Oop [44]=NarrowOop [48]=Oop [64]=Oop [72]=NarrowOop [76]=NarrowOop [80]=Oop [96]=Oop }
                      ;*if_acmpne {reexecute=1 rethrow=0 return_oop=0}
                      ; - (reexecute) java.util.concurrent.locks.ReentrantLock$Sync::isHeldExclusively@7 (line 187)
                      ; - java.util.concurrent.locks.AbstractQueuedSynchronizer$ConditionObject::signalAll@9 (line 1590)
                      ; - java.awt.EventQueue::postEvent@109 (line 341)
                      ; - java.awt.EventQueue::postEventPrivate@76 (line 288)
                      ; - java.awt.EventQueue::postEvent@9 (line 260)
                      ; - sun.awt.PostEventQueue::flush@87 (line 2068)
                      ; - sun.awt.SunToolkit::flushPendingEvents@15 (line 503)
                      ; - java.awt.EventQueue::getNextEvent@4 (line 544)
                      ; - java.awt.EventDispatchThread::pumpOneEventForFilters@20 (line 190)
  0x0000019007c5efc8: 940b 9fff 

  0x0000019007c5efcc: ;   {post_call_nop}
  0x0000019007c5efcc: 0f1f 8400 | c470 00a9 | bade ffff | ff48 ff74 | 2428 488f | 4424 2048 | 8944 24f8 | 8b44 2430 
  0x0000019007c5efec: 8944 242c | 488b 4424 | f848 8944 | 24f8 8b44 | 2434 8944 | 2430 488b | 4424 f848 | 8944 24f8 
  0x0000019007c5f00c: 8b44 2448 | 8944 2434 | 488b 4424 | f848 8944 | 24f8 8b44 | 244c 8944 | 2448 488b 

  0x0000019007c5f028: ;   {runtime_call UncommonTrapBlob}
  0x0000019007c5f028: 4424 f8e8 

  0x0000019007c5f02c: ; ImmutableOopMap {rbp=NarrowOop [32]=Oop [44]=NarrowOop [48]=NarrowOop [52]=NarrowOop [56]=Oop [64]=Oop [72]=NarrowOop [88]=Oop [96]=Oop [104]=Oop [112]=NarrowOop }
                      ;*invokeinterface lock {reexecute=0 rethrow=0 return_oop=0}
                      ; - java.awt.EventQueue::postEventPrivate@9 (line 274)
                      ; - java.awt.EventQueue::postEvent@9 (line 260)
                      ; - sun.awt.PostEventQueue::flush@87 (line 2068)
                      ; - sun.awt.SunToolkit::flushPendingEvents@15 (line 503)
                      ; - java.awt.EventQueue::postEvent@4 (line 259)
                      ; - sun.awt.PostEventQueue::flush@87 (line 2068)
                      ; - sun.awt.SunToolkit::flushPendingEvents@15 (line 503)
                      ; - java.awt.EventQueue::getNextEvent@4 (line 544)
                      ; - java.awt.EventDispatchThread::pumpOneEventForFilters@20 (line 190)
  0x0000019007c5f02c: 300b 9fff 

  0x0000019007c5f030: ;   {post_call_nop}
  0x0000019007c5f030: 0f1f 8400 | 2871 00aa | bade ffff | ff48 ff74 | 2428 488f | 4424 2048 | 8944 24f8 | 8b44 2430 
  0x0000019007c5f050: 8944 242c | 488b 4424 | f848 8944 | 24f8 8b44 | 2434 8944 | 2430 488b | 4424 f848 | 8944 24f8 
  0x0000019007c5f070: 8b44 2448 | 8944 2434 | 488b 4424 | f848 ff74 | 2458 488f | 4424 4848 | ff74 2460 | 488f 4424 
  0x0000019007c5f090: ;   {runtime_call UncommonTrapBlob}
  0x0000019007c5f090: 5866 90e8 

  0x0000019007c5f094: ; ImmutableOopMap {rbp=NarrowOop [32]=Oop [44]=NarrowOop [48]=NarrowOop [52]=NarrowOop [56]=Oop [64]=Oop [72]=Oop [88]=Oop [104]=Oop }
                      ;*invokeinterface unlock {reexecute=0 rethrow=0 return_oop=0}
                      ; - java.awt.EventQueue::postEventPrivate@83 (line 290)
                      ; - java.awt.EventQueue::postEvent@9 (line 260)
                      ; - sun.awt.PostEventQueue::flush@87 (line 2068)
                      ; - sun.awt.SunToolkit::flushPendingEvents@15 (line 503)
                      ; - java.awt.EventQueue::postEvent@4 (line 259)
                      ; - sun.awt.PostEventQueue::flush@87 (line 2068)
                      ; - sun.awt.SunToolkit::flushPendingEvents@15 (line 503)
                      ; - java.awt.EventQueue::getNextEvent@4 (line 544)
                      ; - java.awt.EventDispatchThread::pumpOneEventForFilters@20 (line 190)
  0x0000019007c5f094: c80a 9fff 

  0x0000019007c5f098: ;   {post_call_nop}
  0x0000019007c5f098: 0f1f 8400 | 9071 00ab | ba45 ffff | ff48 ff74 | 2428 488f | 4424 2048 | 8944 24f8 | 8b44 2430 
  0x0000019007c5f0b8: 8944 242c | 488b 4424 | f848 ff74 | 2438 488f 

  0x0000019007c5f0c8: ;   {runtime_call UncommonTrapBlob}
  0x0000019007c5f0c8: 4424 30e8 

  0x0000019007c5f0cc: ; ImmutableOopMap {rbp=NarrowOop [32]=Oop [44]=NarrowOop [48]=Oop [64]=Oop [72]=NarrowOop [96]=Oop }
                      ;*if_acmpeq {reexecute=1 rethrow=0 return_oop=0}
                      ; - (reexecute) java.awt.EventQueue::postEvent@92 (line 338)
                      ; - java.awt.EventQueue::postEventPrivate@76 (line 288)
                      ; - java.awt.EventQueue::postEvent@9 (line 260)
                      ; - sun.awt.PostEventQueue::flush@87 (line 2068)
                      ; - sun.awt.SunToolkit::flushPendingEvents@15 (line 503)
                      ; - java.awt.EventQueue::getNextEvent@4 (line 544)
                      ; - java.awt.EventDispatchThread::pumpOneEventForFilters@20 (line 190)
  0x0000019007c5f0cc: 900a 9fff 

  0x0000019007c5f0d0: ;   {post_call_nop}
  0x0000019007c5f0d0: 0f1f 8400 | c871 00ac | ba45 ffff | ff48 8b6c | 2428 4889 | 4424 f88b | 4424 3089 | 4424 2448 
  0x0000019007c5f0f0: 8b44 24f8 | 48ff 7424 | 3848 8f44 

  0x0000019007c5f0fc: ;   {runtime_call UncommonTrapBlob}
  0x0000019007c5f0fc: 2428 90e8 

  0x0000019007c5f100: ; ImmutableOopMap {rbp=Oop [36]=NarrowOop [40]=Oop [52]=NarrowOop [64]=Oop [72]=NarrowOop [96]=Oop }
                      ;*ifnonnull {reexecute=1 rethrow=0 return_oop=0}
                      ; - (reexecute) sun.awt.AWTAutoShutdown::notifyThreadBusy@1 (line 167)
                      ; - java.awt.EventQueue::postEvent@102 (line 339)
                      ; - java.awt.EventQueue::postEventPrivate@76 (line 288)
                      ; - java.awt.EventQueue::postEvent@9 (line 260)
                      ; - sun.awt.PostEventQueue::flush@87 (line 2068)
                      ; - sun.awt.SunToolkit::flushPendingEvents@15 (line 503)
                      ; - java.awt.EventQueue::getNextEvent@4 (line 544)
                      ; - java.awt.EventDispatchThread::pumpOneEventForFilters@20 (line 190)
  0x0000019007c5f100: 5c0a 9fff 

  0x0000019007c5f104: ;   {post_call_nop}
  0x0000019007c5f104: 0f1f 8400 | fc71 00ad | ba45 ffff | ff48 ff74 | 2428 488f | 4424 2048 | 8944 24f8 | 8b44 2430 
  0x0000019007c5f124: 8944 242c | 488b 4424 | f848 ff74 | 2460 488f | 4424 5048 | 8944 24f8 | 8b44 2468 | 8944 2458 
  0x0000019007c5f144: 488b 4424 

  0x0000019007c5f148: ;   {runtime_call UncommonTrapBlob}
  0x0000019007c5f148: f866 90e8 

  0x0000019007c5f14c: ; ImmutableOopMap {rbp=NarrowOop [32]=Oop [44]=NarrowOop [52]=NarrowOop [56]=Oop [64]=Oop [72]=NarrowOop [76]=NarrowOop [80]=Oop [88]=NarrowOop }
                      ;*ifnonnull {reexecute=1 rethrow=0 return_oop=0}
                      ; - (reexecute) sun.awt.AWTAutoShutdown::notifyThreadBusy@23 (line 172)
                      ; - java.awt.EventQueue::postEvent@102 (line 339)
                      ; - java.awt.EventQueue::postEventPrivate@76 (line 288)
                      ; - java.awt.EventQueue::postEvent@9 (line 260)
                      ; - sun.awt.PostEventQueue::flush@87 (line 2068)
                      ; - sun.awt.SunToolkit::flushPendingEvents@15 (line 503)
                      ; - java.awt.EventQueue::getNextEvent@4 (line 544)
                      ; - java.awt.EventDispatchThread::pumpOneEventForFilters@20 (line 190)
  0x0000019007c5f14c: 100a 9fff 

  0x0000019007c5f150: ;   {post_call_nop}
  0x0000019007c5f150: 0f1f 8400 | 4872 00ae | baf6 ffff | ff48 8b6c | 2428 4889 | 4424 f88b | 4424 3089 | 4424 2448 
  0x0000019007c5f170: 8b44 24f8 | 48ff 7424 | 3848 8f44 | 2428 4889 | 4424 f88b | 4424 3489 | 4424 3048 | 8b44 24f8 
  0x0000019007c5f190: 4889 4424 | f88b 4424 | 4889 4424 | 3448 8b44 | 24f8 48ff | 7424 5848 | 8f44 2450 | 48ff 7424 
  0x0000019007c5f1b0: 6048 8f44 

  0x0000019007c5f1b4: ;   {runtime_call UncommonTrapBlob}
  0x0000019007c5f1b4: 2458 90e8 

  0x0000019007c5f1b8: ; ImmutableOopMap {rbp=Oop [36]=NarrowOop [40]=Oop [48]=NarrowOop [52]=NarrowOop [64]=Oop [76]=NarrowOop [80]=Oop [88]=Oop [104]=Oop }
                      ;*getfield head {reexecute=1 rethrow=0 return_oop=0}
                      ; - (reexecute) java.awt.EventQueue::noEvents@13 (line 521)
                      ; - java.awt.EventQueue::postEvent@55 (line 334)
                      ; - java.awt.EventQueue::postEventPrivate@76 (line 288)
                      ; - java.awt.EventQueue::postEvent@9 (line 260)
                      ; - sun.awt.PostEventQueue::flush@87 (line 2068)
                      ; - sun.awt.SunToolkit::flushPendingEvents@15 (line 503)
                      ; - java.awt.EventQueue::postEvent@4 (line 259)
                      ; - sun.awt.PostEventQueue::flush@87 (line 2068)
                      ; - sun.awt.SunToolkit::flushPendingEvents@15 (line 503)
                      ; - java.awt.EventQueue::getNextEvent@4 (line 544)
                      ; - java.awt.EventDispatchThread::pumpOneEventForFilters@20 (line 190)
  0x0000019007c5f1b8: a409 9fff 

  0x0000019007c5f1bc: ;   {post_call_nop}
  0x0000019007c5f1bc: 0f1f 8400 | b472 00af | baf6 ffff | ff48 8b6c | 2428 4889 | 4424 f88b | 4424 3089 | 4424 2448 
  0x0000019007c5f1dc: 8b44 24f8 | 48ff 7424 | 3848 8f44 | 2428 4889 | 4424 f88b | 4424 3489 | 4424 3048 | 8b44 24f8 
  0x0000019007c5f1fc: 4889 4424 | f88b 4424 | 4889 4424 | 3448 8b44 | 24f8 48ff | 7424 5848 | 8f44 2450 | 48ff 7424 
  0x0000019007c5f21c: 6048 8f44 | 2458 48ff | 7424 6848 | 8f44 2460 

  0x0000019007c5f22c: ;   {runtime_call UncommonTrapBlob}
  0x0000019007c5f22c: 6666 90e8 

  0x0000019007c5f230: ; ImmutableOopMap {rbp=Oop [36]=NarrowOop [40]=Oop [48]=NarrowOop [52]=NarrowOop [64]=Oop [76]=NarrowOop [80]=Oop [88]=Oop [96]=Oop [112]=NarrowOop }
                      ;*monitorenter {reexecute=0 rethrow=0 return_oop=0}
                      ; - sun.awt.AWTAutoShutdown::notifyThreadBusy@11 (line 170)
                      ; - java.awt.EventQueue::postEvent@102 (line 339)
                      ; - java.awt.EventQueue::postEventPrivate@76 (line 288)
                      ; - java.awt.EventQueue::postEvent@9 (line 260)
                      ; - sun.awt.PostEventQueue::flush@87 (line 2068)
                      ; - sun.awt.SunToolkit::flushPendingEvents@15 (line 503)
                      ; - java.awt.EventQueue::postEvent@4 (line 259)
                      ; - sun.awt.PostEventQueue::flush@87 (line 2068)
                      ; - sun.awt.SunToolkit::flushPendingEvents@15 (line 503)
                      ; - java.awt.EventQueue::getNextEvent@4 (line 544)
                      ; - java.awt.EventDispatchThread::pumpOneEventForFilters@20 (line 190)
  0x0000019007c5f230: 2c09 9fff 

  0x0000019007c5f234: ;   {post_call_nop}
  0x0000019007c5f234: 0f1f 8400 | 2c73 00b0 | baf6 ffff | ff48 8b6c | 2428 4889 | 4424 f88b | 4424 3089 | 4424 2448 
  0x0000019007c5f254: 8b44 24f8 | 48ff 7424 | 3848 8f44 | 2428 4889 | 4424 f88b | 4424 3489 | 4424 3048 | 8b44 24f8 
  0x0000019007c5f274: 4889 4424 | f88b 4424 | 4889 4424 | 3448 8b44 | 24f8 48ff | 7424 5848 | 8f44 2450 | 48ff 7424 
  0x0000019007c5f294: 6048 8f44 | 2458 48ff | 7424 6848 | 8f44 2460 | 4889 4424 | f88b 4424 | 7089 4424 | 6848 8b44 
  0x0000019007c5f2b4: 24f8 4889 | 4424 f88b | 4424 7489 | 4424 6c48 | 8b44 24f8 

  0x0000019007c5f2c8: ;   {runtime_call UncommonTrapBlob}
  0x0000019007c5f2c8: 6666 90e8 

  0x0000019007c5f2cc: ; ImmutableOopMap {rbp=Oop [36]=NarrowOop [40]=Oop [48]=NarrowOop [52]=NarrowOop [64]=Oop [76]=NarrowOop [80]=Oop [88]=Oop [96]=Oop [104]=NarrowOop [108]=NarrowOop }
                      ;*monitorenter {reexecute=0 rethrow=0 return_oop=0}
                      ; - sun.awt.AWTAutoShutdown::notifyThreadBusy@18 (line 171)
                      ; - java.awt.EventQueue::postEvent@102 (line 339)
                      ; - java.awt.EventQueue::postEventPrivate@76 (line 288)
                      ; - java.awt.EventQueue::postEvent@9 (line 260)
                      ; - sun.awt.PostEventQueue::flush@87 (line 2068)
                      ; - sun.awt.SunToolkit::flushPendingEvents@15 (line 503)
                      ; - java.awt.EventQueue::postEvent@4 (line 259)
                      ; - sun.awt.PostEventQueue::flush@87 (line 2068)
                      ; - sun.awt.SunToolkit::flushPendingEvents@15 (line 503)
                      ; - java.awt.EventQueue::getNextEvent@4 (line 544)
                      ; - java.awt.EventDispatchThread::pumpOneEventForFilters@20 (line 190)
  0x0000019007c5f2cc: 9008 9fff 

  0x0000019007c5f2d0: ;   {post_call_nop}
  0x0000019007c5f2d0: 0f1f 8400 | c873 00b1 | baf6 ffff | ff48 8b6c | 2428 4889 | 4424 f88b | 4424 3089 | 4424 2448 
  0x0000019007c5f2f0: 8b44 24f8 | 48ff 7424 | 3848 8f44 | 2428 4889 | 4424 f88b | 4424 3489 | 4424 3048 | 8b44 24f8 
  0x0000019007c5f310: 4889 4424 | f88b 4424 | 4889 4424 | 3448 8b44 | 24f8 48ff | 7424 5848 | 8f44 2450 | 48ff 7424 
  0x0000019007c5f330: 6048 8f44 | 2458 48ff | 7424 6848 | 8f44 2460 | 4889 4424 | f88b 8424 | 8800 0000 | 8944 246c 
  0x0000019007c5f350: 488b 4424 

  0x0000019007c5f354: ;   {runtime_call UncommonTrapBlob}
  0x0000019007c5f354: f866 90e8 

  0x0000019007c5f358: ; ImmutableOopMap {rbp=Oop [36]=NarrowOop [40]=Oop [48]=NarrowOop [52]=NarrowOop [64]=Oop [76]=NarrowOop [80]=Oop [88]=Oop [96]=Oop [108]=NarrowOop [112]=NarrowOop [116]=NarrowOop }
                      ;*invokevirtual put {reexecute=0 rethrow=0 return_oop=0}
                      ; - java.util.HashSet::add@8 (line 230)
                      ; - sun.awt.AWTAutoShutdown::notifyThreadBusy@57 (line 178)
                      ; - java.awt.EventQueue::postEvent@102 (line 339)
                      ; - java.awt.EventQueue::postEventPrivate@76 (line 288)
                      ; - java.awt.EventQueue::postEvent@9 (line 260)
                      ; - sun.awt.PostEventQueue::flush@87 (line 2068)
                      ; - sun.awt.SunToolkit::flushPendingEvents@15 (line 503)
                      ; - java.awt.EventQueue::postEvent@4 (line 259)
                      ; - sun.awt.PostEventQueue::flush@87 (line 2068)
                      ; - sun.awt.SunToolkit::flushPendingEvents@15 (line 503)
                      ; - java.awt.EventQueue::getNextEvent@4 (line 544)
                      ; - java.awt.EventDispatchThread::pumpOneEventForFilters@20 (line 190)
  0x0000019007c5f358: 0408 9fff 

  0x0000019007c5f35c: ;   {post_call_nop}
  0x0000019007c5f35c: 0f1f 8400 | 5474 00b2 | ba6e ffff | ff48 8b6c | 2428 4889 | 4424 f88b | 4424 3089 | 4424 2448 
  0x0000019007c5f37c: 8b44 24f8 | 48ff 7424 | 3848 8f44 | 2428 4889 | 4424 f88b | 4424 3489 | 4424 3048 | 8b44 24f8 
  0x0000019007c5f39c: 4889 4424 | f88b 4424 | 4889 4424 | 3448 8b44 | 24f8 48ff | 7424 5848 | 8f44 2450 | 48ff 7424 
  0x0000019007c5f3bc: 6048 8f44 | 2458 48ff | 7424 6848 | 8f44 2460 | 4889 4424 | f88b 4424 | 7089 4424 | 6848 8b44 
  0x0000019007c5f3dc: ;   {runtime_call UncommonTrapBlob}
  0x0000019007c5f3dc: 24f8 90e8 

  0x0000019007c5f3e0: ; ImmutableOopMap {rbp=Oop [36]=NarrowOop [40]=Oop [48]=NarrowOop [52]=NarrowOop [64]=Oop [76]=NarrowOop [80]=Oop [88]=Oop [96]=Oop [104]=NarrowOop [136]=Oop }
                      ;*if_icmpge {reexecute=1 rethrow=0 return_oop=0}
                      ; - (reexecute) java.awt.EventQueue::noEvents@4 (line 520)
                      ; - java.awt.EventQueue::postEvent@55 (line 334)
                      ; - java.awt.EventQueue::postEventPrivate@76 (line 288)
                      ; - java.awt.EventQueue::postEvent@9 (line 260)
                      ; - sun.awt.PostEventQueue::flush@87 (line 2068)
                      ; - sun.awt.SunToolkit::flushPendingEvents@15 (line 503)
                      ; - java.awt.EventQueue::postEvent@4 (line 259)
                      ; - sun.awt.PostEventQueue::flush@87 (line 2068)
                      ; - sun.awt.SunToolkit::flushPendingEvents@15 (line 503)
                      ; - java.awt.EventQueue::getNextEvent@4 (line 544)
                      ; - java.awt.EventDispatchThread::pumpOneEventForFilters@20 (line 190)
  0x0000019007c5f3e0: 7c07 9fff 

  0x0000019007c5f3e4: ;   {post_call_nop}
  0x0000019007c5f3e4: 0f1f 8400 | dc74 00b3 | bae4 ffff | ff48 ff74 | 2428 488f | 4424 2048 | 8944 24f8 | 8b44 2430 
  0x0000019007c5f404: 8944 242c | 488b 4424 | f848 8944 | 24f8 8b44 | 2434 8944 | 2430 488b | 4424 f848 | 8944 24f8 
  0x0000019007c5f424: 8b44 2448 | 8944 2434 | 488b 4424 | f848 8944 | 24f8 8b44 | 244c 8944 | 2448 488b 

  0x0000019007c5f440: ;   {runtime_call UncommonTrapBlob}
  0x0000019007c5f440: 4424 f8e8 

  0x0000019007c5f444: ; ImmutableOopMap {rbp=NarrowOop [32]=Oop [44]=NarrowOop [48]=NarrowOop [52]=NarrowOop [56]=Oop [64]=Oop [72]=NarrowOop [88]=Oop [96]=Oop [104]=Oop [112]=NarrowOop [136]=Oop }
                      ;*aaload {reexecute=0 rethrow=0 return_oop=0}
                      ; - java.awt.EventQueue::noEvents@12 (line 521)
                      ; - java.awt.EventQueue::postEvent@55 (line 334)
                      ; - java.awt.EventQueue::postEventPrivate@76 (line 288)
                      ; - java.awt.EventQueue::postEvent@9 (line 260)
                      ; - sun.awt.PostEventQueue::flush@87 (line 2068)
                      ; - sun.awt.SunToolkit::flushPendingEvents@15 (line 503)
                      ; - java.awt.EventQueue::postEvent@4 (line 259)
                      ; - sun.awt.PostEventQueue::flush@87 (line 2068)
                      ; - sun.awt.SunToolkit::flushPendingEvents@15 (line 503)
                      ; - java.awt.EventQueue::getNextEvent@4 (line 544)
                      ; - java.awt.EventDispatchThread::pumpOneEventForFilters@20 (line 190)
  0x0000019007c5f444: 1807 9fff 

  0x0000019007c5f448: ;   {post_call_nop}
  0x0000019007c5f448: 0f1f 8400 | 4075 00b4 | 498b d34c | 8d84 24d0 

  0x0000019007c5f458: ;   {runtime_call C2 Runtime complete_monitor_locking}
  0x0000019007c5f458: 0000 00e8 

  0x0000019007c5f45c: ; ImmutableOopMap {[32]=Oop [40]=Oop [48]=NarrowOop [52]=NarrowOop [56]=Oop [64]=Oop [72]=NarrowOop [76]=NarrowOop [80]=Oop [88]=Oop [96]=Oop [104]=Oop [112]=NarrowOop [116]=NarrowOop [120]=Oop [128]=Oop }
                      ;*monitorenter {reexecute=0 rethrow=0 return_oop=0}
                      ; - sun.awt.AWTAutoShutdown::notifyThreadBusy@11 (line 170)
                      ; - java.awt.EventQueue::postEvent@102 (line 339)
                      ; - java.awt.EventQueue::postEventPrivate@76 (line 288)
                      ; - java.awt.EventQueue::postEvent@9 (line 260)
                      ; - sun.awt.PostEventQueue::flush@87 (line 2068)
                      ; - sun.awt.SunToolkit::flushPendingEvents@15 (line 503)
                      ; - java.awt.EventQueue::postEvent@4 (line 259)
                      ; - sun.awt.PostEventQueue::flush@87 (line 2068)
                      ; - sun.awt.SunToolkit::flushPendingEvents@15 (line 503)
                      ; - java.awt.EventQueue::getNextEvent@4 (line 544)
                      ; - java.awt.EventDispatchThread::pumpOneEventForFilters@20 (line 190)
  0x0000019007c5f45c: 009d 9fff 

  0x0000019007c5f460: ;   {post_call_nop}
  0x0000019007c5f460: 0f1f 8400 | 5875 00b5 | e906 c6ff | ff49 8bd3 | 4c8d 8424 | d800 0000 

  0x0000019007c5f478: ;   {runtime_call C2 Runtime complete_monitor_locking}
  0x0000019007c5f478: 6666 90e8 

  0x0000019007c5f47c: ; ImmutableOopMap {[32]=Oop [40]=Oop [48]=NarrowOop [52]=NarrowOop [56]=Oop [64]=Oop [72]=NarrowOop [76]=NarrowOop [80]=Oop [88]=Oop [96]=Oop [104]=Oop [112]=NarrowOop [116]=NarrowOop [120]=Oop [128]=Oop [136]=NarrowOop [144]=Oop }
                      ;*monitorenter {reexecute=0 rethrow=0 return_oop=0}
                      ; - sun.awt.AWTAutoShutdown::notifyThreadBusy@18 (line 171)
                      ; - java.awt.EventQueue::postEvent@102 (line 339)
                      ; - java.awt.EventQueue::postEventPrivate@76 (line 288)
                      ; - java.awt.EventQueue::postEvent@9 (line 260)
                      ; - sun.awt.PostEventQueue::flush@87 (line 2068)
                      ; - sun.awt.SunToolkit::flushPendingEvents@15 (line 503)
                      ; - java.awt.EventQueue::postEvent@4 (line 259)
                      ; - sun.awt.PostEventQueue::flush@87 (line 2068)
                      ; - sun.awt.SunToolkit::flushPendingEvents@15 (line 503)
                      ; - java.awt.EventQueue::getNextEvent@4 (line 544)
                      ; - java.awt.EventDispatchThread::pumpOneEventForFilters@20 (line 190)
  0x0000019007c5f47c: e09c 9fff 

  0x0000019007c5f480: ;   {post_call_nop}
  0x0000019007c5f480: 0f1f 8400 | 7875 00b6 | e98f c6ff | ffba deff | ffff 488b | 6c24 2848 | 8944 24f8 | 8b44 2430 
  0x0000019007c5f4a0: 8944 2424 | 488b 4424 | f848 ff74 | 2438 488f | 4424 2848 | 8944 24f8 | 8b44 2434 | 8944 2430 
  0x0000019007c5f4c0: 488b 4424 | f848 8944 | 24f8 8b44 | 2448 8944 | 2434 488b | 4424 f848 | ff74 2458 | 488f 4424 
  0x0000019007c5f4e0: 5048 ff74 | 2460 488f | 4424 5848 | ff74 2468 | 488f 4424 | 6048 8944 | 24f8 8b84 | 2488 0000 
  0x0000019007c5f500: 0089 4424 | 6c48 8b44 | 24f8 4489 

  0x0000019007c5f50c: ;   {runtime_call UncommonTrapBlob}
  0x0000019007c5f50c: 4c24 78e8 

  0x0000019007c5f510: ; ImmutableOopMap {rbp=Oop [36]=NarrowOop [40]=Oop [48]=NarrowOop [52]=NarrowOop [64]=Oop [76]=NarrowOop [80]=Oop [88]=Oop [96]=Oop [108]=NarrowOop [112]=NarrowOop [116]=NarrowOop [120]=NarrowOop }
                      ;*invokeinterface add {reexecute=0 rethrow=0 return_oop=0}
                      ; - sun.awt.AWTAutoShutdown::notifyThreadBusy@57 (line 178)
                      ; - java.awt.EventQueue::postEvent@102 (line 339)
                      ; - java.awt.EventQueue::postEventPrivate@76 (line 288)
                      ; - java.awt.EventQueue::postEvent@9 (line 260)
                      ; - sun.awt.PostEventQueue::flush@87 (line 2068)
                      ; - sun.awt.SunToolkit::flushPendingEvents@15 (line 503)
                      ; - java.awt.EventQueue::postEvent@4 (line 259)
                      ; - sun.awt.PostEventQueue::flush@87 (line 2068)
                      ; - sun.awt.SunToolkit::flushPendingEvents@15 (line 503)
                      ; - java.awt.EventQueue::getNextEvent@4 (line 544)
                      ; - java.awt.EventDispatchThread::pumpOneEventForFilters@20 (line 190)
  0x0000019007c5f510: 4c06 9fff 

  0x0000019007c5f514: ;   {post_call_nop}
  0x0000019007c5f514: 0f1f 8400 | 0c76 00b7 | 498b cb48 | 8d94 24d8 | 0000 004d 

  0x0000019007c5f528: ;   {runtime_call}
  0x0000019007c5f528: 8bc7 49ba | 80a3 879d | f97f 0000 

  0x0000019007c5f534: ;   {post_call_nop}
  0x0000019007c5f534: 41ff d20f | 1f84 0000 | 0000 00e9 | 20c7 ffff | 498b cb48 | 8d94 24d0 | 0000 004d 

  0x0000019007c5f550: ;   {runtime_call}
  0x0000019007c5f550: 8bc7 49ba | 80a3 879d | f97f 0000 

  0x0000019007c5f55c: ;   {post_call_nop}
  0x0000019007c5f55c: 41ff d20f | 1f84 0000 | 0000 00e9 | 98c7 ffff | bade ffff | ff48 ff74 | 2428 488f | 4424 2048 
  0x0000019007c5f57c: 8944 24f8 | 8b44 2430 | 8944 242c | 488b 4424 | f848 8944 | 24f8 8b44 | 2434 8944 | 2430 488b 
  0x0000019007c5f59c: 4424 f848 | 8944 24f8 | 8b44 2448 | 8944 2434 | 488b 4424 

  0x0000019007c5f5b0: ;   {runtime_call UncommonTrapBlob}
  0x0000019007c5f5b0: f866 90e8 

  0x0000019007c5f5b4: ; ImmutableOopMap {rbp=NarrowOop [32]=Oop [44]=NarrowOop [48]=NarrowOop [52]=NarrowOop [56]=Oop [64]=Oop [76]=NarrowOop [88]=Oop [96]=Oop [104]=Oop }
                      ;*invokeinterface signalAll {reexecute=0 rethrow=0 return_oop=0}
                      ; - java.awt.EventQueue::postEvent@109 (line 341)
                      ; - java.awt.EventQueue::postEventPrivate@76 (line 288)
                      ; - java.awt.EventQueue::postEvent@9 (line 260)
                      ; - sun.awt.PostEventQueue::flush@87 (line 2068)
                      ; - sun.awt.SunToolkit::flushPendingEvents@15 (line 503)
                      ; - java.awt.EventQueue::postEvent@4 (line 259)
                      ; - sun.awt.PostEventQueue::flush@87 (line 2068)
                      ; - sun.awt.SunToolkit::flushPendingEvents@15 (line 503)
                      ; - java.awt.EventQueue::getNextEvent@4 (line 544)
                      ; - java.awt.EventDispatchThread::pumpOneEventForFilters@20 (line 190)
  0x0000019007c5f5b4: a805 9fff 

  0x0000019007c5f5b8: ;   {post_call_nop}
  0x0000019007c5f5b8: 0f1f 8400 | b076 00b8 | bade ffff | ff48 ff74 | 2428 488f | 4424 2048 | 8944 24f8 | 8b44 2430 
  0x0000019007c5f5d8: 8944 242c | 488b 4424 | f848 8944 | 24f8 8b44 | 2434 8944 | 2430 488b | 4424 f848 | 8944 24f8 
  0x0000019007c5f5f8: 8b44 2448 | 8944 2434 | 488b 4424 | f848 8944 | 24f8 8b44 | 244c 8944 | 2448 488b | 4424 f844 
  0x0000019007c5f618: 8944 244c 

  0x0000019007c5f61c: ;   {runtime_call UncommonTrapBlob}
  0x0000019007c5f61c: 6666 90e8 

  0x0000019007c5f620: ; ImmutableOopMap {rbp=NarrowOop [32]=Oop [44]=NarrowOop [48]=NarrowOop [52]=NarrowOop [56]=Oop [64]=Oop [72]=NarrowOop [76]=NarrowOop [88]=Oop [96]=Oop [104]=Oop [112]=Oop }
                      ;*invokevirtual isHeldExclusively {reexecute=0 rethrow=0 return_oop=0}
                      ; - java.util.concurrent.locks.AbstractQueuedSynchronizer$ConditionObject::signalAll@9 (line 1590)
                      ; - java.awt.EventQueue::postEvent@109 (line 341)
                      ; - java.awt.EventQueue::postEventPrivate@76 (line 288)
                      ; - java.awt.EventQueue::postEvent@9 (line 260)
                      ; - sun.awt.PostEventQueue::flush@87 (line 2068)
                      ; - sun.awt.SunToolkit::flushPendingEvents@15 (line 503)
                      ; - java.awt.EventQueue::postEvent@4 (line 259)
                      ; - sun.awt.PostEventQueue::flush@87 (line 2068)
                      ; - sun.awt.SunToolkit::flushPendingEvents@15 (line 503)
                      ; - java.awt.EventQueue::getNextEvent@4 (line 544)
                      ; - java.awt.EventDispatchThread::pumpOneEventForFilters@20 (line 190)
  0x0000019007c5f620: 3c05 9fff 

  0x0000019007c5f624: ;   {post_call_nop}
  0x0000019007c5f624: 0f1f 8400 | 1c77 00b9 | bae4 ffff | ff48 8b6c | 2428 4889 | 4424 f88b | 4424 3089 | 4424 2448 
  0x0000019007c5f644: 8b44 24f8 | 48ff 7424 | 3848 8f44 | 2428 48ff | 7424 6048 | 8f44 2438 | 4c89 5c24 

  0x0000019007c5f660: ;   {runtime_call UncommonTrapBlob}
  0x0000019007c5f660: 6066 90e8 

  0x0000019007c5f664: ; ImmutableOopMap {rbp=Oop [36]=NarrowOop [40]=Oop [52]=NarrowOop [56]=Oop [64]=Oop [72]=NarrowOop [96]=Oop [104]=Oop }
                      ;*aastore {reexecute=1 rethrow=0 return_oop=0}
                      ; - (reexecute) java.awt.EventQueue::cacheEQItem@58 (line 475)
                      ; - java.awt.EventQueue::postEvent@21 (line 329)
                      ; - java.awt.EventQueue::postEventPrivate@76 (line 288)
                      ; - java.awt.EventQueue::postEvent@9 (line 260)
                      ; - sun.awt.PostEventQueue::flush@87 (line 2068)
                      ; - sun.awt.SunToolkit::flushPendingEvents@15 (line 503)
                      ; - java.awt.EventQueue::getNextEvent@4 (line 544)
                      ; - java.awt.EventDispatchThread::pumpOneEventForFilters@20 (line 190)
  0x0000019007c5f664: f804 9fff 

  0x0000019007c5f668: ;   {post_call_nop}
  0x0000019007c5f668: 0f1f 8400 | 6077 00ba | ba45 ffff | ff48 ff74 | 2428 488f | 4424 2048 | 8944 24f8 | 8b44 2430 
  0x0000019007c5f688: 8944 242c | 488b 4424 | f848 ff74 | 2448 488f 

  0x0000019007c5f698: ;   {runtime_call UncommonTrapBlob}
  0x0000019007c5f698: 4424 30e8 

  0x0000019007c5f69c: ; ImmutableOopMap {[32]=Oop [44]=NarrowOop [48]=Oop [80]=Oop }
                      ;*ifeq {reexecute=1 rethrow=0 return_oop=0}
                      ; - (reexecute) java.util.concurrent.locks.AbstractQueuedSynchronizer$ConditionNode::isReleasable@14 (line 516)
                      ; - java.util.concurrent.locks.AbstractQueuedSynchronizer$ConditionNode::block@1 (line 520)
                      ; - java.util.concurrent.ForkJoinPool::unmanagedBlock@15 (line 4364)
                      ; - java.util.concurrent.ForkJoinPool::managedBlock@32 (line 4310)
                      ; - java.util.concurrent.locks.AbstractQueuedSynchronizer$ConditionObject::await@107 (line 1752)
                      ; - java.awt.EventQueue::getNextEvent@52 (line 552)
                      ; - java.awt.EventDispatchThread::pumpOneEventForFilters@20 (line 190)
  0x0000019007c5f69c: c004 9fff 

  0x0000019007c5f6a0: ;   {post_call_nop}
  0x0000019007c5f6a0: 0f1f 8400 | 9877 00bb | 8be8 ba45 | ffff ff48 | ff74 2428 | 488f 4424 | 2048 8944 | 24f8 8b44 
  0x0000019007c5f6c0: 2430 8944 | 242c 488b | 4424 f848 | ff74 2438 | 488f 4424 

  0x0000019007c5f6d4: ;   {runtime_call UncommonTrapBlob}
  0x0000019007c5f6d4: 3066 90e8 

  0x0000019007c5f6d8: ; ImmutableOopMap {[32]=Oop [44]=NarrowOop [48]=Oop [64]=Oop [72]=NarrowOop [96]=Oop }
                      ;*ifeq {reexecute=1 rethrow=0 return_oop=0}
                      ; - (reexecute) java.awt.EventQueue::postEvent@6 (line 323)
                      ; - java.awt.EventQueue::postEventPrivate@76 (line 288)
                      ; - java.awt.EventQueue::postEvent@9 (line 260)
                      ; - sun.awt.PostEventQueue::flush@87 (line 2068)
                      ; - sun.awt.SunToolkit::flushPendingEvents@15 (line 503)
                      ; - java.awt.EventQueue::getNextEvent@4 (line 544)
                      ; - java.awt.EventDispatchThread::pumpOneEventForFilters@20 (line 190)
  0x0000019007c5f6d8: 8404 9fff 

  0x0000019007c5f6dc: ;   {post_call_nop}
  0x0000019007c5f6dc: 0f1f 8400 | d477 00bc | 498b cb48 | 8d94 24d0 | 0000 004d 

  0x0000019007c5f6f0: ;   {runtime_call}
  0x0000019007c5f6f0: 8bc7 49ba | 80a3 879d | f97f 0000 

  0x0000019007c5f6fc: ;   {post_call_nop}
  0x0000019007c5f6fc: 41ff d20f | 1f84 0000 | 0000 00e9 | 619f ffff | bade ffff | ff48 ff74 | 2428 488f | 4424 2048 
  0x0000019007c5f71c: 8944 24f8 | 8b44 2430 | 8944 242c | 488b 4424 | f848 8944 | 24f8 8b44 | 2434 8944 | 2430 488b 
  0x0000019007c5f73c: 4424 f848 | 8944 24f8 | 8b44 2448 | 8944 2434 | 488b 4424 | f848 8944 | 24f8 8b84 | 2488 0000 
  0x0000019007c5f75c: 0089 4424 | 7848 8b44 

  0x0000019007c5f764: ;   {runtime_call UncommonTrapBlob}
  0x0000019007c5f764: 24f8 90e8 

  0x0000019007c5f768: ; ImmutableOopMap {rbp=NarrowOop [32]=Oop [44]=NarrowOop [48]=NarrowOop [52]=NarrowOop [56]=Oop [64]=Oop [76]=NarrowOop [88]=Oop [96]=Oop [104]=Oop [112]=NarrowOop [116]=NarrowOop [120]=NarrowOop }
                      ;*invokeinterface isEmpty {reexecute=0 rethrow=0 return_oop=0}
                      ; - sun.awt.AWTAutoShutdown::isReadyToShutdown@11 (line 236)
                      ; - sun.awt.AWTAutoShutdown::notifyThreadBusy@34 (line 174)
                      ; - java.awt.EventQueue::postEvent@102 (line 339)
                      ; - java.awt.EventQueue::postEventPrivate@76 (line 288)
                      ; - java.awt.EventQueue::postEvent@9 (line 260)
                      ; - sun.awt.PostEventQueue::flush@87 (line 2068)
                      ; - sun.awt.SunToolkit::flushPendingEvents@15 (line 503)
                      ; - java.awt.EventQueue::postEvent@4 (line 259)
                      ; - sun.awt.PostEventQueue::flush@87 (line 2068)
                      ; - sun.awt.SunToolkit::flushPendingEvents@15 (line 503)
                      ; - java.awt.EventQueue::getNextEvent@4 (line 544)
                      ; - java.awt.EventDispatchThread::pumpOneEventForFilters@20 (line 190)
  0x0000019007c5f768: f403 9fff 

  0x0000019007c5f76c: ;   {post_call_nop}
  0x0000019007c5f76c: 0f1f 8400 | 6478 00bd | 498b cb48 | 8d94 24d0 | 0000 004d 

  0x0000019007c5f780: ;   {runtime_call}
  0x0000019007c5f780: 8bc7 49ba | 80a3 879d | f97f 0000 

  0x0000019007c5f78c: ;   {post_call_nop}
  0x0000019007c5f78c: 41ff d20f | 1f84 0000 | 0000 00e9 | a692 ffff | 488d 9424 | d000 0000 

  0x0000019007c5f7a4: ;   {runtime_call}
  0x0000019007c5f7a4: 4d8b c749 | ba80 a387 | 9df9 7f00 | 0041 ffd2 

  0x0000019007c5f7b4: ;   {post_call_nop}
  0x0000019007c5f7b4: 0f1f 8400 | 0000 0000 | e9da acff | ff49 8bd3 | 4c8d 8424 | d000 0000 

  0x0000019007c5f7cc: ;   {runtime_call C2 Runtime complete_monitor_locking}
  0x0000019007c5f7cc: 6666 90e8 

  0x0000019007c5f7d0: ; ImmutableOopMap {[32]=Oop [40]=Oop [48]=NarrowOop [52]=NarrowOop [56]=Oop [64]=Oop [72]=NarrowOop [80]=Oop [88]=Oop [96]=Oop }
                      ;*monitorenter {reexecute=0 rethrow=0 return_oop=0}
                      ; - sun.awt.PostEventQueue::flush@101 (line 2074)
                      ; - sun.awt.SunToolkit::flushPendingEvents@15 (line 503)
                      ; - java.awt.EventQueue::postEvent@4 (line 259)
                      ; - sun.awt.PostEventQueue::flush@87 (line 2068)
                      ; - sun.awt.SunToolkit::flushPendingEvents@15 (line 503)
                      ; - java.awt.EventQueue::getNextEvent@4 (line 544)
                      ; - java.awt.EventDispatchThread::pumpOneEventForFilters@20 (line 190)
  0x0000019007c5f7d0: 8c99 9fff 

  0x0000019007c5f7d4: ;   {post_call_nop}
  0x0000019007c5f7d4: 0f1f 8400 | cc78 00be | e9d0 b6ff | ffba 45ff | ffff 48ff | 7424 2848 | 8f44 2420 | 4889 4424 
  0x0000019007c5f7f4: f88b 4424 | 3089 4424 | 2c48 8b44 | 24f8 4889 | 4424 f88b | 4424 4889 | 4424 3048 | 8b44 24f8 
  0x0000019007c5f814: ;   {runtime_call UncommonTrapBlob}
  0x0000019007c5f814: 6666 90e8 

  0x0000019007c5f818: ; ImmutableOopMap {rbp=NarrowOop [32]=Oop [44]=NarrowOop [48]=NarrowOop [52]=NarrowOop [56]=Oop [64]=Oop [76]=NarrowOop [88]=Oop [96]=Oop [104]=Oop [112]=NarrowOop }
                      ;*ifnull {reexecute=1 rethrow=0 return_oop=0}
                      ; - (reexecute) java.awt.EventQueue::postEventPrivate@18 (line 276)
                      ; - java.awt.EventQueue::postEvent@9 (line 260)
                      ; - sun.awt.PostEventQueue::flush@87 (line 2068)
                      ; - sun.awt.SunToolkit::flushPendingEvents@15 (line 503)
                      ; - java.awt.EventQueue::postEvent@4 (line 259)
                      ; - sun.awt.PostEventQueue::flush@87 (line 2068)
                      ; - sun.awt.SunToolkit::flushPendingEvents@15 (line 503)
                      ; - java.awt.EventQueue::getNextEvent@4 (line 544)
                      ; - java.awt.EventDispatchThread::pumpOneEventForFilters@20 (line 190)
  0x0000019007c5f818: 4403 9fff 

  0x0000019007c5f81c: ;   {post_call_nop}
  0x0000019007c5f81c: 0f1f 8400 | 1479 00bf | ba45 ffff | ff48 ff74 | 2428 488f | 4424 2048 | 8944 24f8 | 8b44 2430 
  0x0000019007c5f83c: 8944 242c | 488b 4424 | f848 8944 | 24f8 8b44 | 2448 8944 | 2430 488b 

  0x0000019007c5f854: ;   {runtime_call UncommonTrapBlob}
  0x0000019007c5f854: 4424 f8e8 

  0x0000019007c5f858: ; ImmutableOopMap {rbp=NarrowOop [32]=Oop [44]=NarrowOop [48]=NarrowOop [52]=NarrowOop [56]=Oop [64]=Oop [76]=NarrowOop [88]=Oop [96]=Oop [104]=Oop [112]=NarrowOop }
                      ;*ifnonnull {reexecute=1 rethrow=0 return_oop=0}
                      ; - (reexecute) java.awt.EventQueue::postEventPrivate@43 (line 281)
                      ; - java.awt.EventQueue::postEvent@9 (line 260)
                      ; - sun.awt.PostEventQueue::flush@87 (line 2068)
                      ; - sun.awt.SunToolkit::flushPendingEvents@15 (line 503)
                      ; - java.awt.EventQueue::postEvent@4 (line 259)
                      ; - sun.awt.PostEventQueue::flush@87 (line 2068)
                      ; - sun.awt.SunToolkit::flushPendingEvents@15 (line 503)
                      ; - java.awt.EventQueue::getNextEvent@4 (line 544)
                      ; - java.awt.EventDispatchThread::pumpOneEventForFilters@20 (line 190)
  0x0000019007c5f858: 0403 9fff 

  0x0000019007c5f85c: ;   {post_call_nop}
  0x0000019007c5f85c: 0f1f 8400 | 5479 00c0 | ba45 ffff | ff48 ff74 | 2428 488f | 4424 2048 | 8944 24f8 | 8b44 2430 
  0x0000019007c5f87c: 8944 242c | 488b 4424 | f848 8944 | 24f8 8b44 | 2448 8944 | 2430 488b 

  0x0000019007c5f894: ;   {runtime_call UncommonTrapBlob}
  0x0000019007c5f894: 4424 f8e8 

  0x0000019007c5f898: ; ImmutableOopMap {[32]=Oop [44]=NarrowOop [48]=NarrowOop [52]=NarrowOop [56]=Oop [64]=Oop [76]=NarrowOop [88]=Oop [96]=Oop [104]=Oop [112]=NarrowOop [136]=Oop }
                      ;*if_icmpne {reexecute=1 rethrow=0 return_oop=0}
                      ; - (reexecute) java.awt.EventQueue::postEvent@32 (line 331)
                      ; - java.awt.EventQueue::postEventPrivate@76 (line 288)
                      ; - java.awt.EventQueue::postEvent@9 (line 260)
                      ; - sun.awt.PostEventQueue::flush@87 (line 2068)
                      ; - sun.awt.SunToolkit::flushPendingEvents@15 (line 503)
                      ; - java.awt.EventQueue::postEvent@4 (line 259)
                      ; - sun.awt.PostEventQueue::flush@87 (line 2068)
                      ; - sun.awt.SunToolkit::flushPendingEvents@15 (line 503)
                      ; - java.awt.EventQueue::getNextEvent@4 (line 544)
                      ; - java.awt.EventDispatchThread::pumpOneEventForFilters@20 (line 190)
  0x0000019007c5f898: c402 9fff 

  0x0000019007c5f89c: ;   {post_call_nop}
  0x0000019007c5f89c: 0f1f 8400 | 9479 00c1 | ba45 ffff | ff48 ff74 | 2428 488f | 4424 2048 | 8944 24f8 | 8b44 2430 
  0x0000019007c5f8bc: 8944 242c | 488b 4424 | f848 8944 | 24f8 8b44 | 2448 8944 | 2430 488b | 4424 f848 | ff74 2458 
  0x0000019007c5f8dc: 488f 4424 | 4844 8954 

  0x0000019007c5f8e4: ;   {runtime_call UncommonTrapBlob}
  0x0000019007c5f8e4: 2470 90e8 

  0x0000019007c5f8e8: ; ImmutableOopMap {rbp=NarrowOop [32]=Oop [44]=NarrowOop [48]=NarrowOop [52]=NarrowOop [56]=Oop [64]=Oop [72]=Oop [96]=Oop [104]=Oop [112]=NarrowOop }
                      ;*if_acmpeq {reexecute=1 rethrow=0 return_oop=0}
                      ; - (reexecute) java.util.concurrent.locks.ReentrantLock$Sync::tryRelease@14 (line 175)
                      ; - java.util.concurrent.locks.AbstractQueuedSynchronizer::release@2 (line 1099)
                      ; - java.util.concurrent.locks.ReentrantLock::unlock@5 (line 495)
                      ; - java.awt.EventQueue::postEventPrivate@83 (line 290)
                      ; - java.awt.EventQueue::postEvent@9 (line 260)
                      ; - sun.awt.PostEventQueue::flush@87 (line 2068)
                      ; - sun.awt.SunToolkit::flushPendingEvents@15 (line 503)
                      ; - java.awt.EventQueue::postEvent@4 (line 259)
                      ; - sun.awt.PostEventQueue::flush@87 (line 2068)
                      ; - sun.awt.SunToolkit::flushPendingEvents@15 (line 503)
                      ; - java.awt.EventQueue::getNextEvent@4 (line 544)
                      ; - java.awt.EventDispatchThread::pumpOneEventForFilters@20 (line 190)
  0x0000019007c5f8e8: 7402 9fff 

  0x0000019007c5f8ec: ;   {post_call_nop}
  0x0000019007c5f8ec: 0f1f 8400 | e479 00c2 | 488b ce48 | 8d94 24d0 | 0000 004d 

  0x0000019007c5f900: ;   {runtime_call}
  0x0000019007c5f900: 8bc7 49ba | 80a3 879d | f97f 0000 

  0x0000019007c5f90c: ;   {post_call_nop}
  0x0000019007c5f90c: 41ff d20f | 1f84 0000 | 0000 00e9 | 7a8e ffff | 488b 5424 | 384c 8d84 | 24d0 0000 

  0x0000019007c5f928: ;   {runtime_call C2 Runtime complete_monitor_locking}
  0x0000019007c5f928: 0066 90e8 

  0x0000019007c5f92c: ; ImmutableOopMap {[32]=Oop [40]=Oop [48]=NarrowOop [56]=Oop [96]=Oop }
                      ;*monitorenter {reexecute=0 rethrow=0 return_oop=0}
                      ; - sun.awt.PostEventQueue::flush@101 (line 2074)
                      ; - sun.awt.SunToolkit::flushPendingEvents@15 (line 503)
                      ; - java.awt.EventQueue::getNextEvent@4 (line 544)
                      ; - java.awt.EventDispatchThread::pumpOneEventForFilters@20 (line 190)
  0x0000019007c5f92c: 3098 9fff 

  0x0000019007c5f930: ;   {post_call_nop}
  0x0000019007c5f930: 0f1f 8400 | 287a 00c3 | e92e baff | ffba 45ff | ffff 48ff | 7424 2848 | 8f44 2420 | 4889 4424 
  0x0000019007c5f950: f88b 4424 | 3089 4424 | 2c48 8b44 | 24f8 4889 | 4424 f88b | 4424 4889 | 4424 3048 | 8b44 24f8 
  0x0000019007c5f970: 48ff 7424 | 5848 8f44 | 2448 4c89 | 5424 7844 | 895c 2474 

  0x0000019007c5f984: ;   {runtime_call UncommonTrapBlob}
  0x0000019007c5f984: 6666 90e8 

  0x0000019007c5f988: ; ImmutableOopMap {rbp=NarrowOop [32]=Oop [44]=NarrowOop [48]=NarrowOop [52]=NarrowOop [56]=Oop [64]=Oop [72]=Oop [96]=Oop [104]=Oop [112]=NarrowOop [116]=NarrowOop [120]=Oop }
                      ;*if_acmpne {reexecute=1 rethrow=0 return_oop=0}
                      ; - (reexecute) java.util.concurrent.locks.ReentrantLock$Sync::isHeldExclusively@7 (line 187)
                      ; - java.util.concurrent.locks.AbstractQueuedSynchronizer$ConditionObject::signalAll@9 (line 1590)
                      ; - java.awt.EventQueue::postEvent@109 (line 341)
                      ; - java.awt.EventQueue::postEventPrivate@76 (line 288)
                      ; - java.awt.EventQueue::postEvent@9 (line 260)
                      ; - sun.awt.PostEventQueue::flush@87 (line 2068)
                      ; - sun.awt.SunToolkit::flushPendingEvents@15 (line 503)
                      ; - java.awt.EventQueue::postEvent@4 (line 259)
                      ; - sun.awt.PostEventQueue::flush@87 (line 2068)
                      ; - sun.awt.SunToolkit::flushPendingEvents@15 (line 503)
                      ; - java.awt.EventQueue::getNextEvent@4 (line 544)
                      ; - java.awt.EventDispatchThread::pumpOneEventForFilters@20 (line 190)
  0x0000019007c5f988: d401 9fff 

  0x0000019007c5f98c: ;   {post_call_nop}
  0x0000019007c5f98c: 0f1f 8400 | 847a 00c4 | ba45 ffff | ff48 ff74 | 2428 488f | 4424 2048 | 8944 24f8 | 8b44 2430 
  0x0000019007c5f9ac: 8944 242c | 488b 4424 | f848 8944 | 24f8 8b44 | 2448 8944 | 2430 488b | 4424 f848 | ff74 2458 
  0x0000019007c5f9cc: 488f 4424 | 4848 ff74 | 2460 488f | 4424 5848 | ff74 2468 | 488f 4424 | 6048 8944 | 24f8 8b44 
  0x0000019007c5f9ec: 2470 8944 | 2468 488b 

  0x0000019007c5f9f4: ;   {runtime_call UncommonTrapBlob}
  0x0000019007c5f9f4: 4424 f8e8 

  0x0000019007c5f9f8: ; ImmutableOopMap {rbp=NarrowOop [32]=Oop [44]=NarrowOop [48]=NarrowOop [52]=NarrowOop [56]=Oop [64]=Oop [72]=Oop [88]=Oop [96]=Oop [104]=NarrowOop }
                      ;*if_acmpeq {reexecute=1 rethrow=0 return_oop=0}
                      ; - (reexecute) java.awt.EventQueue::postEvent@92 (line 338)
                      ; - java.awt.EventQueue::postEventPrivate@76 (line 288)
                      ; - java.awt.EventQueue::postEvent@9 (line 260)
                      ; - sun.awt.PostEventQueue::flush@87 (line 2068)
                      ; - sun.awt.SunToolkit::flushPendingEvents@15 (line 503)
                      ; - java.awt.EventQueue::postEvent@4 (line 259)
                      ; - sun.awt.PostEventQueue::flush@87 (line 2068)
                      ; - sun.awt.SunToolkit::flushPendingEvents@15 (line 503)
                      ; - java.awt.EventQueue::getNextEvent@4 (line 544)
                      ; - java.awt.EventDispatchThread::pumpOneEventForFilters@20 (line 190)
  0x0000019007c5f9f8: 6401 9fff 

  0x0000019007c5f9fc: ;   {post_call_nop}
  0x0000019007c5f9fc: 0f1f 8400 | f47a 00c5 | ba45 ffff | ff48 8b6c | 2428 4889 | 4424 f88b | 4424 3089 | 4424 2448 
  0x0000019007c5fa1c: 8b44 24f8 | 48ff 7424 | 3848 8f44 | 2428 4889 | 4424 f88b | 4424 4889 | 4424 3048 | 8b44 24f8 
  0x0000019007c5fa3c: 48ff 7424 | 5848 8f44 | 2450 48ff | 7424 6048 | 8f44 2458 | 48ff 7424 | 6848 8f44 | 2460 4489 
  0x0000019007c5fa5c: ;   {runtime_call UncommonTrapBlob}
  0x0000019007c5fa5c: 5424 68e8 

  0x0000019007c5fa60: ; ImmutableOopMap {rbp=Oop [36]=NarrowOop [40]=Oop [48]=NarrowOop [52]=NarrowOop [64]=Oop [76]=NarrowOop [80]=Oop [88]=Oop [96]=Oop [104]=NarrowOop [112]=NarrowOop }
                      ;*ifnonnull {reexecute=1 rethrow=0 return_oop=0}
                      ; - (reexecute) sun.awt.AWTAutoShutdown::notifyThreadBusy@1 (line 167)
                      ; - java.awt.EventQueue::postEvent@102 (line 339)
                      ; - java.awt.EventQueue::postEventPrivate@76 (line 288)
                      ; - java.awt.EventQueue::postEvent@9 (line 260)
                      ; - sun.awt.PostEventQueue::flush@87 (line 2068)
                      ; - sun.awt.SunToolkit::flushPendingEvents@15 (line 503)
                      ; - java.awt.EventQueue::postEvent@4 (line 259)
                      ; - sun.awt.PostEventQueue::flush@87 (line 2068)
                      ; - sun.awt.SunToolkit::flushPendingEvents@15 (line 503)
                      ; - java.awt.EventQueue::getNextEvent@4 (line 544)
                      ; - java.awt.EventDispatchThread::pumpOneEventForFilters@20 (line 190)
  0x0000019007c5fa60: fc00 9fff 

  0x0000019007c5fa64: ;   {post_call_nop}
  0x0000019007c5fa64: 0f1f 8400 | 5c7b 00c6 | ba45 ffff | ff48 ff74 | 2428 488f | 4424 2048 | 8944 24f8 | 8b44 2430 
  0x0000019007c5fa84: 8944 242c | 488b 4424 | f848 8944 | 24f8 8b44 | 2448 8944 | 2430 488b | 4424 f848 | 8944 24f8 
  0x0000019007c5faa4: 8b84 2488 | 0000 0089 | 4424 7848 | 8b44 24f8 

  0x0000019007c5fab4: ;   {runtime_call UncommonTrapBlob}
  0x0000019007c5fab4: 6666 90e8 

  0x0000019007c5fab8: ; ImmutableOopMap {rbp=NarrowOop [32]=Oop [44]=NarrowOop [48]=NarrowOop [52]=NarrowOop [56]=Oop [64]=Oop [76]=NarrowOop [88]=Oop [96]=Oop [104]=Oop [112]=NarrowOop [116]=NarrowOop [120]=NarrowOop }
                      ;*ifnonnull {reexecute=1 rethrow=0 return_oop=0}
                      ; - (reexecute) sun.awt.AWTAutoShutdown::notifyThreadBusy@23 (line 172)
                      ; - java.awt.EventQueue::postEvent@102 (line 339)
                      ; - java.awt.EventQueue::postEventPrivate@76 (line 288)
                      ; - java.awt.EventQueue::postEvent@9 (line 260)
                      ; - sun.awt.PostEventQueue::flush@87 (line 2068)
                      ; - sun.awt.SunToolkit::flushPendingEvents@15 (line 503)
                      ; - java.awt.EventQueue::postEvent@4 (line 259)
                      ; - sun.awt.PostEventQueue::flush@87 (line 2068)
                      ; - sun.awt.SunToolkit::flushPendingEvents@15 (line 503)
                      ; - java.awt.EventQueue::getNextEvent@4 (line 544)
                      ; - java.awt.EventDispatchThread::pumpOneEventForFilters@20 (line 190)
  0x0000019007c5fab8: a400 9fff 

  0x0000019007c5fabc: ;   {post_call_nop}
  0x0000019007c5fabc: 0f1f 8400 | b47b 00c7 | ba45 ffff | ff48 ff74 | 2428 488f | 4424 2048 | 8944 24f8 | 8b44 2430 
  0x0000019007c5fadc: 8944 242c | 488b 4424 | f848 8944 | 24f8 8b44 | 2458 8944 | 2440 488b 

  0x0000019007c5faf4: ;   {runtime_call UncommonTrapBlob}
  0x0000019007c5faf4: 4424 f8e8 

  0x0000019007c5faf8: ; ImmutableOopMap {rbp=NarrowOop [32]=Oop [44]=NarrowOop [72]=Oop [80]=Oop }
                      ;*if_acmpeq {reexecute=1 rethrow=0 return_oop=0}
                      ; - (reexecute) java.util.concurrent.locks.AbstractQueuedSynchronizer$ConditionObject::canReacquire@18 (line 1631)
                      ; - java.util.concurrent.locks.AbstractQueuedSynchronizer$ConditionObject::await@44 (line 1743)
                      ; - java.awt.EventQueue::getNextEvent@52 (line 552)
                      ; - java.awt.EventDispatchThread::pumpOneEventForFilters@20 (line 190)
  0x0000019007c5faf8: 6400 9fff 

  0x0000019007c5fafc: ;   {post_call_nop}
  0x0000019007c5fafc: 0f1f 8400 | f47b 00c8 | bae4 ffff | ff48 8b6c | 2428 4889 | 4424 f88b | 4424 3089 | 4424 2448 
  0x0000019007c5fb1c: 8b44 24f8 | 48ff 7424 | 3848 8f44 | 2428 4889 | 4424 f88b | 4424 4889 | 4424 3048 | 8b44 24f8 
  0x0000019007c5fb3c: 48ff 7424 | 5848 8f44 | 2450 48ff | 7424 6048 | 8f44 2458 | 48ff 7424 | 6848 8f44 | 2460 4889 
  0x0000019007c5fb5c: 4424 f88b | 4424 7089 | 4424 4848 | 8b44 24f8 | 4c89 9c24 | 8000 0000 

  0x0000019007c5fb74: ;   {runtime_call UncommonTrapBlob}
  0x0000019007c5fb74: 6666 90e8 

  0x0000019007c5fb78: ; ImmutableOopMap {rbp=Oop [36]=NarrowOop [40]=Oop [48]=NarrowOop [52]=NarrowOop [64]=Oop [72]=NarrowOop [76]=NarrowOop [80]=Oop [88]=Oop [96]=Oop [128]=Oop [136]=Oop }
                      ;*aastore {reexecute=1 rethrow=0 return_oop=0}
                      ; - (reexecute) java.awt.EventQueue::cacheEQItem@58 (line 475)
                      ; - java.awt.EventQueue::postEvent@21 (line 329)
                      ; - java.awt.EventQueue::postEventPrivate@76 (line 288)
                      ; - java.awt.EventQueue::postEvent@9 (line 260)
                      ; - sun.awt.PostEventQueue::flush@87 (line 2068)
                      ; - sun.awt.SunToolkit::flushPendingEvents@15 (line 503)
                      ; - java.awt.EventQueue::postEvent@4 (line 259)
                      ; - sun.awt.PostEventQueue::flush@87 (line 2068)
                      ; - sun.awt.SunToolkit::flushPendingEvents@15 (line 503)
                      ; - java.awt.EventQueue::getNextEvent@4 (line 544)
                      ; - java.awt.EventDispatchThread::pumpOneEventForFilters@20 (line 190)
  0x0000019007c5fb78: e4ff 9eff 

  0x0000019007c5fb7c: ;   {post_call_nop}
  0x0000019007c5fb7c: 0f1f 8400 | 747c 00c9 | 8be8 ba45 | ffff ff48 | ff74 2428 | 488f 4424 | 2048 8944 | 24f8 8b44 
  0x0000019007c5fb9c: 2430 8944 | 242c 488b | 4424 f848 | 8944 24f8 | 8b44 2448 | 8944 2430 | 488b 4424 | f848 ff74 
  0x0000019007c5fbbc: 2458 488f | 4424 4848 | ff74 2460 | 488f 4424 | 5848 ff74 | 2468 488f 

  0x0000019007c5fbd4: ;   {runtime_call UncommonTrapBlob}
  0x0000019007c5fbd4: 4424 60e8 

  0x0000019007c5fbd8: ; ImmutableOopMap {[32]=Oop [44]=NarrowOop [48]=NarrowOop [52]=NarrowOop [56]=Oop [64]=Oop [72]=Oop [88]=Oop [96]=Oop [112]=NarrowOop }
                      ;*ifeq {reexecute=1 rethrow=0 return_oop=0}
                      ; - (reexecute) java.awt.EventQueue::postEvent@6 (line 323)
                      ; - java.awt.EventQueue::postEventPrivate@76 (line 288)
                      ; - java.awt.EventQueue::postEvent@9 (line 260)
                      ; - sun.awt.PostEventQueue::flush@87 (line 2068)
                      ; - sun.awt.SunToolkit::flushPendingEvents@15 (line 503)
                      ; - java.awt.EventQueue::postEvent@4 (line 259)
                      ; - sun.awt.PostEventQueue::flush@87 (line 2068)
                      ; - sun.awt.SunToolkit::flushPendingEvents@15 (line 503)
                      ; - java.awt.EventQueue::getNextEvent@4 (line 544)
                      ; - java.awt.EventDispatchThread::pumpOneEventForFilters@20 (line 190)
  0x0000019007c5fbd8: 84ff 9eff 

  0x0000019007c5fbdc: ;   {post_call_nop}
  0x0000019007c5fbdc: 0f1f 8400 | d47c 00ca | 4489 5424 

  0x0000019007c5fbe8: ;   {metadata('sun/awt/EventQueueItem'[])}
  0x0000019007c5fbe8: 4c48 baf8 | 3713 8a00 | 0000 0041 | b805 0000 

  0x0000019007c5fbf8: ;   {runtime_call C2 Runtime new_array}
  0x0000019007c5fbf8: 0066 90e8 

  0x0000019007c5fbfc: ; ImmutableOopMap {rbp=Oop [32]=Oop [40]=Oop [48]=NarrowOop [52]=NarrowOop [56]=Oop [64]=Oop [72]=NarrowOop [80]=Oop [88]=Oop [96]=Oop [104]=Oop }
                      ;*anewarray {reexecute=0 rethrow=0 return_oop=1}
                      ; - java.awt.EventQueue::cacheEQItem@46 (line 473)
                      ; - java.awt.EventQueue::postEvent@21 (line 329)
                      ; - java.awt.EventQueue::postEventPrivate@76 (line 288)
                      ; - java.awt.EventQueue::postEvent@9 (line 260)
                      ; - sun.awt.PostEventQueue::flush@87 (line 2068)
                      ; - sun.awt.SunToolkit::flushPendingEvents@15 (line 503)
                      ; - java.awt.EventQueue::getNextEvent@4 (line 544)
                      ; - java.awt.EventDispatchThread::pumpOneEventForFilters@20 (line 190)
  0x0000019007c5fbfc: 6058 9fff 

  0x0000019007c5fc00: ;   {post_call_nop}
  0x0000019007c5fc00: 0f1f 8400 | f87c 00cb | 4c8b d8e9 | e2d7 ffff | 498b cb48 | 8d94 24d0 | 0000 004d 

  0x0000019007c5fc1c: ;   {runtime_call}
  0x0000019007c5fc1c: 8bc7 49ba | 80a3 879d | f97f 0000 

  0x0000019007c5fc28: ;   {post_call_nop}
  0x0000019007c5fc28: 41ff d20f | 1f84 0000 | 0000 00e9 | 7db6 ffff | 488b ca48 | 8d94 24d0 | 0000 004d 

  0x0000019007c5fc44: ;   {runtime_call}
  0x0000019007c5fc44: 8bc7 49ba | 80a3 879d | f97f 0000 

  0x0000019007c5fc50: ;   {post_call_nop}
  0x0000019007c5fc50: 41ff d20f | 1f84 0000 | 0000 00e9 | 3bba ffff | 498b d34c | 8d84 24d0 

  0x0000019007c5fc68: ;   {runtime_call C2 Runtime complete_monitor_locking}
  0x0000019007c5fc68: 0000 00e8 

  0x0000019007c5fc6c: ; ImmutableOopMap {[32]=Oop [40]=Oop [48]=NarrowOop [52]=NarrowOop [56]=Oop [64]=Oop [72]=NarrowOop [80]=Oop [88]=Oop [96]=Oop }
                      ;*monitorenter {reexecute=0 rethrow=0 return_oop=0}
                      ; - sun.awt.PostEventQueue::flush@101 (line 2074)
                      ; - sun.awt.SunToolkit::flushPendingEvents@15 (line 503)
                      ; - java.awt.EventQueue::postEvent@4 (line 259)
                      ; - sun.awt.PostEventQueue::flush@87 (line 2068)
                      ; - sun.awt.SunToolkit::flushPendingEvents@15 (line 503)
                      ; - java.awt.EventQueue::getNextEvent@4 (line 544)
                      ; - java.awt.EventDispatchThread::pumpOneEventForFilters@20 (line 190)
  0x0000019007c5fc6c: f094 9fff 

  0x0000019007c5fc70: ;   {post_call_nop}
  0x0000019007c5fc70: 0f1f 8400 | 687d 00cc | e9c6 c1ff | ffba 45ff | ffff 48ff | 7424 2848 | 8f44 2420 | 4889 4424 
  0x0000019007c5fc90: f88b 4424 | 3089 4424 | 2c48 8b44 | 24f8 4889 | 4424 f88b | 4424 3489 | 4424 3048 | 8b44 24f8 
  0x0000019007c5fcb0: 4889 4424 | f88b 4424 | 4889 4424 | 3448 8b44 | 24f8 4489 

  0x0000019007c5fcc4: ;   {runtime_call UncommonTrapBlob}
  0x0000019007c5fcc4: 5424 48e8 

  0x0000019007c5fcc8: ; ImmutableOopMap {rbp=NarrowOop [32]=Oop [44]=NarrowOop [48]=NarrowOop [52]=NarrowOop [56]=Oop [64]=Oop [72]=NarrowOop [88]=Oop [96]=Oop [104]=Oop [112]=NarrowOop }
                      ;*ifnull {reexecute=1 rethrow=0 return_oop=0}
                      ; - (reexecute) java.awt.EventQueue::postEventPrivate@18 (line 276)
                      ; - java.awt.EventQueue::postEvent@9 (line 260)
                      ; - sun.awt.PostEventQueue::flush@87 (line 2068)
                      ; - sun.awt.SunToolkit::flushPendingEvents@15 (line 503)
                      ; - java.awt.EventQueue::postEvent@4 (line 259)
                      ; - sun.awt.PostEventQueue::flush@87 (line 2068)
                      ; - sun.awt.SunToolkit::flushPendingEvents@15 (line 503)
                      ; - java.awt.EventQueue::getNextEvent@4 (line 544)
                      ; - java.awt.EventDispatchThread::pumpOneEventForFilters@20 (line 190)
  0x0000019007c5fcc8: 94fe 9eff 

  0x0000019007c5fccc: ;   {post_call_nop}
  0x0000019007c5fccc: 0f1f 8400 | c47d 00cd | ba45 ffff | ff48 ff74 | 2428 488f | 4424 2048 | 8944 24f8 | 8b44 2430 
  0x0000019007c5fcec: 8944 242c | 488b 4424 | f848 8944 | 24f8 8b44 | 2434 8944 | 2430 488b | 4424 f848 | 8944 24f8 
  0x0000019007c5fd0c: 8b44 2448 | 8944 2434 | 488b 4424 | f844 8954 

  0x0000019007c5fd1c: ;   {runtime_call UncommonTrapBlob}
  0x0000019007c5fd1c: 2448 90e8 

  0x0000019007c5fd20: ; ImmutableOopMap {rbp=NarrowOop [32]=Oop [44]=NarrowOop [48]=NarrowOop [52]=NarrowOop [56]=Oop [64]=Oop [72]=NarrowOop [88]=Oop [96]=Oop [104]=Oop [112]=NarrowOop }
                      ;*ifnonnull {reexecute=1 rethrow=0 return_oop=0}
                      ; - (reexecute) java.awt.EventQueue::postEventPrivate@43 (line 281)
                      ; - java.awt.EventQueue::postEvent@9 (line 260)
                      ; - sun.awt.PostEventQueue::flush@87 (line 2068)
                      ; - sun.awt.SunToolkit::flushPendingEvents@15 (line 503)
                      ; - java.awt.EventQueue::postEvent@4 (line 259)
                      ; - sun.awt.PostEventQueue::flush@87 (line 2068)
                      ; - sun.awt.SunToolkit::flushPendingEvents@15 (line 503)
                      ; - java.awt.EventQueue::getNextEvent@4 (line 544)
                      ; - java.awt.EventDispatchThread::pumpOneEventForFilters@20 (line 190)
  0x0000019007c5fd20: 3cfe 9eff 

  0x0000019007c5fd24: ;   {post_call_nop}
  0x0000019007c5fd24: 0f1f 8400 | 1c7e 00ce | ba45 ffff | ff48 ff74 | 2428 488f | 4424 2048 | 8944 24f8 | 8b44 2430 
  0x0000019007c5fd44: 8944 242c | 488b 4424 | f848 8944 | 24f8 8b44 | 2434 8944 | 2430 488b | 4424 f848 | 8944 24f8 
  0x0000019007c5fd64: 8b44 2448 | 8944 2434 | 488b 4424 

  0x0000019007c5fd70: ;   {runtime_call UncommonTrapBlob}
  0x0000019007c5fd70: f866 90e8 

  0x0000019007c5fd74: ; ImmutableOopMap {[32]=Oop [44]=NarrowOop [48]=NarrowOop [52]=NarrowOop [56]=Oop [64]=Oop [76]=NarrowOop [88]=Oop [96]=Oop [104]=Oop [112]=NarrowOop [136]=Oop }
                      ;*if_icmpne {reexecute=1 rethrow=0 return_oop=0}
                      ; - (reexecute) java.awt.EventQueue::postEvent@32 (line 331)
                      ; - java.awt.EventQueue::postEventPrivate@76 (line 288)
                      ; - java.awt.EventQueue::postEvent@9 (line 260)
                      ; - sun.awt.PostEventQueue::flush@87 (line 2068)
                      ; - sun.awt.SunToolkit::flushPendingEvents@15 (line 503)
                      ; - java.awt.EventQueue::postEvent@4 (line 259)
                      ; - sun.awt.PostEventQueue::flush@87 (line 2068)
                      ; - sun.awt.SunToolkit::flushPendingEvents@15 (line 503)
                      ; - java.awt.EventQueue::getNextEvent@4 (line 544)
                      ; - java.awt.EventDispatchThread::pumpOneEventForFilters@20 (line 190)
  0x0000019007c5fd74: e8fd 9eff 

  0x0000019007c5fd78: ;   {post_call_nop}
  0x0000019007c5fd78: 0f1f 8400 | 707e 00cf | ba45 ffff | ff48 ff74 | 2428 488f | 4424 2048 | 8944 24f8 | 8b44 2430 
  0x0000019007c5fd98: 8944 242c | 488b 4424 | f848 8944 | 24f8 8b44 | 2434 8944 | 2430 488b | 4424 f848 | 8944 24f8 
  0x0000019007c5fdb8: 8b44 2448 | 8944 2434 | 488b 4424 

  0x0000019007c5fdc4: ;   {runtime_call UncommonTrapBlob}
  0x0000019007c5fdc4: f866 90e8 

  0x0000019007c5fdc8: ; ImmutableOopMap {rbp=NarrowOop [32]=Oop [44]=NarrowOop [48]=NarrowOop [52]=NarrowOop [56]=Oop [64]=Oop [76]=NarrowOop [88]=Oop [96]=Oop [104]=Oop }
                      ;*if_acmpeq {reexecute=1 rethrow=0 return_oop=0}
                      ; - (reexecute) java.awt.EventQueue::postEvent@92 (line 338)
                      ; - java.awt.EventQueue::postEventPrivate@76 (line 288)
                      ; - java.awt.EventQueue::postEvent@9 (line 260)
                      ; - sun.awt.PostEventQueue::flush@87 (line 2068)
                      ; - sun.awt.SunToolkit::flushPendingEvents@15 (line 503)
                      ; - java.awt.EventQueue::postEvent@4 (line 259)
                      ; - sun.awt.PostEventQueue::flush@87 (line 2068)
                      ; - sun.awt.SunToolkit::flushPendingEvents@15 (line 503)
                      ; - java.awt.EventQueue::getNextEvent@4 (line 544)
                      ; - java.awt.EventDispatchThread::pumpOneEventForFilters@20 (line 190)
  0x0000019007c5fdc8: 94fd 9eff 

  0x0000019007c5fdcc: ;   {post_call_nop}
  0x0000019007c5fdcc: 0f1f 8400 | c47e 00d0 | ba45 ffff | ff48 8b6c | 2428 4889 | 4424 f88b | 4424 3089 | 4424 2448 
  0x0000019007c5fdec: 8b44 24f8 | 48ff 7424 | 3848 8f44 | 2428 4889 | 4424 f88b | 4424 3489 | 4424 3048 | 8b44 24f8 
  0x0000019007c5fe0c: 4889 4424 | f88b 4424 | 4889 4424 | 3448 8b44 | 24f8 48ff | 7424 5848 | 8f44 2450 | 48ff 7424 
  0x0000019007c5fe2c: 6048 8f44 | 2458 48ff | 7424 6848 | 8f44 2460 | 4489 5c24 

  0x0000019007c5fe40: ;   {runtime_call UncommonTrapBlob}
  0x0000019007c5fe40: 6c66 90e8 

  0x0000019007c5fe44: ; ImmutableOopMap {rbp=Oop [36]=NarrowOop [40]=Oop [48]=NarrowOop [52]=NarrowOop [64]=Oop [76]=NarrowOop [80]=Oop [88]=Oop [96]=Oop [108]=NarrowOop [112]=NarrowOop }
                      ;*ifnonnull {reexecute=1 rethrow=0 return_oop=0}
                      ; - (reexecute) sun.awt.AWTAutoShutdown::notifyThreadBusy@1 (line 167)
                      ; - java.awt.EventQueue::postEvent@102 (line 339)
                      ; - java.awt.EventQueue::postEventPrivate@76 (line 288)
                      ; - java.awt.EventQueue::postEvent@9 (line 260)
                      ; - sun.awt.PostEventQueue::flush@87 (line 2068)
                      ; - sun.awt.SunToolkit::flushPendingEvents@15 (line 503)
                      ; - java.awt.EventQueue::postEvent@4 (line 259)
                      ; - sun.awt.PostEventQueue::flush@87 (line 2068)
                      ; - sun.awt.SunToolkit::flushPendingEvents@15 (line 503)
                      ; - java.awt.EventQueue::getNextEvent@4 (line 544)
                      ; - java.awt.EventDispatchThread::pumpOneEventForFilters@20 (line 190)
  0x0000019007c5fe44: 18fd 9eff 

  0x0000019007c5fe48: ;   {post_call_nop}
  0x0000019007c5fe48: 0f1f 8400 | 407f 00d1 | ba45 ffff | ff48 ff74 | 2428 488f | 4424 2048 | 8944 24f8 | 8b44 2430 
  0x0000019007c5fe68: 8944 242c | 488b 4424 | f848 8944 | 24f8 8b44 | 2434 8944 | 2430 488b | 4424 f848 | 8944 24f8 
  0x0000019007c5fe88: 8b44 2448 | 8944 2434 | 488b 4424 | f848 8944 | 24f8 8b84 | 2488 0000 | 0089 4424 | 7848 8b44 
  0x0000019007c5fea8: ;   {runtime_call UncommonTrapBlob}
  0x0000019007c5fea8: 24f8 90e8 

  0x0000019007c5feac: ; ImmutableOopMap {rbp=NarrowOop [32]=Oop [44]=NarrowOop [48]=NarrowOop [52]=NarrowOop [56]=Oop [64]=Oop [76]=NarrowOop [88]=Oop [96]=Oop [104]=Oop [112]=NarrowOop [116]=NarrowOop [120]=NarrowOop }
                      ;*ifnonnull {reexecute=1 rethrow=0 return_oop=0}
                      ; - (reexecute) sun.awt.AWTAutoShutdown::notifyThreadBusy@23 (line 172)
                      ; - java.awt.EventQueue::postEvent@102 (line 339)
                      ; - java.awt.EventQueue::postEventPrivate@76 (line 288)
                      ; - java.awt.EventQueue::postEvent@9 (line 260)
                      ; - sun.awt.PostEventQueue::flush@87 (line 2068)
                      ; - sun.awt.SunToolkit::flushPendingEvents@15 (line 503)
                      ; - java.awt.EventQueue::postEvent@4 (line 259)
                      ; - sun.awt.PostEventQueue::flush@87 (line 2068)
                      ; - sun.awt.SunToolkit::flushPendingEvents@15 (line 503)
                      ; - java.awt.EventQueue::getNextEvent@4 (line 544)
                      ; - java.awt.EventDispatchThread::pumpOneEventForFilters@20 (line 190)
  0x0000019007c5feac: b0fc 9eff 

  0x0000019007c5feb0: ;   {post_call_nop}
  0x0000019007c5feb0: 0f1f 8400 | a87f 00d2 | ba45 ffff | ff48 8b6c | 2428 4889 | 4424 f88b | 4424 3089 | 4424 2448 
  0x0000019007c5fed0: 8b44 24f8 | 48ff 7424 | 3848 8f44 | 2428 4889 | 4424 f88b | 4424 3489 | 4424 3048 | 8b44 24f8 
  0x0000019007c5fef0: 4889 4424 | f88b 4424 | 4889 4424 | 3448 8b44 | 24f8 48ff | 7424 5848 | 8f44 2450 | 48ff 7424 
  0x0000019007c5ff10: 6048 8f44 | 2458 4889 | 4424 f88b | 4424 4c89 | 4424 4848 | 8b44 24f8 | 8944 244c 

  0x0000019007c5ff2c: ;   {runtime_call UncommonTrapBlob}
  0x0000019007c5ff2c: 6666 90e8 

  0x0000019007c5ff30: ; ImmutableOopMap {rbp=Oop [36]=NarrowOop [40]=Oop [48]=NarrowOop [52]=NarrowOop [64]=Oop [72]=NarrowOop [80]=Oop [88]=Oop [104]=Oop }
                      ;*ifne {reexecute=1 rethrow=0 return_oop=0}
                      ; - (reexecute) java.util.concurrent.locks.AbstractQueuedSynchronizer$ConditionObject::signalAll@12 (line 1590)
                      ; - java.awt.EventQueue::postEvent@109 (line 341)
                      ; - java.awt.EventQueue::postEventPrivate@76 (line 288)
                      ; - java.awt.EventQueue::postEvent@9 (line 260)
                      ; - sun.awt.PostEventQueue::flush@87 (line 2068)
                      ; - sun.awt.SunToolkit::flushPendingEvents@15 (line 503)
                      ; - java.awt.EventQueue::postEvent@4 (line 259)
                      ; - sun.awt.PostEventQueue::flush@87 (line 2068)
                      ; - sun.awt.SunToolkit::flushPendingEvents@15 (line 503)
                      ; - java.awt.EventQueue::getNextEvent@4 (line 544)
                      ; - java.awt.EventDispatchThread::pumpOneEventForFilters@20 (line 190)
  0x0000019007c5ff30: 2cfc 9eff 

  0x0000019007c5ff34: ;   {post_call_nop}
  0x0000019007c5ff34: 0f1f 8400 | 2c80 00d3 | bae4 ffff | ff48 8b6c | 2428 4889 | 4424 f88b | 4424 3089 | 4424 2448 
  0x0000019007c5ff54: 8b44 24f8 | 48ff 7424 | 3848 8f44 | 2428 4889 | 4424 f88b | 4424 3489 | 4424 3048 | 8b44 24f8 
  0x0000019007c5ff74: 4889 4424 | f88b 4424 | 4889 4424 | 3448 8b44 | 24f8 48ff | 7424 5848 | 8f44 2450 | 48ff 7424 
  0x0000019007c5ff94: 6048 8f44 | 2458 48ff | 7424 6848 | 8f44 2460 | 4889 4424 | f88b 4424 | 7089 4424 | 6848 8b44 
  0x0000019007c5ffb4: 24f8 4c89 | 9c24 8000 

  0x0000019007c5ffbc: ;   {runtime_call UncommonTrapBlob}
  0x0000019007c5ffbc: 0000 90e8 

  0x0000019007c5ffc0: ; ImmutableOopMap {rbp=Oop [36]=NarrowOop [40]=Oop [48]=NarrowOop [52]=NarrowOop [64]=Oop [76]=NarrowOop [80]=Oop [88]=Oop [96]=Oop [104]=NarrowOop [128]=Oop [136]=Oop }
                      ;*aastore {reexecute=1 rethrow=0 return_oop=0}
                      ; - (reexecute) java.awt.EventQueue::cacheEQItem@58 (line 475)
                      ; - java.awt.EventQueue::postEvent@21 (line 329)
                      ; - java.awt.EventQueue::postEventPrivate@76 (line 288)
                      ; - java.awt.EventQueue::postEvent@9 (line 260)
                      ; - sun.awt.PostEventQueue::flush@87 (line 2068)
                      ; - sun.awt.SunToolkit::flushPendingEvents@15 (line 503)
                      ; - java.awt.EventQueue::postEvent@4 (line 259)
                      ; - sun.awt.PostEventQueue::flush@87 (line 2068)
                      ; - sun.awt.SunToolkit::flushPendingEvents@15 (line 503)
                      ; - java.awt.EventQueue::getNextEvent@4 (line 544)
                      ; - java.awt.EventDispatchThread::pumpOneEventForFilters@20 (line 190)
  0x0000019007c5ffc0: 9cfb 9eff 

  0x0000019007c5ffc4: ;   {post_call_nop}
  0x0000019007c5ffc4: 0f1f 8400 | bc80 00d4 | 8be8 ba45 | ffff ff48 | ff74 2428 | 488f 4424 | 2048 8944 | 24f8 8b44 
  0x0000019007c5ffe4: 2430 8944 | 242c 488b | 4424 f848 | 8944 24f8 | 8b44 2434 | 8944 2430 | 488b 4424 | f848 8944 
  0x0000019007c60004: 24f8 8b44 | 2448 8944 | 2434 488b 

  0x0000019007c60010: ;   {runtime_call UncommonTrapBlob}
  0x0000019007c60010: 4424 f8e8 

  0x0000019007c60014: ; ImmutableOopMap {[32]=Oop [44]=NarrowOop [48]=NarrowOop [52]=NarrowOop [56]=Oop [64]=Oop [76]=NarrowOop [88]=Oop [96]=Oop [104]=Oop }
                      ;*ifeq {reexecute=1 rethrow=0 return_oop=0}
                      ; - (reexecute) java.awt.EventQueue::postEvent@6 (line 323)
                      ; - java.awt.EventQueue::postEventPrivate@76 (line 288)
                      ; - java.awt.EventQueue::postEvent@9 (line 260)
                      ; - sun.awt.PostEventQueue::flush@87 (line 2068)
                      ; - sun.awt.SunToolkit::flushPendingEvents@15 (line 503)
                      ; - java.awt.EventQueue::postEvent@4 (line 259)
                      ; - sun.awt.PostEventQueue::flush@87 (line 2068)
                      ; - sun.awt.SunToolkit::flushPendingEvents@15 (line 503)
                      ; - java.awt.EventQueue::getNextEvent@4 (line 544)
                      ; - java.awt.EventDispatchThread::pumpOneEventForFilters@20 (line 190)
  0x0000019007c60014: 48fb 9eff 

  0x0000019007c60018: ;   {post_call_nop}
  0x0000019007c60018: 0f1f 8400 | 1081 00d5 | 4489 5424 

  0x0000019007c60024: ;   {metadata('sun/awt/EventQueueItem'[])}
  0x0000019007c60024: 7448 baf8 | 3713 8a00 | 0000 0041 | b805 0000 

  0x0000019007c60034: ;   {runtime_call C2 Runtime new_array}
  0x0000019007c60034: 0066 90e8 

  0x0000019007c60038: ; ImmutableOopMap {rbp=Oop [32]=Oop [40]=Oop [48]=NarrowOop [52]=NarrowOop [56]=Oop [64]=Oop [72]=NarrowOop [76]=NarrowOop [80]=Oop [88]=Oop [96]=Oop [104]=Oop [112]=NarrowOop [120]=Oop [128]=Oop [136]=Oop }
                      ;*anewarray {reexecute=0 rethrow=0 return_oop=1}
                      ; - java.awt.EventQueue::cacheEQItem@46 (line 473)
                      ; - java.awt.EventQueue::postEvent@21 (line 329)
                      ; - java.awt.EventQueue::postEventPrivate@76 (line 288)
                      ; - java.awt.EventQueue::postEvent@9 (line 260)
                      ; - sun.awt.PostEventQueue::flush@87 (line 2068)
                      ; - sun.awt.SunToolkit::flushPendingEvents@15 (line 503)
                      ; - java.awt.EventQueue::postEvent@4 (line 259)
                      ; - sun.awt.PostEventQueue::flush@87 (line 2068)
                      ; - sun.awt.SunToolkit::flushPendingEvents@15 (line 503)
                      ; - java.awt.EventQueue::getNextEvent@4 (line 544)
                      ; - java.awt.EventDispatchThread::pumpOneEventForFilters@20 (line 190)
  0x0000019007c60038: 2454 9fff 

  0x0000019007c6003c: ;   {post_call_nop}
  0x0000019007c6003c: 0f1f 8400 | 3481 00d6 | 4c8b d8e9 | 01d5 ffff | baf6 ffff | ff48 8b6c | 2428 4889 | 4424 f88b 
  0x0000019007c6005c: 4424 3089 | 4424 2448 | 8b44 24f8 | 48ff 7424 | 3848 8f44 | 2428 48ff | 7424 4048 | 8f44 2438 
  0x0000019007c6007c: 4889 4424 | f88b 4424 | 4889 4424 | 4048 8b44 

  0x0000019007c6008c: ;   {runtime_call UncommonTrapBlob}
  0x0000019007c6008c: 24f8 90e8 

  0x0000019007c60090: ; ImmutableOopMap {rbp=Oop [36]=NarrowOop [40]=Oop [56]=Oop [64]=NarrowOop [96]=Oop [104]=Oop }
                      ;*putfield next {reexecute=1 rethrow=0 return_oop=0}
                      ; - (reexecute) java.awt.EventQueue::postEvent@144 (line 348)
                      ; - java.awt.EventQueue::postEventPrivate@76 (line 288)
                      ; - java.awt.EventQueue::postEvent@9 (line 260)
                      ; - sun.awt.PostEventQueue::flush@87 (line 2068)
                      ; - sun.awt.SunToolkit::flushPendingEvents@15 (line 503)
                      ; - java.awt.EventQueue::getNextEvent@4 (line 544)
                      ; - java.awt.EventDispatchThread::pumpOneEventForFilters@20 (line 190)
  0x0000019007c60090: ccfa 9eff 

  0x0000019007c60094: ;   {post_call_nop}
  0x0000019007c60094: 0f1f 8400 | 8c81 00d7 | ba45 ffff | ff48 ff74 | 2428 488f | 4424 2048 | 8944 24f8 | 8b44 2430 
  0x0000019007c600b4: 8944 242c | 488b 4424 | f848 ff74 | 2438 488f | 4424 304c | 8944 2450 | 4489 5424 

  0x0000019007c600d0: ;   {runtime_call UncommonTrapBlob}
  0x0000019007c600d0: 4c66 90e8 

  0x0000019007c600d4: ; ImmutableOopMap {rbp=NarrowOop [32]=Oop [44]=NarrowOop [48]=Oop [64]=Oop [72]=NarrowOop [76]=NarrowOop [80]=Oop [96]=Oop }
                      ;*ifnonnull {reexecute=1 rethrow=0 return_oop=0}
                      ; - (reexecute) java.util.concurrent.locks.AbstractQueuedSynchronizer$ConditionObject::doSignal@15 (line 1550)
                      ; - java.util.concurrent.locks.AbstractQueuedSynchronizer$ConditionObject::signalAll@30 (line 1593)
                      ; - java.awt.EventQueue::postEvent@109 (line 341)
                      ; - java.awt.EventQueue::postEventPrivate@76 (line 288)
                      ; - java.awt.EventQueue::postEvent@9 (line 260)
                      ; - sun.awt.PostEventQueue::flush@87 (line 2068)
                      ; - sun.awt.SunToolkit::flushPendingEvents@15 (line 503)
                      ; - java.awt.EventQueue::getNextEvent@4 (line 544)
                      ; - java.awt.EventDispatchThread::pumpOneEventForFilters@20 (line 190)
  0x0000019007c600d4: 88fa 9eff 

  0x0000019007c600d8: ;   {post_call_nop}
  0x0000019007c600d8: 0f1f 8400 | d081 00d8 | ba45 ffff | ff48 ff74 | 2428 488f | 4424 2048 | 8944 24f8 | 8b44 2430 
  0x0000019007c600f8: 8944 242c | 488b 4424 | f848 ff74 | 2438 488f | 4424 304c | 8944 2450 | 4489 5424 

  0x0000019007c60114: ;   {runtime_call UncommonTrapBlob}
  0x0000019007c60114: 5866 90e8 

  0x0000019007c60118: ; ImmutableOopMap {[32]=Oop [44]=NarrowOop [48]=Oop [64]=Oop [72]=NarrowOop [80]=Oop [88]=NarrowOop [96]=Oop }
                      ;*ifeq {reexecute=1 rethrow=0 return_oop=0}
                      ; - (reexecute) jdk.internal.misc.Unsafe::getAndBitwiseAndInt@21 (line 3249)
                      ; - java.util.concurrent.locks.AbstractQueuedSynchronizer$Node::getAndUnsetStatus@10 (line 482)
                      ; - java.util.concurrent.locks.AbstractQueuedSynchronizer$ConditionObject::doSignal@33 (line 1555)
                      ; - java.util.concurrent.locks.AbstractQueuedSynchronizer$ConditionObject::signalAll@30 (line 1593)
                      ; - java.awt.EventQueue::postEvent@109 (line 341)
                      ; - java.awt.EventQueue::postEventPrivate@76 (line 288)
                      ; - java.awt.EventQueue::postEvent@9 (line 260)
                      ; - sun.awt.PostEventQueue::flush@87 (line 2068)
                      ; - sun.awt.SunToolkit::flushPendingEvents@15 (line 503)
                      ; - java.awt.EventQueue::getNextEvent@4 (line 544)
                      ; - java.awt.EventDispatchThread::pumpOneEventForFilters@20 (line 190)
  0x0000019007c60118: 44fa 9eff 

  0x0000019007c6011c: ;   {post_call_nop}
  0x0000019007c6011c: 0f1f 8400 | 1482 00d9 | ba45 ffff | ff48 8b6c | 2428 4889 | 4424 f88b | 4424 3089 | 4424 2448 
  0x0000019007c6013c: 8b44 24f8 | 48ff 7424 | 3848 8f44 | 2428 48ff | 7424 4048 | 8f44 2438 | 4889 4424 | f88b 4424 
  0x0000019007c6015c: 4889 4424 | 4048 8b44 | 24f8 4c89 | 4424 4889 

  0x0000019007c6016c: ;   {runtime_call UncommonTrapBlob}
  0x0000019007c6016c: 4c24 44e8 

  0x0000019007c60170: ; ImmutableOopMap {rbp=Oop [36]=NarrowOop [40]=Oop [56]=Oop [64]=NarrowOop [72]=Oop [96]=Oop }
                      ;*ifeq {reexecute=1 rethrow=0 return_oop=0}
                      ; - (reexecute) java.util.concurrent.locks.AbstractQueuedSynchronizer$ConditionObject::doSignal@38 (line 1555)
                      ; - java.util.concurrent.locks.AbstractQueuedSynchronizer$ConditionObject::signalAll@30 (line 1593)
                      ; - java.awt.EventQueue::postEvent@109 (line 341)
                      ; - java.awt.EventQueue::postEventPrivate@76 (line 288)
                      ; - java.awt.EventQueue::postEvent@9 (line 260)
                      ; - sun.awt.PostEventQueue::flush@87 (line 2068)
                      ; - sun.awt.SunToolkit::flushPendingEvents@15 (line 503)
                      ; - java.awt.EventQueue::getNextEvent@4 (line 544)
                      ; - java.awt.EventDispatchThread::pumpOneEventForFilters@20 (line 190)
  0x0000019007c60170: ecf9 9eff 

  0x0000019007c60174: ;   {post_call_nop}
  0x0000019007c60174: 0f1f 8400 | 6c82 00da | ba45 ffff | ff48 8b6c | 2428 4889 | 4424 f88b | 4424 3089 | 4424 2448 
  0x0000019007c60194: 8b44 24f8 | 48ff 7424 | 3848 8f44 | 2428 48ff | 7424 4048 | 8f44 2438 | 4889 4424 | f88b 4424 
  0x0000019007c601b4: 4889 4424 | 4048 8b44 | 24f8 4c89 | 4424 4844 | 894c 2444 | 4489 5424 | 5044 895c 

  0x0000019007c601d0: ;   {runtime_call UncommonTrapBlob}
  0x0000019007c601d0: 2458 90e8 

  0x0000019007c601d4: ; ImmutableOopMap {rbp=Oop [36]=NarrowOop [40]=Oop [56]=Oop [64]=NarrowOop [68]=NarrowOop [72]=Oop [80]=NarrowOop [88]=NarrowOop [96]=Oop }
                      ;*ifnonnull {reexecute=1 rethrow=0 return_oop=0}
                      ; - (reexecute) java.util.concurrent.locks.AbstractQueuedSynchronizer::enqueue@12 (line 611)
                      ; - java.util.concurrent.locks.AbstractQueuedSynchronizer$ConditionObject::doSignal@46 (line 1556)
                      ; - java.util.concurrent.locks.AbstractQueuedSynchronizer$ConditionObject::signalAll@30 (line 1593)
                      ; - java.awt.EventQueue::postEvent@109 (line 341)
                      ; - java.awt.EventQueue::postEventPrivate@76 (line 288)
                      ; - java.awt.EventQueue::postEvent@9 (line 260)
                      ; - sun.awt.PostEventQueue::flush@87 (line 2068)
                      ; - sun.awt.SunToolkit::flushPendingEvents@15 (line 503)
                      ; - java.awt.EventQueue::getNextEvent@4 (line 544)
                      ; - java.awt.EventDispatchThread::pumpOneEventForFilters@20 (line 190)
  0x0000019007c601d4: 88f9 9eff 

  0x0000019007c601d8: ;   {post_call_nop}
  0x0000019007c601d8: 0f1f 8400 | d082 00db | ba45 ffff | ff48 ff74 | 2428 488f | 4424 2048 | 8944 24f8 | 8b44 2430 
  0x0000019007c601f8: 8944 242c | 488b 4424 | f848 ff74 | 2438 488f | 4424 304c | 8944 2450 | 4489 4c24 | 4c44 8954 
  0x0000019007c60218: ;   {runtime_call UncommonTrapBlob}
  0x0000019007c60218: 2458 90e8 

  0x0000019007c6021c: ; ImmutableOopMap {[32]=Oop [44]=NarrowOop [48]=Oop [64]=Oop [72]=NarrowOop [76]=NarrowOop [80]=Oop [88]=NarrowOop [96]=Oop }
                      ;*ifeq {reexecute=1 rethrow=0 return_oop=0}
                      ; - (reexecute) java.util.concurrent.locks.AbstractQueuedSynchronizer::enqueue@40 (line 616)
                      ; - java.util.concurrent.locks.AbstractQueuedSynchronizer$ConditionObject::doSignal@46 (line 1556)
                      ; - java.util.concurrent.locks.AbstractQueuedSynchronizer$ConditionObject::signalAll@30 (line 1593)
                      ; - java.awt.EventQueue::postEvent@109 (line 341)
                      ; - java.awt.EventQueue::postEventPrivate@76 (line 288)
                      ; - java.awt.EventQueue::postEvent@9 (line 260)
                      ; - sun.awt.PostEventQueue::flush@87 (line 2068)
                      ; - sun.awt.SunToolkit::flushPendingEvents@15 (line 503)
                      ; - java.awt.EventQueue::getNextEvent@4 (line 544)
                      ; - java.awt.EventDispatchThread::pumpOneEventForFilters@20 (line 190)
  0x0000019007c6021c: 40f9 9eff 

  0x0000019007c60220: ;   {post_call_nop}
  0x0000019007c60220: 0f1f 8400 | 1883 00dc | 4181 fa20 | 0300 000f | 8c33 89ff | ff41 ba01 | 0000 00e9 | 4089 ffff 
  0x0000019007c60240: 4489 5424 

  0x0000019007c60244: ;   {metadata('sun/awt/EventQueueItem'[])}
  0x0000019007c60244: 7448 baf8 | 3713 8a00 | 0000 0041 | b805 0000 

  0x0000019007c60254: ;   {runtime_call C2 Runtime new_array}
  0x0000019007c60254: 0066 90e8 

  0x0000019007c60258: ; ImmutableOopMap {rbp=Oop [32]=Oop [40]=Oop [48]=NarrowOop [52]=NarrowOop [56]=Oop [64]=Oop [72]=NarrowOop [76]=NarrowOop [80]=Oop [88]=Oop [96]=Oop [104]=Oop [112]=NarrowOop [120]=Oop [128]=Oop [136]=Oop }
                      ;*anewarray {reexecute=0 rethrow=0 return_oop=1}
                      ; - java.awt.EventQueue::cacheEQItem@46 (line 473)
                      ; - java.awt.EventQueue::postEvent@21 (line 329)
                      ; - java.awt.EventQueue::postEventPrivate@76 (line 288)
                      ; - java.awt.EventQueue::postEvent@9 (line 260)
                      ; - sun.awt.PostEventQueue::flush@87 (line 2068)
                      ; - sun.awt.SunToolkit::flushPendingEvents@15 (line 503)
                      ; - java.awt.EventQueue::postEvent@4 (line 259)
                      ; - sun.awt.PostEventQueue::flush@87 (line 2068)
                      ; - sun.awt.SunToolkit::flushPendingEvents@15 (line 503)
                      ; - java.awt.EventQueue::getNextEvent@4 (line 544)
                      ; - java.awt.EventDispatchThread::pumpOneEventForFilters@20 (line 190)
  0x0000019007c60258: 0452 9fff 

  0x0000019007c6025c: ;   {post_call_nop}
  0x0000019007c6025c: 0f1f 8400 | 5483 00dd | 4c8b d8e9 | 73d4 ffff | baf6 ffff | ff48 8b6c | 2428 4889 | 4424 f88b 
  0x0000019007c6027c: 4424 3089 | 4424 2448 | 8b44 24f8 | 48ff 7424 | 3848 8f44 | 2428 4889 | 4424 f88b | 4424 4889 
  0x0000019007c6029c: 4424 3048 | 8b44 24f8 | 48ff 7424 | 5848 8f44 | 2448 48ff | 7424 6048 | 8f44 2450 | 48ff 7424 
  0x0000019007c602bc: 6848 8f44 

  0x0000019007c602c0: ;   {runtime_call UncommonTrapBlob}
  0x0000019007c602c0: 2458 90e8 

  0x0000019007c602c4: ; ImmutableOopMap {rbp=Oop [36]=NarrowOop [40]=Oop [48]=NarrowOop [52]=NarrowOop [64]=Oop [72]=Oop [80]=Oop [88]=Oop [112]=NarrowOop [136]=Oop }
                      ;*putfield next {reexecute=1 rethrow=0 return_oop=0}
                      ; - (reexecute) java.awt.EventQueue::postEvent@144 (line 348)
                      ; - java.awt.EventQueue::postEventPrivate@76 (line 288)
                      ; - java.awt.EventQueue::postEvent@9 (line 260)
                      ; - sun.awt.PostEventQueue::flush@87 (line 2068)
                      ; - sun.awt.SunToolkit::flushPendingEvents@15 (line 503)
                      ; - java.awt.EventQueue::postEvent@4 (line 259)
                      ; - sun.awt.PostEventQueue::flush@87 (line 2068)
                      ; - sun.awt.SunToolkit::flushPendingEvents@15 (line 503)
                      ; - java.awt.EventQueue::getNextEvent@4 (line 544)
                      ; - java.awt.EventDispatchThread::pumpOneEventForFilters@20 (line 190)
  0x0000019007c602c4: 98f8 9eff 

  0x0000019007c602c8: ;   {post_call_nop}
  0x0000019007c602c8: 0f1f 8400 | c083 00de | ba45 ffff | ff48 ff74 | 2428 488f | 4424 2048 | 8944 24f8 | 8b44 2430 
  0x0000019007c602e8: 8944 242c | 488b 4424 | f848 8944 | 24f8 8b44 | 2448 8944 | 2430 488b | 4424 f848 | ff74 2458 
  0x0000019007c60308: 488f 4424 | 4848 ff74 | 2460 488f | 4424 5848 | ff74 2468 | 488f 4424 | 6048 8944 | 24f8 8b44 
  0x0000019007c60328: 2470 8944 | 2468 488b | 4424 f84c | 8954 2470 | 4489 5c24 

  0x0000019007c6033c: ;   {runtime_call UncommonTrapBlob}
  0x0000019007c6033c: 6c66 90e8 

  0x0000019007c60340: ; ImmutableOopMap {rbp=NarrowOop [32]=Oop [44]=NarrowOop [48]=NarrowOop [52]=NarrowOop [56]=Oop [64]=Oop [72]=Oop [88]=Oop [96]=Oop [104]=NarrowOop [108]=NarrowOop [112]=Oop }
                      ;*ifnonnull {reexecute=1 rethrow=0 return_oop=0}
                      ; - (reexecute) java.util.concurrent.locks.AbstractQueuedSynchronizer$ConditionObject::doSignal@15 (line 1550)
                      ; - java.util.concurrent.locks.AbstractQueuedSynchronizer$ConditionObject::signalAll@30 (line 1593)
                      ; - java.awt.EventQueue::postEvent@109 (line 341)
                      ; - java.awt.EventQueue::postEventPrivate@76 (line 288)
                      ; - java.awt.EventQueue::postEvent@9 (line 260)
                      ; - sun.awt.PostEventQueue::flush@87 (line 2068)
                      ; - sun.awt.SunToolkit::flushPendingEvents@15 (line 503)
                      ; - java.awt.EventQueue::postEvent@4 (line 259)
                      ; - sun.awt.PostEventQueue::flush@87 (line 2068)
                      ; - sun.awt.SunToolkit::flushPendingEvents@15 (line 503)
                      ; - java.awt.EventQueue::getNextEvent@4 (line 544)
                      ; - java.awt.EventDispatchThread::pumpOneEventForFilters@20 (line 190)
  0x0000019007c60340: 1cf8 9eff 

  0x0000019007c60344: ;   {post_call_nop}
  0x0000019007c60344: 0f1f 8400 | 3c84 00df | ba45 ffff | ff48 ff74 | 2428 488f | 4424 2048 | 8944 24f8 | 8b44 2430 
  0x0000019007c60364: 8944 242c | 488b 4424 | f848 8944 | 24f8 8b44 | 2448 8944 | 2430 488b | 4424 f848 | ff74 2458 
  0x0000019007c60384: 488f 4424 | 4848 ff74 | 2460 488f | 4424 5848 | ff74 2468 | 488f 4424 | 6048 8944 | 24f8 8b44 
  0x0000019007c603a4: 2470 8944 | 2468 488b | 4424 f84c | 8954 2470 | 4489 5c24 

  0x0000019007c603b8: ;   {runtime_call UncommonTrapBlob}
  0x0000019007c603b8: 7866 90e8 

  0x0000019007c603bc: ; ImmutableOopMap {[32]=Oop [44]=NarrowOop [48]=NarrowOop [52]=NarrowOop [56]=Oop [64]=Oop [72]=Oop [88]=Oop [96]=Oop [104]=NarrowOop [112]=Oop [120]=NarrowOop }
                      ;*ifeq {reexecute=1 rethrow=0 return_oop=0}
                      ; - (reexecute) jdk.internal.misc.Unsafe::getAndBitwiseAndInt@21 (line 3249)
                      ; - java.util.concurrent.locks.AbstractQueuedSynchronizer$Node::getAndUnsetStatus@10 (line 482)
                      ; - java.util.concurrent.locks.AbstractQueuedSynchronizer$ConditionObject::doSignal@33 (line 1555)
                      ; - java.util.concurrent.locks.AbstractQueuedSynchronizer$ConditionObject::signalAll@30 (line 1593)
                      ; - java.awt.EventQueue::postEvent@109 (line 341)
                      ; - java.awt.EventQueue::postEventPrivate@76 (line 288)
                      ; - java.awt.EventQueue::postEvent@9 (line 260)
                      ; - sun.awt.PostEventQueue::flush@87 (line 2068)
                      ; - sun.awt.SunToolkit::flushPendingEvents@15 (line 503)
                      ; - java.awt.EventQueue::postEvent@4 (line 259)
                      ; - sun.awt.PostEventQueue::flush@87 (line 2068)
                      ; - sun.awt.SunToolkit::flushPendingEvents@15 (line 503)
                      ; - java.awt.EventQueue::getNextEvent@4 (line 544)
                      ; - java.awt.EventDispatchThread::pumpOneEventForFilters@20 (line 190)
  0x0000019007c603bc: a0f7 9eff 

  0x0000019007c603c0: ;   {post_call_nop}
  0x0000019007c603c0: 0f1f 8400 | b884 00e0 | ba45 ffff | ff48 8b6c | 2428 4889 | 4424 f88b | 4424 3089 | 4424 2448 
  0x0000019007c603e0: 8b44 24f8 | 48ff 7424 | 3848 8f44 | 2428 4889 | 4424 f88b | 4424 4889 | 4424 3048 | 8b44 24f8 
  0x0000019007c60400: 48ff 7424 | 5848 8f44 | 2448 48ff | 7424 6048 | 8f44 2450 | 48ff 7424 | 6848 8f44 | 2458 4c89 
  0x0000019007c60420: 5424 6889 

  0x0000019007c60424: ;   {runtime_call UncommonTrapBlob}
  0x0000019007c60424: 4c24 64e8 

  0x0000019007c60428: ; ImmutableOopMap {rbp=Oop [36]=NarrowOop [40]=Oop [48]=NarrowOop [52]=NarrowOop [64]=Oop [72]=Oop [80]=Oop [88]=Oop [104]=Oop [112]=NarrowOop }
                      ;*ifeq {reexecute=1 rethrow=0 return_oop=0}
                      ; - (reexecute) java.util.concurrent.locks.AbstractQueuedSynchronizer$ConditionObject::doSignal@38 (line 1555)
                      ; - java.util.concurrent.locks.AbstractQueuedSynchronizer$ConditionObject::signalAll@30 (line 1593)
                      ; - java.awt.EventQueue::postEvent@109 (line 341)
                      ; - java.awt.EventQueue::postEventPrivate@76 (line 288)
                      ; - java.awt.EventQueue::postEvent@9 (line 260)
                      ; - sun.awt.PostEventQueue::flush@87 (line 2068)
                      ; - sun.awt.SunToolkit::flushPendingEvents@15 (line 503)
                      ; - java.awt.EventQueue::postEvent@4 (line 259)
                      ; - sun.awt.PostEventQueue::flush@87 (line 2068)
                      ; - sun.awt.SunToolkit::flushPendingEvents@15 (line 503)
                      ; - java.awt.EventQueue::getNextEvent@4 (line 544)
                      ; - java.awt.EventDispatchThread::pumpOneEventForFilters@20 (line 190)
  0x0000019007c60428: 34f7 9eff 

  0x0000019007c6042c: ;   {post_call_nop}
  0x0000019007c6042c: 0f1f 8400 | 2485 00e1 | ba45 ffff | ff48 8b6c | 2428 4889 | 4424 f88b | 4424 3089 | 4424 2448 
  0x0000019007c6044c: 8b44 24f8 | 48ff 7424 | 3848 8f44 | 2428 4889 | 4424 f88b | 4424 4889 | 4424 3048 | 8b44 24f8 
  0x0000019007c6046c: 48ff 7424 | 5848 8f44 | 2448 48ff | 7424 6048 | 8f44 2450 | 48ff 7424 | 6848 8f44 | 2458 4889 
  0x0000019007c6048c: 4424 f88b | 4424 7089 | 4424 6048 | 8b44 24f8 | 4c89 5424 | 6844 8944 | 2464 4489 | 5c24 7044 
  0x0000019007c604ac: 894c 2478 

  0x0000019007c604b0: ;   {runtime_call UncommonTrapBlob}
  0x0000019007c604b0: 6666 90e8 

  0x0000019007c604b4: ; ImmutableOopMap {rbp=Oop [36]=NarrowOop [40]=Oop [48]=NarrowOop [52]=NarrowOop [64]=Oop [72]=Oop [80]=Oop [88]=Oop [96]=NarrowOop [100]=NarrowOop [104]=Oop [112]=NarrowOop [120]=NarrowOop }
                      ;*ifnonnull {reexecute=1 rethrow=0 return_oop=0}
                      ; - (reexecute) java.util.concurrent.locks.AbstractQueuedSynchronizer::enqueue@12 (line 611)
                      ; - java.util.concurrent.locks.AbstractQueuedSynchronizer$ConditionObject::doSignal@46 (line 1556)
                      ; - java.util.concurrent.locks.AbstractQueuedSynchronizer$ConditionObject::signalAll@30 (line 1593)
                      ; - java.awt.EventQueue::postEvent@109 (line 341)
                      ; - java.awt.EventQueue::postEventPrivate@76 (line 288)
                      ; - java.awt.EventQueue::postEvent@9 (line 260)
                      ; - sun.awt.PostEventQueue::flush@87 (line 2068)
                      ; - sun.awt.SunToolkit::flushPendingEvents@15 (line 503)
                      ; - java.awt.EventQueue::postEvent@4 (line 259)
                      ; - sun.awt.PostEventQueue::flush@87 (line 2068)
                      ; - sun.awt.SunToolkit::flushPendingEvents@15 (line 503)
                      ; - java.awt.EventQueue::getNextEvent@4 (line 544)
                      ; - java.awt.EventDispatchThread::pumpOneEventForFilters@20 (line 190)
  0x0000019007c604b4: a8f6 9eff 

  0x0000019007c604b8: ;   {post_call_nop}
  0x0000019007c604b8: 0f1f 8400 | b085 00e2 | ba45 ffff | ff48 ff74 | 2428 488f | 4424 2048 | 8944 24f8 | 8b44 2430 
  0x0000019007c604d8: 8944 242c | 488b 4424 | f848 8944 | 24f8 8b44 | 2448 8944 | 2430 488b | 4424 f848 | ff74 2458 
  0x0000019007c604f8: 488f 4424 | 4848 ff74 | 2460 488f | 4424 5848 | ff74 2468 | 488f 4424 | 6048 8944 | 24f8 8b44 
  0x0000019007c60518: 2470 8944 | 2468 488b | 4424 f84c | 8954 2470 | 4489 4424 | 6c44 895c 

  0x0000019007c60530: ;   {runtime_call UncommonTrapBlob}
  0x0000019007c60530: 2478 90e8 

  0x0000019007c60534: ; ImmutableOopMap {[32]=Oop [44]=NarrowOop [48]=NarrowOop [52]=NarrowOop [56]=Oop [64]=Oop [72]=Oop [88]=Oop [96]=Oop [104]=NarrowOop [108]=NarrowOop [112]=Oop [120]=NarrowOop }
                      ;*ifeq {reexecute=1 rethrow=0 return_oop=0}
                      ; - (reexecute) java.util.concurrent.locks.AbstractQueuedSynchronizer::enqueue@40 (line 616)
                      ; - java.util.concurrent.locks.AbstractQueuedSynchronizer$ConditionObject::doSignal@46 (line 1556)
                      ; - java.util.concurrent.locks.AbstractQueuedSynchronizer$ConditionObject::signalAll@30 (line 1593)
                      ; - java.awt.EventQueue::postEvent@109 (line 341)
                      ; - java.awt.EventQueue::postEventPrivate@76 (line 288)
                      ; - java.awt.EventQueue::postEvent@9 (line 260)
                      ; - sun.awt.PostEventQueue::flush@87 (line 2068)
                      ; - sun.awt.SunToolkit::flushPendingEvents@15 (line 503)
                      ; - java.awt.EventQueue::postEvent@4 (line 259)
                      ; - sun.awt.PostEventQueue::flush@87 (line 2068)
                      ; - sun.awt.SunToolkit::flushPendingEvents@15 (line 503)
                      ; - java.awt.EventQueue::getNextEvent@4 (line 544)
                      ; - java.awt.EventDispatchThread::pumpOneEventForFilters@20 (line 190)
  0x0000019007c60534: 28f6 9eff 

  0x0000019007c60538: ;   {post_call_nop}
  0x0000019007c60538: 0f1f 8400 | 3086 00e3 | 4181 fb20 | 0300 000f | 8c19 93ff | ff41 ba01 | 0000 00e9 | 2693 ffff 
  0x0000019007c60558: baf6 ffff | ff48 8b6c | 2428 4889 | 4424 f88b | 4424 3089 | 4424 2448 | 8b44 24f8 | 48ff 7424 
  0x0000019007c60578: 3848 8f44 | 2428 4889 | 4424 f88b | 4424 3489 | 4424 3048 | 8b44 24f8 | 4889 4424 | f88b 4424 
  0x0000019007c60598: 4889 4424 | 3448 8b44 | 24f8 48ff | 7424 5848 | 8f44 2450 | 48ff 7424 | 6048 8f44 | 2458 48ff 
  0x0000019007c605b8: 7424 6848 | 8f44 2460 

  0x0000019007c605c0: ;   {runtime_call UncommonTrapBlob}
  0x0000019007c605c0: 6666 90e8 

  0x0000019007c605c4: ; ImmutableOopMap {rbp=Oop [36]=NarrowOop [40]=Oop [48]=NarrowOop [52]=NarrowOop [64]=Oop [76]=NarrowOop [80]=Oop [88]=Oop [96]=Oop [136]=Oop }
                      ;*putfield next {reexecute=1 rethrow=0 return_oop=0}
                      ; - (reexecute) java.awt.EventQueue::postEvent@144 (line 348)
                      ; - java.awt.EventQueue::postEventPrivate@76 (line 288)
                      ; - java.awt.EventQueue::postEvent@9 (line 260)
                      ; - sun.awt.PostEventQueue::flush@87 (line 2068)
                      ; - sun.awt.SunToolkit::flushPendingEvents@15 (line 503)
                      ; - java.awt.EventQueue::postEvent@4 (line 259)
                      ; - sun.awt.PostEventQueue::flush@87 (line 2068)
                      ; - sun.awt.SunToolkit::flushPendingEvents@15 (line 503)
                      ; - java.awt.EventQueue::getNextEvent@4 (line 544)
                      ; - java.awt.EventDispatchThread::pumpOneEventForFilters@20 (line 190)
  0x0000019007c605c4: 98f5 9eff 

  0x0000019007c605c8: ;   {post_call_nop}
  0x0000019007c605c8: 0f1f 8400 | c086 00e4 | ba45 ffff | ff48 ff74 | 2428 488f | 4424 2048 | 8944 24f8 | 8b44 2430 
  0x0000019007c605e8: 8944 2428 | 488b 4424 | f848 8944 | 24f8 8b44 | 2434 8944 | 242c 488b | 4424 f844 | 8944 2434 
  0x0000019007c60608: ;   {runtime_call UncommonTrapBlob}
  0x0000019007c60608: 6666 90e8 

  0x0000019007c6060c: ; ImmutableOopMap {[32]=Oop [40]=NarrowOop [44]=NarrowOop [52]=NarrowOop }
                      ;*ifeq {reexecute=1 rethrow=0 return_oop=0}
                      ; - (reexecute) jdk.internal.misc.Unsafe::getAndBitwiseAndInt@21 (line 3249)
                      ; - java.util.concurrent.locks.AbstractQueuedSynchronizer$Node::getAndUnsetStatus@10 (line 482)
                      ; - java.util.concurrent.locks.AbstractQueuedSynchronizer::signalNext@22 (line 645)
                      ; - java.util.concurrent.locks.AbstractQueuedSynchronizer::release@12 (line 1100)
                      ; - java.util.concurrent.locks.ReentrantLock::unlock@5 (line 495)
                      ; - java.awt.EventQueue::getNextEvent@31 (line 554)
                      ; - java.awt.EventDispatchThread::pumpOneEventForFilters@20 (line 190)
  0x0000019007c6060c: 50f5 9eff 

  0x0000019007c60610: ;   {post_call_nop}
  0x0000019007c60610: 0f1f 8400 | 0887 00e5 | 4181 fa20 | 0300 000f | 8cd6 abff | ff41 ba01 | 0000 00e9 | 469f ffff 
  0x0000019007c60630: ba45 ffff | ff48 ff74 | 2428 488f | 4424 2048 | 8944 24f8 | 8b44 2430 | 8944 242c | 488b 4424 
  0x0000019007c60650: f848 ff74 | 2460 488f | 4424 5048 | 8944 24f8 | 8b44 2448 | 8944 2430 | 488b 4424 

  0x0000019007c6066c: ;   {runtime_call UncommonTrapBlob}
  0x0000019007c6066c: f866 90e8 

  0x0000019007c60670: ; ImmutableOopMap {[32]=Oop [44]=NarrowOop [48]=NarrowOop [52]=NarrowOop [56]=Oop [64]=Oop [80]=Oop }
                      ;*ifeq {reexecute=1 rethrow=0 return_oop=0}
                      ; - (reexecute) java.awt.EventQueue::coalesceEvent@38 (line 454)
                      ; - java.awt.EventQueue::postEvent@3 (line 323)
                      ; - java.awt.EventQueue::postEventPrivate@76 (line 288)
                      ; - java.awt.EventQueue::postEvent@9 (line 260)
                      ; - sun.awt.PostEventQueue::flush@87 (line 2068)
                      ; - sun.awt.SunToolkit::flushPendingEvents@15 (line 503)
                      ; - java.awt.EventQueue::getNextEvent@4 (line 544)
                      ; - java.awt.EventDispatchThread::pumpOneEventForFilters@20 (line 190)
  0x0000019007c60670: ecf4 9eff 

  0x0000019007c60674: ;   {post_call_nop}
  0x0000019007c60674: 0f1f 8400 | 6c87 00e6 | ba45 ffff | ff48 ff74 | 2428 488f | 4424 2048 | 8944 24f8 | 8b44 2430 
  0x0000019007c60694: 8944 242c | 488b 4424 | f848 ff74 | 2438 488f | 4424 3044 | 8944 244c 

  0x0000019007c606ac: ;   {runtime_call UncommonTrapBlob}
  0x0000019007c606ac: 6666 90e8 

  0x0000019007c606b0: ; ImmutableOopMap {[32]=Oop [44]=NarrowOop [48]=Oop [64]=Oop [76]=NarrowOop [96]=Oop }
                      ;*ifeq {reexecute=1 rethrow=0 return_oop=0}
                      ; - (reexecute) jdk.internal.misc.Unsafe::getAndBitwiseAndInt@21 (line 3249)
                      ; - java.util.concurrent.locks.AbstractQueuedSynchronizer$Node::getAndUnsetStatus@10 (line 482)
                      ; - java.util.concurrent.locks.AbstractQueuedSynchronizer::signalNext@22 (line 645)
                      ; - java.util.concurrent.locks.AbstractQueuedSynchronizer::release@12 (line 1100)
                      ; - java.util.concurrent.locks.ReentrantLock::unlock@5 (line 495)
                      ; - java.awt.EventQueue::postEventPrivate@83 (line 290)
                      ; - java.awt.EventQueue::postEvent@9 (line 260)
                      ; - sun.awt.PostEventQueue::flush@87 (line 2068)
                      ; - sun.awt.SunToolkit::flushPendingEvents@15 (line 503)
                      ; - java.awt.EventQueue::getNextEvent@4 (line 544)
                      ; - java.awt.EventDispatchThread::pumpOneEventForFilters@20 (line 190)
  0x0000019007c606b0: acf4 9eff 

  0x0000019007c606b4: ;   {post_call_nop}
  0x0000019007c606b4: 0f1f 8400 | ac87 00e7 | ba45 ffff | ff48 ff74 | 2428 488f | 4424 2048 | 8944 24f8 | 8b44 2430 
  0x0000019007c606d4: 8944 242c | 488b 4424 | f848 ff74 | 2448 488f | 4424 3048 | ff74 2450 | 488f 4424 | 3844 8944 
  0x0000019007c606f4: ;   {runtime_call UncommonTrapBlob}
  0x0000019007c606f4: 2450 90e8 

  0x0000019007c606f8: ; ImmutableOopMap {[32]=Oop [44]=NarrowOop [48]=Oop [56]=Oop [80]=NarrowOop }
                      ;*ifeq {reexecute=1 rethrow=0 return_oop=0}
                      ; - (reexecute) jdk.internal.misc.Unsafe::getAndBitwiseAndInt@21 (line 3249)
                      ; - java.util.concurrent.locks.AbstractQueuedSynchronizer$Node::getAndUnsetStatus@10 (line 482)
                      ; - java.util.concurrent.locks.AbstractQueuedSynchronizer::signalNext@22 (line 645)
                      ; - java.util.concurrent.locks.AbstractQueuedSynchronizer::release@12 (line 1100)
                      ; - java.util.concurrent.locks.AbstractQueuedSynchronizer$ConditionObject::enableWait@62 (line 1615)
                      ; - java.util.concurrent.locks.AbstractQueuedSynchronizer$ConditionObject::await@26 (line 1740)
                      ; - java.awt.EventQueue::getNextEvent@52 (line 552)
                      ; - java.awt.EventDispatchThread::pumpOneEventForFilters@20 (line 190)
  0x0000019007c606f8: 64f4 9eff 

  0x0000019007c606fc: ;   {post_call_nop}
  0x0000019007c606fc: 0f1f 8400 | f487 00e8 | ba45 ffff | ff48 ff74 | 2428 488f | 4424 2048 | 8944 24f8 | 8b44 2430 
  0x0000019007c6071c: 8944 242c | 488b 4424 | f844 8944 

  0x0000019007c60728: ;   {runtime_call UncommonTrapBlob}
  0x0000019007c60728: 2434 90e8 

  0x0000019007c6072c: ; ImmutableOopMap {[32]=Oop [44]=NarrowOop [52]=NarrowOop }
                      ;*ifeq {reexecute=1 rethrow=0 return_oop=0}
                      ; - (reexecute) jdk.internal.misc.Unsafe::getAndBitwiseAndInt@21 (line 3249)
                      ; - java.util.concurrent.locks.AbstractQueuedSynchronizer$Node::getAndUnsetStatus@10 (line 482)
                      ; - java.util.concurrent.locks.AbstractQueuedSynchronizer::signalNext@22 (line 645)
                      ; - java.util.concurrent.locks.AbstractQueuedSynchronizer::release@12 (line 1100)
                      ; - java.util.concurrent.locks.ReentrantLock::unlock@5 (line 495)
                      ; - java.awt.EventQueue::getNextEvent@61 (line 554)
                      ; - java.awt.EventDispatchThread::pumpOneEventForFilters@20 (line 190)
  0x0000019007c6072c: 30f4 9eff 

  0x0000019007c60730: ;   {post_call_nop}
  0x0000019007c60730: 0f1f 8400 | 2888 00e9 | 458b d341 | 81fa 2003 | 0000 0f8c | 44ba ffff | 41ba 0100 | 0000 e923 
  0x0000019007c60750: b0ff ffba | 45ff ffff | 48ff 7424 | 2848 8f44 | 2420 4889 | 4424 f88b | 4424 3089 | 4424 2c48 
  0x0000019007c60770: 8b44 24f8 | 4489 5424 

  0x0000019007c60778: ;   {runtime_call UncommonTrapBlob}
  0x0000019007c60778: 3066 90e8 

  0x0000019007c6077c: ; ImmutableOopMap {[32]=Oop [44]=NarrowOop [48]=NarrowOop }
                      ;*ifge {reexecute=1 rethrow=0 return_oop=0}
                      ; - (reexecute) java.util.concurrent.locks.ReentrantLock$NonfairSync::initialTryLock@36 (line 231)
                      ; - java.util.concurrent.locks.ReentrantLock$Sync::lock@1 (line 153)
                      ; - java.util.concurrent.locks.ReentrantLock::lock@4 (line 323)
                      ; - java.awt.EventQueue::getNextEvent@11 (line 545)
                      ; - java.awt.EventDispatchThread::pumpOneEventForFilters@20 (line 190)
  0x0000019007c6077c: e0f3 9eff 

  0x0000019007c60780: ;   {post_call_nop}
  0x0000019007c60780: 0f1f 8400 | 7888 00ea | ba45 ffff | ff48 ff74 | 2428 488f | 4424 2048 | 8944 24f8 | 8b44 2430 
  0x0000019007c607a0: 8944 242c | 488b 4424 | f848 8944 | 24f8 8b44 | 2448 8944 | 2430 488b | 4424 f848 | 8944 24f8 
  0x0000019007c607c0: 8b44 2470 | 8944 2448 | 488b 4424 

  0x0000019007c607cc: ;   {runtime_call UncommonTrapBlob}
  0x0000019007c607cc: f866 90e8 

  0x0000019007c607d0: ; ImmutableOopMap {[32]=Oop [44]=NarrowOop [48]=NarrowOop [52]=NarrowOop [56]=Oop [64]=Oop [72]=NarrowOop [76]=NarrowOop [88]=Oop [96]=Oop [104]=Oop }
                      ;*ifeq {reexecute=1 rethrow=0 return_oop=0}
                      ; - (reexecute) java.awt.EventQueue::coalesceEvent@38 (line 454)
                      ; - java.awt.EventQueue::postEvent@3 (line 323)
                      ; - java.awt.EventQueue::postEventPrivate@76 (line 288)
                      ; - java.awt.EventQueue::postEvent@9 (line 260)
                      ; - sun.awt.PostEventQueue::flush@87 (line 2068)
                      ; - sun.awt.SunToolkit::flushPendingEvents@15 (line 503)
                      ; - java.awt.EventQueue::postEvent@4 (line 259)
                      ; - sun.awt.PostEventQueue::flush@87 (line 2068)
                      ; - sun.awt.SunToolkit::flushPendingEvents@15 (line 503)
                      ; - java.awt.EventQueue::getNextEvent@4 (line 544)
                      ; - java.awt.EventDispatchThread::pumpOneEventForFilters@20 (line 190)
  0x0000019007c607d0: 8cf3 9eff 

  0x0000019007c607d4: ;   {post_call_nop}
  0x0000019007c607d4: 0f1f 8400 | cc88 00eb 

  0x0000019007c607dc: ;   {metadata('java/util/concurrent/locks/AbstractQueuedSynchronizer$ExclusiveNode')}
  0x0000019007c607dc: 48ba a8f5 | 0d8a 0000 

  0x0000019007c607e4: ;   {runtime_call C2 Runtime new_instance}
  0x0000019007c607e4: 0000 90e8 

  0x0000019007c607e8: ; ImmutableOopMap {rbp=NarrowOop [32]=Oop [40]=Oop [48]=NarrowOop [56]=Oop [72]=Oop [96]=Oop }
                      ;*new {reexecute=0 rethrow=0 return_oop=1}
                      ; - java.util.concurrent.locks.AbstractQueuedSynchronizer::tryInitializeHead@30 (line 592)
                      ; - java.util.concurrent.locks.AbstractQueuedSynchronizer$ConditionObject::newConditionNode@4 (line 1665)
                      ; - java.util.concurrent.locks.AbstractQueuedSynchronizer$ConditionObject::await@15 (line 1737)
                      ; - java.awt.EventQueue::getNextEvent@52 (line 552)
                      ; - java.awt.EventDispatchThread::pumpOneEventForFilters@20 (line 190)
  0x0000019007c607e8: 7449 9fff 

  0x0000019007c607ec: ;   {post_call_nop}
  0x0000019007c607ec: 0f1f 8400 | e488 00ec | e99c d0ff | ff45 33d2 | e9f0 e3ff | ffba 45ff | ffff 48ff | 7424 2848 
  0x0000019007c6080c: 8f44 2420 | 4889 4424 | f88b 4424 | 3089 4424 | 2c48 8b44 | 24f8 4889 | 4424 f88b | 4424 4889 
  0x0000019007c6082c: 4424 3048 | 8b44 24f8 | 48ff 7424 | 5848 8f44 | 2448 48ff | 7424 6048 | 8f44 2458 | 48ff 7424 
  0x0000019007c6084c: 6848 8f44 | 2460 4489 

  0x0000019007c60854: ;   {runtime_call UncommonTrapBlob}
  0x0000019007c60854: 4424 6ce8 

  0x0000019007c60858: ; ImmutableOopMap {[32]=Oop [44]=NarrowOop [48]=NarrowOop [52]=NarrowOop [56]=Oop [64]=Oop [72]=Oop [88]=Oop [96]=Oop [108]=NarrowOop }
                      ;*ifeq {reexecute=1 rethrow=0 return_oop=0}
                      ; - (reexecute) jdk.internal.misc.Unsafe::getAndBitwiseAndInt@21 (line 3249)
                      ; - java.util.concurrent.locks.AbstractQueuedSynchronizer$Node::getAndUnsetStatus@10 (line 482)
                      ; - java.util.concurrent.locks.AbstractQueuedSynchronizer::signalNext@22 (line 645)
                      ; - java.util.concurrent.locks.AbstractQueuedSynchronizer::release@12 (line 1100)
                      ; - java.util.concurrent.locks.ReentrantLock::unlock@5 (line 495)
                      ; - java.awt.EventQueue::postEventPrivate@83 (line 290)
                      ; - java.awt.EventQueue::postEvent@9 (line 260)
                      ; - sun.awt.PostEventQueue::flush@87 (line 2068)
                      ; - sun.awt.SunToolkit::flushPendingEvents@15 (line 503)
                      ; - java.awt.EventQueue::postEvent@4 (line 259)
                      ; - sun.awt.PostEventQueue::flush@87 (line 2068)
                      ; - sun.awt.SunToolkit::flushPendingEvents@15 (line 503)
                      ; - java.awt.EventQueue::getNextEvent@4 (line 544)
                      ; - java.awt.EventDispatchThread::pumpOneEventForFilters@20 (line 190)
  0x0000019007c60858: 04f3 9eff 

  0x0000019007c6085c: ;   {post_call_nop}
  0x0000019007c6085c: 0f1f 8400 | 5489 00ed | ba45 ffff | ff48 ff74 | 2428 488f | 4424 2048 | 8944 24f8 | 8b44 2430 
  0x0000019007c6087c: 8944 242c | 488b 4424 | f848 8944 | 24f8 8b44 | 2448 8944 | 2430 488b | 4424 f844 | 8954 2448 
  0x0000019007c6089c: ;   {runtime_call UncommonTrapBlob}
  0x0000019007c6089c: 6666 90e8 

  0x0000019007c608a0: ; ImmutableOopMap {[32]=Oop [44]=NarrowOop [48]=NarrowOop [52]=NarrowOop [56]=Oop [64]=Oop [72]=NarrowOop [96]=Oop }
                      ;*ifge {reexecute=1 rethrow=0 return_oop=0}
                      ; - (reexecute) java.util.concurrent.locks.ReentrantLock$NonfairSync::initialTryLock@36 (line 231)
                      ; - java.util.concurrent.locks.ReentrantLock$Sync::lock@1 (line 153)
                      ; - java.util.concurrent.locks.ReentrantLock::lock@4 (line 323)
                      ; - java.awt.EventQueue::postEventPrivate@9 (line 274)
                      ; - java.awt.EventQueue::postEvent@9 (line 260)
                      ; - sun.awt.PostEventQueue::flush@87 (line 2068)
                      ; - sun.awt.SunToolkit::flushPendingEvents@15 (line 503)
                      ; - java.awt.EventQueue::getNextEvent@4 (line 544)
                      ; - java.awt.EventDispatchThread::pumpOneEventForFilters@20 (line 190)
  0x0000019007c608a0: bcf2 9eff 

  0x0000019007c608a4: ;   {post_call_nop}
  0x0000019007c608a4: 0f1f 8400 | 9c89 00ee | ba45 ffff | ff48 ff74 | 2428 488f | 4424 2048 | 8944 24f8 | 8b44 2430 
  0x0000019007c608c4: 8944 242c | 488b 4424 | f848 8944 | 24f8 8b44 | 2434 8944 | 2430 488b | 4424 f848 | 8944 24f8 
  0x0000019007c608e4: 8b44 2448 | 8944 2434 | 488b 4424 | f848 8944 | 24f8 8b44 | 244c 8944 | 2448 488b 

  0x0000019007c60900: ;   {runtime_call UncommonTrapBlob}
  0x0000019007c60900: 4424 f8e8 

  0x0000019007c60904: ; ImmutableOopMap {[32]=Oop [44]=NarrowOop [48]=NarrowOop [52]=NarrowOop [56]=Oop [64]=Oop [72]=NarrowOop [88]=Oop [96]=Oop [104]=Oop [112]=NarrowOop }
                      ;*ifeq {reexecute=1 rethrow=0 return_oop=0}
                      ; - (reexecute) java.awt.EventQueue::coalesceEvent@38 (line 454)
                      ; - java.awt.EventQueue::postEvent@3 (line 323)
                      ; - java.awt.EventQueue::postEventPrivate@76 (line 288)
                      ; - java.awt.EventQueue::postEvent@9 (line 260)
                      ; - sun.awt.PostEventQueue::flush@87 (line 2068)
                      ; - sun.awt.SunToolkit::flushPendingEvents@15 (line 503)
                      ; - java.awt.EventQueue::postEvent@4 (line 259)
                      ; - sun.awt.PostEventQueue::flush@87 (line 2068)
                      ; - sun.awt.SunToolkit::flushPendingEvents@15 (line 503)
                      ; - java.awt.EventQueue::getNextEvent@4 (line 544)
                      ; - java.awt.EventDispatchThread::pumpOneEventForFilters@20 (line 190)
  0x0000019007c60904: 58f2 9eff 

  0x0000019007c60908: ;   {post_call_nop}
  0x0000019007c60908: 0f1f 8400 | 008a 00ef | ba45 ffff | ff48 ff74 | 2428 488f | 4424 2048 | 8944 24f8 | 8b44 2430 
  0x0000019007c60928: 8944 242c | 488b 4424 | f848 8944 | 24f8 8b44 | 2448 8944 | 2430 488b | 4424 f848 | 8944 24f8 
  0x0000019007c60948: 8b44 2470 | 8944 2448 | 488b 4424 | f844 8954 

  0x0000019007c60958: ;   {runtime_call UncommonTrapBlob}
  0x0000019007c60958: 2470 90e8 

  0x0000019007c6095c: ; ImmutableOopMap {[32]=Oop [44]=NarrowOop [48]=NarrowOop [52]=NarrowOop [56]=Oop [64]=Oop [72]=NarrowOop [76]=NarrowOop [88]=Oop [96]=Oop [104]=Oop [112]=NarrowOop }
                      ;*ifge {reexecute=1 rethrow=0 return_oop=0}
                      ; - (reexecute) java.util.concurrent.locks.ReentrantLock$NonfairSync::initialTryLock@36 (line 231)
                      ; - java.util.concurrent.locks.ReentrantLock$Sync::lock@1 (line 153)
                      ; - java.util.concurrent.locks.ReentrantLock::lock@4 (line 323)
                      ; - java.awt.EventQueue::postEventPrivate@9 (line 274)
                      ; - java.awt.EventQueue::postEvent@9 (line 260)
                      ; - sun.awt.PostEventQueue::flush@87 (line 2068)
                      ; - sun.awt.SunToolkit::flushPendingEvents@15 (line 503)
                      ; - java.awt.EventQueue::postEvent@4 (line 259)
                      ; - sun.awt.PostEventQueue::flush@87 (line 2068)
                      ; - sun.awt.SunToolkit::flushPendingEvents@15 (line 503)
                      ; - java.awt.EventQueue::getNextEvent@4 (line 544)
                      ; - java.awt.EventDispatchThread::pumpOneEventForFilters@20 (line 190)
  0x0000019007c6095c: 00f2 9eff 

  0x0000019007c60960: ;   {post_call_nop}
  0x0000019007c60960: 0f1f 8400 | 588a 00f0 | bade ffff | ff48 ff74 | 2428 488f | 4424 2048 | 8944 24f8 | 8b44 2430 
  0x0000019007c60980: 8944 242c | 488b 4424 | f848 ff74 | 2438 488f 

  0x0000019007c60990: ;   {runtime_call UncommonTrapBlob}
  0x0000019007c60990: 4424 30e8 

  0x0000019007c60994: ; ImmutableOopMap {rbp=NarrowOop [32]=Oop [44]=NarrowOop [48]=Oop [64]=Oop [72]=NarrowOop [96]=Oop }
                      ;*checkcast {reexecute=0 rethrow=0 return_oop=0}
                      ; - java.awt.EventQueue::coalesceMouseEvent@4 (line 390)
                      ; - java.awt.EventQueue::coalesceEvent@80 (line 463)
                      ; - java.awt.EventQueue::postEvent@3 (line 323)
                      ; - java.awt.EventQueue::postEventPrivate@76 (line 288)
                      ; - java.awt.EventQueue::postEvent@9 (line 260)
                      ; - sun.awt.PostEventQueue::flush@87 (line 2068)
                      ; - sun.awt.SunToolkit::flushPendingEvents@15 (line 503)
                      ; - java.awt.EventQueue::getNextEvent@4 (line 544)
                      ; - java.awt.EventDispatchThread::pumpOneEventForFilters@20 (line 190)
  0x0000019007c60994: c8f1 9eff 

  0x0000019007c60998: ;   {post_call_nop}
  0x0000019007c60998: 0f1f 8400 | 908a 00f1 | bae4 ffff | ff48 8b6c | 2428 4889 | 4424 f88b | 4424 3089 | 4424 2448 
  0x0000019007c609b8: 8b44 24f8 | 48ff 7424 | 3848 8f44 | 2428 48ff | 7424 6048 | 8f44 2438 | 4c89 5424 | 5044 895c 
  0x0000019007c609d8: 2460 894c 

  0x0000019007c609dc: ;   {runtime_call UncommonTrapBlob}
  0x0000019007c609dc: 2464 90e8 

  0x0000019007c609e0: ; ImmutableOopMap {rbp=Oop [36]=NarrowOop [40]=Oop [52]=NarrowOop [56]=Oop [64]=Oop [72]=NarrowOop [80]=Oop [96]=NarrowOop }
                      ;*aaload {reexecute=0 rethrow=0 return_oop=0}
                      ; - java.awt.EventQueue::coalesceMouseEvent@29 (line 395)
                      ; - java.awt.EventQueue::coalesceEvent@80 (line 463)
                      ; - java.awt.EventQueue::postEvent@3 (line 323)
                      ; - java.awt.EventQueue::postEventPrivate@76 (line 288)
                      ; - java.awt.EventQueue::postEvent@9 (line 260)
                      ; - sun.awt.PostEventQueue::flush@87 (line 2068)
                      ; - sun.awt.SunToolkit::flushPendingEvents@15 (line 503)
                      ; - java.awt.EventQueue::getNextEvent@4 (line 544)
                      ; - java.awt.EventDispatchThread::pumpOneEventForFilters@20 (line 190)
  0x0000019007c609e0: 7cf1 9eff 

  0x0000019007c609e4: ;   {post_call_nop}
  0x0000019007c609e4: 0f1f 8400 | dc8a 00f2 | ba45 ffff | ff48 ff74 | 2428 488f | 4424 2048 | 8944 24f8 | 8b44 2430 
  0x0000019007c60a04: 8944 242c | 488b 4424 | f848 8944 | 24f8 8b44 | 2434 8944 | 2430 488b | 4424 f848 | 8944 24f8 
  0x0000019007c60a24: 8b44 2448 | 8944 2434 | 488b 4424 | f848 8944 | 24f8 8b44 | 244c 8944 | 2448 488b | 4424 f848 
  0x0000019007c60a44: 8944 24f8 | 8b44 2470 | 8944 244c | 488b 4424 | f844 8954 

  0x0000019007c60a58: ;   {runtime_call UncommonTrapBlob}
  0x0000019007c60a58: 2470 90e8 

  0x0000019007c60a5c: ; ImmutableOopMap {[32]=Oop [44]=NarrowOop [48]=NarrowOop [52]=NarrowOop [56]=Oop [64]=Oop [72]=NarrowOop [76]=NarrowOop [88]=Oop [96]=Oop [104]=Oop [112]=NarrowOop }
                      ;*ifge {reexecute=1 rethrow=0 return_oop=0}
                      ; - (reexecute) java.util.concurrent.locks.ReentrantLock$NonfairSync::initialTryLock@36 (line 231)
                      ; - java.util.concurrent.locks.ReentrantLock$Sync::lock@1 (line 153)
                      ; - java.util.concurrent.locks.ReentrantLock::lock@4 (line 323)
                      ; - java.awt.EventQueue::postEventPrivate@9 (line 274)
                      ; - java.awt.EventQueue::postEvent@9 (line 260)
                      ; - sun.awt.PostEventQueue::flush@87 (line 2068)
                      ; - sun.awt.SunToolkit::flushPendingEvents@15 (line 503)
                      ; - java.awt.EventQueue::postEvent@4 (line 259)
                      ; - sun.awt.PostEventQueue::flush@87 (line 2068)
                      ; - sun.awt.SunToolkit::flushPendingEvents@15 (line 503)
                      ; - java.awt.EventQueue::getNextEvent@4 (line 544)
                      ; - java.awt.EventDispatchThread::pumpOneEventForFilters@20 (line 190)
  0x0000019007c60a5c: 00f1 9eff 

  0x0000019007c60a60: ;   {post_call_nop}
  0x0000019007c60a60: 0f1f 8400 | 588b 00f3 | bade ffff | ff48 ff74 | 2428 488f | 4424 2048 | 8944 24f8 | 8b44 2430 
  0x0000019007c60a80: 8944 242c | 488b 4424 | f848 8944 | 24f8 8b44 | 2448 8944 | 2430 488b | 4424 f848 | ff74 2458 
  0x0000019007c60aa0: 488f 4424 | 4848 ff74 | 2460 488f | 4424 5848 | ff74 2468 | 488f 4424 

  0x0000019007c60ab8: ;   {runtime_call UncommonTrapBlob}
  0x0000019007c60ab8: 6066 90e8 

  0x0000019007c60abc: ; ImmutableOopMap {rbp=NarrowOop [32]=Oop [44]=NarrowOop [48]=NarrowOop [52]=NarrowOop [56]=Oop [64]=Oop [72]=Oop [88]=Oop [96]=Oop [112]=NarrowOop }
                      ;*checkcast {reexecute=0 rethrow=0 return_oop=0}
                      ; - java.awt.EventQueue::coalesceMouseEvent@4 (line 390)
                      ; - java.awt.EventQueue::coalesceEvent@80 (line 463)
                      ; - java.awt.EventQueue::postEvent@3 (line 323)
                      ; - java.awt.EventQueue::postEventPrivate@76 (line 288)
                      ; - java.awt.EventQueue::postEvent@9 (line 260)
                      ; - sun.awt.PostEventQueue::flush@87 (line 2068)
                      ; - sun.awt.SunToolkit::flushPendingEvents@15 (line 503)
                      ; - java.awt.EventQueue::postEvent@4 (line 259)
                      ; - sun.awt.PostEventQueue::flush@87 (line 2068)
                      ; - sun.awt.SunToolkit::flushPendingEvents@15 (line 503)
                      ; - java.awt.EventQueue::getNextEvent@4 (line 544)
                      ; - java.awt.EventDispatchThread::pumpOneEventForFilters@20 (line 190)
  0x0000019007c60abc: a0f0 9eff 

  0x0000019007c60ac0: ;   {post_call_nop}
  0x0000019007c60ac0: 0f1f 8400 | b88b 00f4 | bae4 ffff | ff48 8b6c | 2428 4889 | 4424 f88b | 4424 3089 | 4424 2448 
  0x0000019007c60ae0: 8b44 24f8 | 48ff 7424 | 3848 8f44 | 2428 4889 | 4424 f88b | 4424 4889 | 4424 3048 | 8b44 24f8 
  0x0000019007c60b00: 48ff 7424 | 5848 8f44 | 2450 48ff | 7424 6048 | 8f44 2458 | 48ff 7424 | 6848 8f44 | 2460 4889 
  0x0000019007c60b20: 4424 f88b | 4424 7089 | 4424 4848 | 8b44 24f8 | 4c89 5424 | 7044 8984 | 2480 0000 | 0089 9c24 
  0x0000019007c60b40: 8400 0000 

  0x0000019007c60b44: ;   {runtime_call UncommonTrapBlob}
  0x0000019007c60b44: 6666 90e8 

  0x0000019007c60b48: ; ImmutableOopMap {rbp=Oop [36]=NarrowOop [40]=Oop [48]=NarrowOop [52]=NarrowOop [64]=Oop [72]=NarrowOop [76]=NarrowOop [80]=Oop [88]=Oop [96]=Oop [112]=Oop [128]=NarrowOop }
                      ;*aaload {reexecute=0 rethrow=0 return_oop=0}
                      ; - java.awt.EventQueue::coalesceMouseEvent@29 (line 395)
                      ; - java.awt.EventQueue::coalesceEvent@80 (line 463)
                      ; - java.awt.EventQueue::postEvent@3 (line 323)
                      ; - java.awt.EventQueue::postEventPrivate@76 (line 288)
                      ; - java.awt.EventQueue::postEvent@9 (line 260)
                      ; - sun.awt.PostEventQueue::flush@87 (line 2068)
                      ; - sun.awt.SunToolkit::flushPendingEvents@15 (line 503)
                      ; - java.awt.EventQueue::postEvent@4 (line 259)
                      ; - sun.awt.PostEventQueue::flush@87 (line 2068)
                      ; - sun.awt.SunToolkit::flushPendingEvents@15 (line 503)
                      ; - java.awt.EventQueue::getNextEvent@4 (line 544)
                      ; - java.awt.EventDispatchThread::pumpOneEventForFilters@20 (line 190)
  0x0000019007c60b48: 14f0 9eff 

  0x0000019007c60b4c: ;   {post_call_nop}
  0x0000019007c60b4c: 0f1f 8400 | 448c 00f5 | bade ffff | ff48 ff74 | 2428 488f | 4424 2048 | 8944 24f8 | 8b44 2430 
  0x0000019007c60b6c: 8944 242c | 488b 4424 

  0x0000019007c60b74: ;   {runtime_call UncommonTrapBlob}
  0x0000019007c60b74: f866 90e8 

  0x0000019007c60b78: ; ImmutableOopMap {rbp=NarrowOop [32]=Oop [44]=NarrowOop [56]=NarrowOop [60]=NarrowOop }
                      ;*invokeinterface isEmpty {reexecute=0 rethrow=0 return_oop=0}
                      ; - sun.awt.AWTAutoShutdown::isReadyToShutdown@23 (line 237)
                      ; - sun.awt.AWTAutoShutdown::notifyThreadFree@31 (line 199)
                      ; - java.awt.EventQueue::getNextEvent@45 (line 551)
                      ; - java.awt.EventDispatchThread::pumpOneEventForFilters@20 (line 190)
  0x0000019007c60b78: e4ef 9eff 

  0x0000019007c60b7c: ;   {post_call_nop}
  0x0000019007c60b7c: 0f1f 8400 | 748c 00f6 | 4c8b 5424 | 70e9 63e0 | ffff bade | ffff ff48 | 8b6c 2428 | 4889 4424 
  0x0000019007c60b9c: f88b 4424 | 3089 4424 | 2448 8b44 | 24f8 48ff | 7424 3848 | 8f44 2428 | 4889 4424 | f88b 4424 
  0x0000019007c60bbc: 6889 4424 | 5048 8b44 | 24f8 4489 

  0x0000019007c60bc8: ;   {runtime_call UncommonTrapBlob}
  0x0000019007c60bc8: 4424 5ce8 

  0x0000019007c60bcc: ; ImmutableOopMap {rbp=Oop [36]=NarrowOop [40]=Oop [52]=NarrowOop [64]=Oop [72]=NarrowOop [76]=NarrowOop [80]=NarrowOop [92]=NarrowOop [96]=Oop }
                      ;*invokeinterface isEmpty {reexecute=0 rethrow=0 return_oop=0}
                      ; - sun.awt.AWTAutoShutdown::isReadyToShutdown@23 (line 237)
                      ; - sun.awt.AWTAutoShutdown::notifyThreadBusy@34 (line 174)
                      ; - java.awt.EventQueue::postEvent@102 (line 339)
                      ; - java.awt.EventQueue::postEventPrivate@76 (line 288)
                      ; - java.awt.EventQueue::postEvent@9 (line 260)
                      ; - sun.awt.PostEventQueue::flush@87 (line 2068)
                      ; - sun.awt.SunToolkit::flushPendingEvents@15 (line 503)
                      ; - java.awt.EventQueue::getNextEvent@4 (line 544)
                      ; - java.awt.EventDispatchThread::pumpOneEventForFilters@20 (line 190)
  0x0000019007c60bcc: 90ef 9eff 

  0x0000019007c60bd0: ;   {post_call_nop}
  0x0000019007c60bd0: 0f1f 8400 | c88c 00f7 | ba45 ffff | ff48 8b6c | 2428 4889 | 4424 f88b | 4424 3089 | 4424 2448 
  0x0000019007c60bf0: 8b44 24f8 | 48ff 7424 | 3848 8f44 | 2428 4889 | 4424 f88b | 4424 6889 | 4424 5048 | 8b44 24f8 
  0x0000019007c60c10: ;   {runtime_call UncommonTrapBlob}
  0x0000019007c60c10: 6666 90e8 

  0x0000019007c60c14: ; ImmutableOopMap {rbp=Oop [36]=NarrowOop [40]=Oop [52]=NarrowOop [64]=Oop [72]=NarrowOop [76]=NarrowOop [80]=NarrowOop [96]=Oop }
                      ;*ifeq {reexecute=1 rethrow=0 return_oop=0}
                      ; - (reexecute) sun.awt.AWTAutoShutdown::notifyThreadBusy@37 (line 174)
                      ; - java.awt.EventQueue::postEvent@102 (line 339)
                      ; - java.awt.EventQueue::postEventPrivate@76 (line 288)
                      ; - java.awt.EventQueue::postEvent@9 (line 260)
                      ; - sun.awt.PostEventQueue::flush@87 (line 2068)
                      ; - sun.awt.SunToolkit::flushPendingEvents@15 (line 503)
                      ; - java.awt.EventQueue::getNextEvent@4 (line 544)
                      ; - java.awt.EventDispatchThread::pumpOneEventForFilters@20 (line 190)
  0x0000019007c60c14: 48ef 9eff 

  0x0000019007c60c18: ;   {post_call_nop}
  0x0000019007c60c18: 0f1f 8400 | 108d 00f8 | bade ffff | ff48 ff74 | 2428 488f | 4424 2048 | 8944 24f8 | 8b44 2430 
  0x0000019007c60c38: 8944 242c | 488b 4424 | f848 8944 | 24f8 8b44 | 2434 8944 | 2430 488b | 4424 f848 | 8944 24f8 
  0x0000019007c60c58: 8b44 2448 | 8944 2434 | 488b 4424 

  0x0000019007c60c64: ;   {runtime_call UncommonTrapBlob}
  0x0000019007c60c64: f866 90e8 

  0x0000019007c60c68: ; ImmutableOopMap {rbp=NarrowOop [32]=Oop [44]=NarrowOop [48]=NarrowOop [52]=NarrowOop [56]=Oop [64]=Oop [76]=NarrowOop [88]=Oop [96]=Oop [104]=Oop }
                      ;*checkcast {reexecute=0 rethrow=0 return_oop=0}
                      ; - java.awt.EventQueue::coalesceMouseEvent@4 (line 390)
                      ; - java.awt.EventQueue::coalesceEvent@80 (line 463)
                      ; - java.awt.EventQueue::postEvent@3 (line 323)
                      ; - java.awt.EventQueue::postEventPrivate@76 (line 288)
                      ; - java.awt.EventQueue::postEvent@9 (line 260)
                      ; - sun.awt.PostEventQueue::flush@87 (line 2068)
                      ; - sun.awt.SunToolkit::flushPendingEvents@15 (line 503)
                      ; - java.awt.EventQueue::postEvent@4 (line 259)
                      ; - sun.awt.PostEventQueue::flush@87 (line 2068)
                      ; - sun.awt.SunToolkit::flushPendingEvents@15 (line 503)
                      ; - java.awt.EventQueue::getNextEvent@4 (line 544)
                      ; - java.awt.EventDispatchThread::pumpOneEventForFilters@20 (line 190)
  0x0000019007c60c68: f4ee 9eff 

  0x0000019007c60c6c: ;   {post_call_nop}
  0x0000019007c60c6c: 0f1f 8400 | 648d 00f9 | bae4 ffff | ff48 8b6c | 2428 4889 | 4424 f88b | 4424 3089 | 4424 2448 
  0x0000019007c60c8c: 8b44 24f8 | 48ff 7424 | 3848 8f44 | 2428 4889 | 4424 f88b | 4424 3489 | 4424 3048 | 8b44 24f8 
  0x0000019007c60cac: 4889 4424 | f88b 4424 | 4889 4424 | 3448 8b44 | 24f8 48ff | 7424 5848 | 8f44 2450 | 48ff 7424 
  0x0000019007c60ccc: 6048 8f44 | 2458 48ff | 7424 6848 | 8f44 2460 | 4889 4424 | f88b 4424 | 7089 4424 | 6848 8b44 
  0x0000019007c60cec: 24f8 4c89 | 5424 7044 | 8984 2480 | 0000 0089 | 8c24 8400 

  0x0000019007c60d00: ;   {runtime_call UncommonTrapBlob}
  0x0000019007c60d00: 0000 90e8 

  0x0000019007c60d04: ; ImmutableOopMap {rbp=Oop [36]=NarrowOop [40]=Oop [48]=NarrowOop [52]=NarrowOop [64]=Oop [76]=NarrowOop [80]=Oop [88]=Oop [96]=Oop [104]=NarrowOop [112]=Oop [128]=NarrowOop }
                      ;*aaload {reexecute=0 rethrow=0 return_oop=0}
                      ; - java.awt.EventQueue::coalesceMouseEvent@29 (line 395)
                      ; - java.awt.EventQueue::coalesceEvent@80 (line 463)
                      ; - java.awt.EventQueue::postEvent@3 (line 323)
                      ; - java.awt.EventQueue::postEventPrivate@76 (line 288)
                      ; - java.awt.EventQueue::postEvent@9 (line 260)
                      ; - sun.awt.PostEventQueue::flush@87 (line 2068)
                      ; - sun.awt.SunToolkit::flushPendingEvents@15 (line 503)
                      ; - java.awt.EventQueue::postEvent@4 (line 259)
                      ; - sun.awt.PostEventQueue::flush@87 (line 2068)
                      ; - sun.awt.SunToolkit::flushPendingEvents@15 (line 503)
                      ; - java.awt.EventQueue::getNextEvent@4 (line 544)
                      ; - java.awt.EventDispatchThread::pumpOneEventForFilters@20 (line 190)
  0x0000019007c60d04: 58ee 9eff 

  0x0000019007c60d08: ;   {post_call_nop}
  0x0000019007c60d08: 0f1f 8400 | 008e 00fa | bade ffff | ff48 8b6c | 2428 4889 | 4424 f88b | 4424 3089 | 4424 2448 
  0x0000019007c60d28: 8b44 24f8 | 48ff 7424 | 3848 8f44 | 2428 4889 | 4424 f88b | 4424 4889 | 4424 3048 | 8b44 24f8 
  0x0000019007c60d48: 48ff 7424 | 5848 8f44 | 2450 48ff | 7424 6048 | 8f44 2458 | 48ff 7424 | 6848 8f44 | 2460 4889 
  0x0000019007c60d68: 4424 f88b | 4424 7089 | 4424 4848 | 8b44 24f8 | 4889 4424 | f88b 8424 | 8800 0000 | 8944 2470 
  0x0000019007c60d88: 488b 4424 | f844 8944 

  0x0000019007c60d90: ;   {runtime_call UncommonTrapBlob}
  0x0000019007c60d90: 247c 90e8 

  0x0000019007c60d94: ; ImmutableOopMap {rbp=Oop [36]=NarrowOop [40]=Oop [48]=NarrowOop [52]=NarrowOop [64]=Oop [72]=NarrowOop [76]=NarrowOop [80]=Oop [88]=Oop [96]=Oop [112]=NarrowOop [116]=NarrowOop [124]=NarrowOop }
                      ;*invokeinterface isEmpty {reexecute=0 rethrow=0 return_oop=0}
                      ; - sun.awt.AWTAutoShutdown::isReadyToShutdown@23 (line 237)
                      ; - sun.awt.AWTAutoShutdown::notifyThreadBusy@34 (line 174)
                      ; - java.awt.EventQueue::postEvent@102 (line 339)
                      ; - java.awt.EventQueue::postEventPrivate@76 (line 288)
                      ; - java.awt.EventQueue::postEvent@9 (line 260)
                      ; - sun.awt.PostEventQueue::flush@87 (line 2068)
                      ; - sun.awt.SunToolkit::flushPendingEvents@15 (line 503)
                      ; - java.awt.EventQueue::postEvent@4 (line 259)
                      ; - sun.awt.PostEventQueue::flush@87 (line 2068)
                      ; - sun.awt.SunToolkit::flushPendingEvents@15 (line 503)
                      ; - java.awt.EventQueue::getNextEvent@4 (line 544)
                      ; - java.awt.EventDispatchThread::pumpOneEventForFilters@20 (line 190)
  0x0000019007c60d94: c8ed 9eff 

  0x0000019007c60d98: ;   {post_call_nop}
  0x0000019007c60d98: 0f1f 8400 | 908e 00fb | ba45 ffff | ff48 8b6c | 2428 4889 | 4424 f88b | 4424 3089 | 4424 2448 
  0x0000019007c60db8: 8b44 24f8 | 48ff 7424 | 3848 8f44 | 2428 4889 | 4424 f88b | 4424 4889 | 4424 3048 | 8b44 24f8 
  0x0000019007c60dd8: 48ff 7424 | 5848 8f44 | 2450 48ff | 7424 6048 | 8f44 2458 | 48ff 7424 | 6848 8f44 | 2460 4889 
  0x0000019007c60df8: 4424 f88b | 4424 7089 | 4424 4848 | 8b44 24f8 | 4889 4424 | f88b 8424 | 8800 0000 | 8944 2470 
  0x0000019007c60e18: 488b 4424 

  0x0000019007c60e1c: ;   {runtime_call UncommonTrapBlob}
  0x0000019007c60e1c: f866 90e8 

  0x0000019007c60e20: ; ImmutableOopMap {rbp=Oop [36]=NarrowOop [40]=Oop [48]=NarrowOop [52]=NarrowOop [64]=Oop [72]=NarrowOop [76]=NarrowOop [80]=Oop [88]=Oop [96]=Oop [112]=NarrowOop [116]=NarrowOop }
                      ;*ifeq {reexecute=1 rethrow=0 return_oop=0}
                      ; - (reexecute) sun.awt.AWTAutoShutdown::notifyThreadBusy@37 (line 174)
                      ; - java.awt.EventQueue::postEvent@102 (line 339)
                      ; - java.awt.EventQueue::postEventPrivate@76 (line 288)
                      ; - java.awt.EventQueue::postEvent@9 (line 260)
                      ; - sun.awt.PostEventQueue::flush@87 (line 2068)
                      ; - sun.awt.SunToolkit::flushPendingEvents@15 (line 503)
                      ; - java.awt.EventQueue::postEvent@4 (line 259)
                      ; - sun.awt.PostEventQueue::flush@87 (line 2068)
                      ; - sun.awt.SunToolkit::flushPendingEvents@15 (line 503)
                      ; - java.awt.EventQueue::getNextEvent@4 (line 544)
                      ; - java.awt.EventDispatchThread::pumpOneEventForFilters@20 (line 190)
  0x0000019007c60e20: 3ced 9eff 

  0x0000019007c60e24: ;   {post_call_nop}
  0x0000019007c60e24: 0f1f 8400 | 1c8f 00fc | bade ffff | ff48 8b6c | 2428 4889 | 4424 f88b | 4424 3089 | 4424 2448 
  0x0000019007c60e44: 8b44 24f8 | 48ff 7424 | 3848 8f44 | 2428 4889 | 4424 f88b | 4424 3489 | 4424 3048 | 8b44 24f8 
  0x0000019007c60e64: 4889 4424 | f88b 4424 | 4889 4424 | 3448 8b44 | 24f8 48ff | 7424 5848 | 8f44 2450 | 48ff 7424 
  0x0000019007c60e84: 6048 8f44 | 2458 48ff | 7424 6848 | 8f44 2460 | 4889 4424 | f88b 4424 | 7089 4424 | 6848 8b44 
  0x0000019007c60ea4: 24f8 4889 | 4424 f88b | 8424 8800 | 0000 8944 | 2470 488b | 4424 f844 | 894c 247c 

  0x0000019007c60ec0: ;   {runtime_call UncommonTrapBlob}
  0x0000019007c60ec0: 6666 90e8 

  0x0000019007c60ec4: ; ImmutableOopMap {rbp=Oop [36]=NarrowOop [40]=Oop [48]=NarrowOop [52]=NarrowOop [64]=Oop [76]=NarrowOop [80]=Oop [88]=Oop [96]=Oop [104]=NarrowOop [112]=NarrowOop [116]=NarrowOop [124]=NarrowOop }
                      ;*invokeinterface isEmpty {reexecute=0 rethrow=0 return_oop=0}
                      ; - sun.awt.AWTAutoShutdown::isReadyToShutdown@23 (line 237)
                      ; - sun.awt.AWTAutoShutdown::notifyThreadBusy@34 (line 174)
                      ; - java.awt.EventQueue::postEvent@102 (line 339)
                      ; - java.awt.EventQueue::postEventPrivate@76 (line 288)
                      ; - java.awt.EventQueue::postEvent@9 (line 260)
                      ; - sun.awt.PostEventQueue::flush@87 (line 2068)
                      ; - sun.awt.SunToolkit::flushPendingEvents@15 (line 503)
                      ; - java.awt.EventQueue::postEvent@4 (line 259)
                      ; - sun.awt.PostEventQueue::flush@87 (line 2068)
                      ; - sun.awt.SunToolkit::flushPendingEvents@15 (line 503)
                      ; - java.awt.EventQueue::getNextEvent@4 (line 544)
                      ; - java.awt.EventDispatchThread::pumpOneEventForFilters@20 (line 190)
  0x0000019007c60ec4: 98ec 9eff 

  0x0000019007c60ec8: ;   {post_call_nop}
  0x0000019007c60ec8: 0f1f 8400 | c08f 00fd | ba45 ffff | ff48 8b6c | 2428 4889 | 4424 f88b | 4424 3089 | 4424 2448 
  0x0000019007c60ee8: 8b44 24f8 | 48ff 7424 | 3848 8f44 | 2428 4889 | 4424 f88b | 4424 3489 | 4424 3048 | 8b44 24f8 
  0x0000019007c60f08: 4889 4424 | f88b 4424 | 4889 4424 | 3448 8b44 | 24f8 48ff | 7424 5848 | 8f44 2450 | 48ff 7424 
  0x0000019007c60f28: 6048 8f44 | 2458 48ff | 7424 6848 | 8f44 2460 | 4889 4424 | f88b 4424 | 7089 4424 | 6848 8b44 
  0x0000019007c60f48: 24f8 4889 | 4424 f88b | 8424 8800 | 0000 8944 | 2470 488b 

  0x0000019007c60f5c: ;   {runtime_call UncommonTrapBlob}
  0x0000019007c60f5c: 4424 f8e8 

  0x0000019007c60f60: ; ImmutableOopMap {rbp=Oop [36]=NarrowOop [40]=Oop [48]=NarrowOop [52]=NarrowOop [64]=Oop [76]=NarrowOop [80]=Oop [88]=Oop [96]=Oop [104]=NarrowOop [112]=NarrowOop [116]=NarrowOop }
                      ;*ifeq {reexecute=1 rethrow=0 return_oop=0}
                      ; - (reexecute) sun.awt.AWTAutoShutdown::notifyThreadBusy@37 (line 174)
                      ; - java.awt.EventQueue::postEvent@102 (line 339)
                      ; - java.awt.EventQueue::postEventPrivate@76 (line 288)
                      ; - java.awt.EventQueue::postEvent@9 (line 260)
                      ; - sun.awt.PostEventQueue::flush@87 (line 2068)
                      ; - sun.awt.SunToolkit::flushPendingEvents@15 (line 503)
                      ; - java.awt.EventQueue::postEvent@4 (line 259)
                      ; - sun.awt.PostEventQueue::flush@87 (line 2068)
                      ; - sun.awt.SunToolkit::flushPendingEvents@15 (line 503)
                      ; - java.awt.EventQueue::getNextEvent@4 (line 544)
                      ; - java.awt.EventDispatchThread::pumpOneEventForFilters@20 (line 190)
  0x0000019007c60f60: fceb 9eff 

  0x0000019007c60f64: ;   {post_call_nop}
  0x0000019007c60f64: 0f1f 8400 | 5c90 00fe | 81f9 2003 | 0000 0f8c | 9dbd ffff | b901 0000 | 00e9 98bd | ffff 4181 
  0x0000019007c60f84: fb20 0300 | 000f 8cfd | beff ffbb | 0100 0000 | e9f8 beff | ffba deff | ffff 488b | 6c24 2848 
  0x0000019007c60fa4: 8944 24f8 | 8b44 2434 | 8944 2424 | 488b 4424 

  0x0000019007c60fb4: ;   {runtime_call UncommonTrapBlob}
  0x0000019007c60fb4: f866 90e8 

  0x0000019007c60fb8: ; ImmutableOopMap {rbp=Oop [36]=NarrowOop [48]=NarrowOop }
                      ;*invokevirtual consume {reexecute=0 rethrow=0 return_oop=0}
                      ; - java.awt.EventDispatchThread::pumpOneEventForFilters@44 (line 194)
  0x0000019007c60fb8: a4eb 9eff 

  0x0000019007c60fbc: ;   {post_call_nop}
  0x0000019007c60fbc: 0f1f 8400 | b490 00ff | 81f9 2003 | 0000 0f8c | edc0 ffff | b901 0000 | 00e9 e8c0 | ffff bade 
  0x0000019007c60fdc: ffff ff48 | 8b6c 2428 | 4889 4424 | f88b 4424 | 3089 4424 | 2048 8b44 | 24f8 4889 

  0x0000019007c60ff8: ;   {runtime_call UncommonTrapBlob}
  0x0000019007c60ff8: 4424 28e8 

  0x0000019007c60ffc: ; ImmutableOopMap {rbp=Oop [32]=NarrowOop [40]=Oop }
                      ;*checkcast {reexecute=0 rethrow=0 return_oop=0}
                      ; - sun.awt.SunToolkit::flushPendingEvents@6 (line 501)
                      ; - java.awt.EventQueue::getNextEvent@4 (line 544)
                      ; - java.awt.EventDispatchThread::pumpOneEventForFilters@20 (line 190)
  0x0000019007c60ffc: 60eb 9eff 

  0x0000019007c61000: ;   {post_call_nop}
  0x0000019007c61000: 0f1f 8400 | 0000 0000 | bade ffff | ff48 8b6c | 2428 4889 | 4424 f88b | 4424 3089 | 4424 2448 
  0x0000019007c61020: 8b44 24f8 | 48ff 7424 | 3848 8f44 | 2428 4889 | 4424 f88b | 4424 4889 | 4424 3048 | 8b44 24f8 
  0x0000019007c61040: 4889 4424 

  0x0000019007c61044: ;   {runtime_call UncommonTrapBlob}
  0x0000019007c61044: 4866 90e8 

  0x0000019007c61048: ; ImmutableOopMap {rbp=Oop [36]=NarrowOop [40]=Oop [48]=NarrowOop [52]=NarrowOop [64]=Oop [72]=Oop [96]=Oop }
                      ;*checkcast {reexecute=0 rethrow=0 return_oop=0}
                      ; - sun.awt.SunToolkit::flushPendingEvents@6 (line 501)
                      ; - java.awt.EventQueue::postEvent@4 (line 259)
                      ; - sun.awt.PostEventQueue::flush@87 (line 2068)
                      ; - sun.awt.SunToolkit::flushPendingEvents@15 (line 503)
                      ; - java.awt.EventQueue::getNextEvent@4 (line 544)
                      ; - java.awt.EventDispatchThread::pumpOneEventForFilters@20 (line 190)
  0x0000019007c61048: 14eb 9eff 

  0x0000019007c6104c: ;   {post_call_nop}
  0x0000019007c6104c: 0f1f 8400 | 0000 0000 | bade ffff | ff48 8b6c | 2428 4889 | 4424 f88b | 4424 3089 | 4424 2448 
  0x0000019007c6106c: 8b44 24f8 | 4889 4424 | f88b 4424 | 3889 4424 | 2848 8b44 | 24f8 4889 | 4424 f88b | 4424 3c89 
  0x0000019007c6108c: 4424 2c48 | 8b44 24f8 | 4489 4c24 | 4044 8944 | 2444 894c | 244c 4489 | 5424 5044 | 895c 2454 
  0x0000019007c610ac: ;   {runtime_call UncommonTrapBlob}
  0x0000019007c610ac: 6666 90e8 

  0x0000019007c610b0: ; ImmutableOopMap {rbp=Oop [36]=NarrowOop [40]=NarrowOop [44]=NarrowOop [52]=NarrowOop [68]=NarrowOop [80]=NarrowOop [84]=NarrowOop [88]=NarrowOop }
                      ;*instanceof {reexecute=0 rethrow=0 return_oop=0}
                      ; - java.util.HashMap::removeNode@94 (line 830)
                      ; - java.util.HashMap::remove@9 (line 806)
                      ; - java.util.HashSet::remove@5 (line 246)
                      ; - sun.awt.AWTAutoShutdown::notifyThreadFree@24 (line 198)
                      ; - java.awt.EventQueue::getNextEvent@45 (line 551)
                      ; - java.awt.EventDispatchThread::pumpOneEventForFilters@20 (line 190)
  0x0000019007c610b0: acea 9eff 

  0x0000019007c610b4: ;   {post_call_nop}
  0x0000019007c610b4: 0f1f 8400 | 0000 0000 | 488b f7ba | deff ffff | 488b 6c24 | 2848 8944 | 24f8 8b44 | 2430 8944 
  0x0000019007c610d4: 2424 488b | 4424 f848 | 8944 24f8 | 8b44 2438 | 8944 2428 | 488b 4424 | f848 8944 | 24f8 8b44 
  0x0000019007c610f4: 243c 8944 | 242c 488b | 4424 f848 | 8944 24f8 | 8b44 2458 | 8944 2438 | 488b 4424 | f844 8944 
  0x0000019007c61114: 243c 4889 | 7c24 4089 | 4c24 4848 | 8974 2458 

  0x0000019007c61124: ;   {runtime_call UncommonTrapBlob}
  0x0000019007c61124: 6666 90e8 

  0x0000019007c61128: ; ImmutableOopMap {rbp=Oop [36]=NarrowOop [40]=NarrowOop [44]=NarrowOop [56]=NarrowOop [60]=NarrowOop [64]=Oop [88]=Oop }
                      ;*instanceof {reexecute=0 rethrow=0 return_oop=0}
                      ; - java.util.HashMap::removeNode@208 (line 846)
                      ; - java.util.HashMap::remove@9 (line 806)
                      ; - java.util.HashSet::remove@5 (line 246)
                      ; - sun.awt.AWTAutoShutdown::notifyThreadFree@24 (line 198)
                      ; - java.awt.EventQueue::getNextEvent@45 (line 551)
                      ; - java.awt.EventDispatchThread::pumpOneEventForFilters@20 (line 190)
  0x0000019007c61128: 34ea 9eff 

  0x0000019007c6112c: ;   {post_call_nop}
  0x0000019007c6112c: 0f1f 8400 | 0000 0000 | bade ffff | ff48 8b6c | 2428 4889 

  0x0000019007c61140: ;   {runtime_call UncommonTrapBlob}
  0x0000019007c61140: 4424 28e8 

  0x0000019007c61144: ; ImmutableOopMap {rbp=Oop [40]=Oop [48]=NarrowOop }
                      ;*checkcast {reexecute=0 rethrow=0 return_oop=0}
                      ; - sun.awt.SunToolkit::flushPendingEvents@6 (line 501)
                      ; - java.awt.EventQueue::getNextEvent@4 (line 544)
                      ; - java.awt.EventDispatchThread::pumpOneEventForFilters@20 (line 190)
  0x0000019007c61144: 18ea 9eff 

  0x0000019007c61148: ;   {post_call_nop}
  0x0000019007c61148: 0f1f 8400 | 0000 0000 | bade ffff | ff48 8b6c | 2428 4889 | 4424 f88b | 4424 3089 | 4424 2448 
  0x0000019007c61168: 8b44 24f8 | 48ff 7424 | 3848 8f44 | 2428 4889 | 4424 f88b | 4424 3489 | 4424 3048 | 8b44 24f8 
  0x0000019007c61188: 4889 4424 | f88b 4424 | 4889 4424 | 3448 8b44 | 24f8 4889 

  0x0000019007c6119c: ;   {runtime_call UncommonTrapBlob}
  0x0000019007c6119c: 4424 48e8 

  0x0000019007c611a0: ; ImmutableOopMap {rbp=Oop [36]=NarrowOop [40]=Oop [48]=NarrowOop [52]=NarrowOop [64]=Oop [72]=Oop [96]=Oop }
                      ;*checkcast {reexecute=0 rethrow=0 return_oop=0}
                      ; - sun.awt.SunToolkit::flushPendingEvents@6 (line 501)
                      ; - java.awt.EventQueue::postEvent@4 (line 259)
                      ; - sun.awt.PostEventQueue::flush@87 (line 2068)
                      ; - sun.awt.SunToolkit::flushPendingEvents@15 (line 503)
                      ; - java.awt.EventQueue::getNextEvent@4 (line 544)
                      ; - java.awt.EventDispatchThread::pumpOneEventForFilters@20 (line 190)
  0x0000019007c611a0: bce9 9eff 

  0x0000019007c611a4: ;   {post_call_nop}
  0x0000019007c611a4: 0f1f 8400 | 0000 0000 | bade ffff | ff48 8b6c | 2428 4889 | 4424 f88b | 4424 3089 | 4424 2448 
  0x0000019007c611c4: 8b44 24f8 | 48ff 7424 | 3848 8f44 | 2428 4889 | 4424 f88b | 4424 4889 | 4424 3048 | 8b44 24f8 
  0x0000019007c611e4: 48ff 7424 | 5848 8f44 | 2450 48ff | 7424 6048 | 8f44 2458 | 48ff 7424 | 6848 8f44 | 2460 4889 
  0x0000019007c61204: 4424 f88b | 4424 7089 | 4424 4848 | 8b44 24f8 

  0x0000019007c61214: ;   {runtime_call UncommonTrapBlob}
  0x0000019007c61214: 6666 90e8 

  0x0000019007c61218: ; ImmutableOopMap {rbp=Oop [36]=NarrowOop [40]=Oop [48]=NarrowOop [52]=NarrowOop [64]=Oop [72]=NarrowOop [76]=NarrowOop [80]=Oop [88]=Oop [96]=Oop }
                      ;*checkcast {reexecute=0 rethrow=0 return_oop=0}
                      ; - java.awt.EventQueue::coalesceEvent@77 (line 463)
                      ; - java.awt.EventQueue::postEvent@3 (line 323)
                      ; - java.awt.EventQueue::postEventPrivate@76 (line 288)
                      ; - java.awt.EventQueue::postEvent@9 (line 260)
                      ; - sun.awt.PostEventQueue::flush@87 (line 2068)
                      ; - sun.awt.SunToolkit::flushPendingEvents@15 (line 503)
                      ; - java.awt.EventQueue::postEvent@4 (line 259)
                      ; - sun.awt.PostEventQueue::flush@87 (line 2068)
                      ; - sun.awt.SunToolkit::flushPendingEvents@15 (line 503)
                      ; - java.awt.EventQueue::getNextEvent@4 (line 544)
                      ; - java.awt.EventDispatchThread::pumpOneEventForFilters@20 (line 190)
  0x0000019007c61218: 44e9 9eff 

  0x0000019007c6121c: ;   {post_call_nop}
  0x0000019007c6121c: 0f1f 8400 | 0000 0000 | bade ffff | ff48 8b6c | 2428 4889 | 4424 f88b | 4424 3089 | 4424 2448 
  0x0000019007c6123c: 8b44 24f8 | 48ff 7424 | 3848 8f44 | 2428 4889 | 4424 f88b | 4424 3489 | 4424 3048 | 8b44 24f8 
  0x0000019007c6125c: 4889 4424 | f88b 4424 | 4889 4424 | 3448 8b44 | 24f8 48ff | 7424 5848 | 8f44 2450 | 48ff 7424 
  0x0000019007c6127c: 6048 8f44 | 2458 48ff | 7424 6848 | 8f44 2460 | 4889 4424 | f88b 4424 | 4c89 4424 | 4848 8b44 
  0x0000019007c6129c: ;   {runtime_call UncommonTrapBlob}
  0x0000019007c6129c: 24f8 90e8 

  0x0000019007c612a0: ; ImmutableOopMap {rbp=Oop [36]=NarrowOop [40]=Oop [48]=NarrowOop [52]=NarrowOop [64]=Oop [72]=NarrowOop [80]=Oop [88]=Oop [96]=Oop [112]=NarrowOop }
                      ;*checkcast {reexecute=0 rethrow=0 return_oop=0}
                      ; - java.awt.EventQueue::coalesceEvent@77 (line 463)
                      ; - java.awt.EventQueue::postEvent@3 (line 323)
                      ; - java.awt.EventQueue::postEventPrivate@76 (line 288)
                      ; - java.awt.EventQueue::postEvent@9 (line 260)
                      ; - sun.awt.PostEventQueue::flush@87 (line 2068)
                      ; - sun.awt.SunToolkit::flushPendingEvents@15 (line 503)
                      ; - java.awt.EventQueue::postEvent@4 (line 259)
                      ; - sun.awt.PostEventQueue::flush@87 (line 2068)
                      ; - sun.awt.SunToolkit::flushPendingEvents@15 (line 503)
                      ; - java.awt.EventQueue::getNextEvent@4 (line 544)
                      ; - java.awt.EventDispatchThread::pumpOneEventForFilters@20 (line 190)
  0x0000019007c612a0: bce8 9eff 

  0x0000019007c612a4: ;   {post_call_nop}
  0x0000019007c612a4: 0f1f 8400 | 0000 0000 | bade ffff | ff48 8b6c | 2428 4889 | 4424 f88b | 4424 3089 | 4424 2448 
  0x0000019007c612c4: 8b44 24f8 | 48ff 7424 | 3848 8f44 | 2428 4889 | 4424 f88b | 4424 4889 | 4424 3048 | 8b44 24f8 
  0x0000019007c612e4: ;   {runtime_call UncommonTrapBlob}
  0x0000019007c612e4: 6666 90e8 

  0x0000019007c612e8: ; ImmutableOopMap {rbp=Oop [36]=NarrowOop [40]=Oop [48]=NarrowOop [52]=NarrowOop [64]=Oop [96]=Oop }
                      ;*checkcast {reexecute=0 rethrow=0 return_oop=0}
                      ; - java.awt.EventQueue::coalesceEvent@77 (line 463)
                      ; - java.awt.EventQueue::postEvent@3 (line 323)
                      ; - java.awt.EventQueue::postEventPrivate@76 (line 288)
                      ; - java.awt.EventQueue::postEvent@9 (line 260)
                      ; - sun.awt.PostEventQueue::flush@87 (line 2068)
                      ; - sun.awt.SunToolkit::flushPendingEvents@15 (line 503)
                      ; - java.awt.EventQueue::getNextEvent@4 (line 544)
                      ; - java.awt.EventDispatchThread::pumpOneEventForFilters@20 (line 190)
  0x0000019007c612e8: 74e8 9eff 

  0x0000019007c612ec: ;   {post_call_nop}
  0x0000019007c612ec: 0f1f 8400 | 0000 0000 | bade ffff | ff48 8b6c | 2428 4889 | 4424 f88b | 4424 3089 | 4424 2448 
  0x0000019007c6130c: 8b44 24f8 | 48ff 7424 | 3848 8f44 | 2428 4889 | 4424 f88b | 4424 4889 | 4424 3048 | 8b44 24f8 
  0x0000019007c6132c: 48ff 7424 | 5848 8f44 | 2450 48ff | 7424 6048 | 8f44 2458 | 48ff 7424 | 6848 8f44 | 2460 4889 
  0x0000019007c6134c: 4424 f88b | 4424 7089 | 4424 4848 | 8b44 24f8 

  0x0000019007c6135c: ;   {runtime_call UncommonTrapBlob}
  0x0000019007c6135c: 6666 90e8 

  0x0000019007c61360: ; ImmutableOopMap {rbp=Oop [36]=NarrowOop [40]=Oop [48]=NarrowOop [52]=NarrowOop [64]=Oop [72]=NarrowOop [76]=NarrowOop [80]=Oop [88]=Oop [96]=Oop }
                      ;*checkcast {reexecute=0 rethrow=0 return_oop=0}
                      ; - java.awt.EventQueue::coalesceEvent@61 (line 460)
                      ; - java.awt.EventQueue::postEvent@3 (line 323)
                      ; - java.awt.EventQueue::postEventPrivate@76 (line 288)
                      ; - java.awt.EventQueue::postEvent@9 (line 260)
                      ; - sun.awt.PostEventQueue::flush@87 (line 2068)
                      ; - sun.awt.SunToolkit::flushPendingEvents@15 (line 503)
                      ; - java.awt.EventQueue::postEvent@4 (line 259)
                      ; - sun.awt.PostEventQueue::flush@87 (line 2068)
                      ; - sun.awt.SunToolkit::flushPendingEvents@15 (line 503)
                      ; - java.awt.EventQueue::getNextEvent@4 (line 544)
                      ; - java.awt.EventDispatchThread::pumpOneEventForFilters@20 (line 190)
  0x0000019007c61360: fce7 9eff 

  0x0000019007c61364: ;   {post_call_nop}
  0x0000019007c61364: 0f1f 8400 | 0000 0000 | bade ffff | ff48 8b6c | 2428 4889 | 4424 f88b | 4424 3089 | 4424 2448 
  0x0000019007c61384: 8b44 24f8 | 48ff 7424 | 3848 8f44 | 2428 4889 | 4424 f88b | 4424 4889 | 4424 3048 | 8b44 24f8 
  0x0000019007c613a4: ;   {runtime_call UncommonTrapBlob}
  0x0000019007c613a4: 6666 90e8 

  0x0000019007c613a8: ; ImmutableOopMap {rbp=Oop [36]=NarrowOop [40]=Oop [48]=NarrowOop [52]=NarrowOop [64]=Oop [96]=Oop }
                      ;*checkcast {reexecute=0 rethrow=0 return_oop=0}
                      ; - java.awt.EventQueue::coalesceEvent@61 (line 460)
                      ; - java.awt.EventQueue::postEvent@3 (line 323)
                      ; - java.awt.EventQueue::postEventPrivate@76 (line 288)
                      ; - java.awt.EventQueue::postEvent@9 (line 260)
                      ; - sun.awt.PostEventQueue::flush@87 (line 2068)
                      ; - sun.awt.SunToolkit::flushPendingEvents@15 (line 503)
                      ; - java.awt.EventQueue::getNextEvent@4 (line 544)
                      ; - java.awt.EventDispatchThread::pumpOneEventForFilters@20 (line 190)
  0x0000019007c613a8: b4e7 9eff 

  0x0000019007c613ac: ;   {post_call_nop}
  0x0000019007c613ac: 0f1f 8400 | 0000 0000 | bade ffff | ff48 8b6c | 2428 4889 | 4424 f88b | 4424 3089 | 4424 2448 
  0x0000019007c613cc: 8b44 24f8 | 48ff 7424 | 3848 8f44 | 2428 4889 | 4424 f88b | 4424 3489 | 4424 3048 | 8b44 24f8 
  0x0000019007c613ec: 4889 4424 | f88b 4424 | 4889 4424 | 3448 8b44 | 24f8 48ff | 7424 5848 | 8f44 2450 | 48ff 7424 
  0x0000019007c6140c: 6048 8f44 | 2458 48ff | 7424 6848 | 8f44 2460 | 4889 4424 | f88b 4424 | 4c89 4424 | 4848 8b44 
  0x0000019007c6142c: ;   {runtime_call UncommonTrapBlob}
  0x0000019007c6142c: 24f8 90e8 

  0x0000019007c61430: ; ImmutableOopMap {rbp=Oop [36]=NarrowOop [40]=Oop [48]=NarrowOop [52]=NarrowOop [64]=Oop [72]=NarrowOop [80]=Oop [88]=Oop [96]=Oop [112]=NarrowOop }
                      ;*checkcast {reexecute=0 rethrow=0 return_oop=0}
                      ; - java.awt.EventQueue::coalesceEvent@61 (line 460)
                      ; - java.awt.EventQueue::postEvent@3 (line 323)
                      ; - java.awt.EventQueue::postEventPrivate@76 (line 288)
                      ; - java.awt.EventQueue::postEvent@9 (line 260)
                      ; - sun.awt.PostEventQueue::flush@87 (line 2068)
                      ; - sun.awt.SunToolkit::flushPendingEvents@15 (line 503)
                      ; - java.awt.EventQueue::postEvent@4 (line 259)
                      ; - sun.awt.PostEventQueue::flush@87 (line 2068)
                      ; - sun.awt.SunToolkit::flushPendingEvents@15 (line 503)
                      ; - java.awt.EventQueue::getNextEvent@4 (line 544)
                      ; - java.awt.EventDispatchThread::pumpOneEventForFilters@20 (line 190)
  0x0000019007c61430: 2ce7 9eff 

  0x0000019007c61434: ;   {post_call_nop}
  0x0000019007c61434: 0f1f 8400 | 0000 0000 | bade ffff | ff48 8b6c | 2428 4889 | 4424 f88b | 4424 3089 | 4424 2448 
  0x0000019007c61454: 8b44 24f8 | 4489 4c24 

  0x0000019007c6145c: ;   {runtime_call UncommonTrapBlob}
  0x0000019007c6145c: 2c66 90e8 

  0x0000019007c61460: ; ImmutableOopMap {rbp=Oop [36]=NarrowOop [44]=NarrowOop [52]=NarrowOop }
                      ;*instanceof {reexecute=0 rethrow=0 return_oop=0}
                      ; - java.awt.EventQueue::eventToCacheIndex@55 (line 508)
                      ; - java.awt.EventQueue::uncacheEQItem@4 (line 480)
                      ; - java.awt.EventQueue::getNextEventPrivate@60 (line 570)
                      ; - java.awt.EventQueue::getNextEvent@17 (line 547)
                      ; - java.awt.EventDispatchThread::pumpOneEventForFilters@20 (line 190)
  0x0000019007c61460: fce6 9eff 

  0x0000019007c61464: ;   {post_call_nop}
  0x0000019007c61464: 0f1f 8400 | 0000 0000 | bade ffff | ff48 8b6c | 2428 4889 | 4424 f88b | 4424 3089 | 4424 2448 
  0x0000019007c61484: 8b44 24f8 | 48ff 7424 | 3848 8f44 | 2428 48ff | 7424 6048 | 8f44 2438 | 48ff 7424 | 6848 8f44 
  0x0000019007c614a4: ;   {runtime_call UncommonTrapBlob}
  0x0000019007c614a4: 2450 90e8 

  0x0000019007c614a8: ; ImmutableOopMap {rbp=Oop [36]=NarrowOop [40]=Oop [52]=NarrowOop [56]=Oop [64]=Oop [72]=NarrowOop [80]=Oop }
                      ;*instanceof {reexecute=0 rethrow=0 return_oop=0}
                      ; - java.awt.EventQueue::eventToCacheIndex@55 (line 508)
                      ; - java.awt.EventQueue::cacheEQItem@4 (line 469)
                      ; - java.awt.EventQueue::postEvent@21 (line 329)
                      ; - java.awt.EventQueue::postEventPrivate@76 (line 288)
                      ; - java.awt.EventQueue::postEvent@9 (line 260)
                      ; - sun.awt.PostEventQueue::flush@87 (line 2068)
                      ; - sun.awt.SunToolkit::flushPendingEvents@15 (line 503)
                      ; - java.awt.EventQueue::getNextEvent@4 (line 544)
                      ; - java.awt.EventDispatchThread::pumpOneEventForFilters@20 (line 190)
  0x0000019007c614a8: b4e6 9eff 

  0x0000019007c614ac: ;   {post_call_nop}
  0x0000019007c614ac: 0f1f 8400 | 0000 0000 | bade ffff | ff48 8b6c | 2428 4889 | 4424 f88b | 4424 3089 | 4424 2448 
  0x0000019007c614cc: 8b44 24f8 | 48ff 7424 | 3848 8f44 | 2428 4889 | 4424 f88b | 4424 4889 | 4424 3048 | 8b44 24f8 
  0x0000019007c614ec: 48ff 7424 | 5848 8f44 | 2450 48ff | 7424 6048 | 8f44 2458 | 48ff 7424 | 6848 8f44 | 2460 4889 
  0x0000019007c6150c: 4424 f88b | 4424 7089 | 4424 4848 | 8b44 24f8 | 48ff b424 | 8800 0000 | 488f 4424 

  0x0000019007c61528: ;   {runtime_call UncommonTrapBlob}
  0x0000019007c61528: 7066 90e8 

  0x0000019007c6152c: ; ImmutableOopMap {rbp=Oop [36]=NarrowOop [40]=Oop [48]=NarrowOop [52]=NarrowOop [64]=Oop [72]=NarrowOop [76]=NarrowOop [80]=Oop [88]=Oop [96]=Oop [112]=Oop }
                      ;*instanceof {reexecute=0 rethrow=0 return_oop=0}
                      ; - java.awt.EventQueue::eventToCacheIndex@55 (line 508)
                      ; - java.awt.EventQueue::cacheEQItem@4 (line 469)
                      ; - java.awt.EventQueue::postEvent@21 (line 329)
                      ; - java.awt.EventQueue::postEventPrivate@76 (line 288)
                      ; - java.awt.EventQueue::postEvent@9 (line 260)
                      ; - sun.awt.PostEventQueue::flush@87 (line 2068)
                      ; - sun.awt.SunToolkit::flushPendingEvents@15 (line 503)
                      ; - java.awt.EventQueue::postEvent@4 (line 259)
                      ; - sun.awt.PostEventQueue::flush@87 (line 2068)
                      ; - sun.awt.SunToolkit::flushPendingEvents@15 (line 503)
                      ; - java.awt.EventQueue::getNextEvent@4 (line 544)
                      ; - java.awt.EventDispatchThread::pumpOneEventForFilters@20 (line 190)
  0x0000019007c6152c: 30e6 9eff 

  0x0000019007c61530: ;   {post_call_nop}
  0x0000019007c61530: 0f1f 8400 | 0000 0000 | bade ffff | ff48 8b6c | 2428 4889 | 4424 f88b | 4424 3089 | 4424 2448 
  0x0000019007c61550: 8b44 24f8 | 48ff 7424 | 3848 8f44 | 2428 4889 | 4424 f88b | 4424 3489 | 4424 3048 | 8b44 24f8 
  0x0000019007c61570: 4889 4424 | f88b 4424 | 4889 4424 | 3448 8b44 | 24f8 48ff | 7424 5848 | 8f44 2450 | 48ff 7424 
  0x0000019007c61590: 6048 8f44 | 2458 48ff | 7424 6848 | 8f44 2460 | 48ff b424 | 8800 0000 | 488f 4424 

  0x0000019007c615ac: ;   {runtime_call UncommonTrapBlob}
  0x0000019007c615ac: 7866 90e8 

  0x0000019007c615b0: ; ImmutableOopMap {rbp=Oop [36]=NarrowOop [40]=Oop [48]=NarrowOop [52]=NarrowOop [64]=Oop [76]=NarrowOop [80]=Oop [88]=Oop [96]=Oop [112]=NarrowOop [120]=Oop }
                      ;*instanceof {reexecute=0 rethrow=0 return_oop=0}
                      ; - java.awt.EventQueue::eventToCacheIndex@55 (line 508)
                      ; - java.awt.EventQueue::cacheEQItem@4 (line 469)
                      ; - java.awt.EventQueue::postEvent@21 (line 329)
                      ; - java.awt.EventQueue::postEventPrivate@76 (line 288)
                      ; - java.awt.EventQueue::postEvent@9 (line 260)
                      ; - sun.awt.PostEventQueue::flush@87 (line 2068)
                      ; - sun.awt.SunToolkit::flushPendingEvents@15 (line 503)
                      ; - java.awt.EventQueue::postEvent@4 (line 259)
                      ; - sun.awt.PostEventQueue::flush@87 (line 2068)
                      ; - sun.awt.SunToolkit::flushPendingEvents@15 (line 503)
                      ; - java.awt.EventQueue::getNextEvent@4 (line 544)
                      ; - java.awt.EventDispatchThread::pumpOneEventForFilters@20 (line 190)
  0x0000019007c615b0: ace5 9eff 

  0x0000019007c615b4: ;   {post_call_nop}
  0x0000019007c615b4: 0f1f 8400 | 0000 0000 

  0x0000019007c615bc: ;   {runtime_call C2 Runtime rethrow}
  0x0000019007c615bc: 488b d0e8 

  0x0000019007c615c0: ; ImmutableOopMap {[32]=Oop [40]=Oop [48]=NarrowOop [72]=Oop [80]=Oop }
                      ;*invokestatic managedBlock {reexecute=0 rethrow=0 return_oop=1}
                      ; - java.util.concurrent.locks.AbstractQueuedSynchronizer$ConditionObject::await@107 (line 1752)
                      ; - java.awt.EventQueue::getNextEvent@52 (line 552)
                      ; - java.awt.EventDispatchThread::pumpOneEventForFilters@20 (line 190)
  0x0000019007c615c0: 9c84 9fff 

  0x0000019007c615c4: ;   {post_call_nop}
  0x0000019007c615c4: 0f1f 8400 | 0000 0000 | baf6 ffff 

  0x0000019007c615d0: ;   {runtime_call UncommonTrapBlob}
  0x0000019007c615d0: ff66 90e8 

  0x0000019007c615d4: ; ImmutableOopMap {[40]=Oop [48]=NarrowOop }
                      ;*getfield head {reexecute=1 rethrow=0 return_oop=0}
                      ; - (reexecute) java.awt.EventQueue::getNextEventPrivate@12 (line 564)
                      ; - java.awt.EventQueue::getNextEvent@17 (line 547)
                      ; - java.awt.EventDispatchThread::pumpOneEventForFilters@20 (line 190)
  0x0000019007c615d4: 88e5 9eff 

  0x0000019007c615d8: ;   {post_call_nop}
  0x0000019007c615d8: 0f1f 8400 | 0000 0000 | 488b e8eb | 0348 8be8 | ba95 ffff | ff48 ff74 | 2428 488f | 4424 2048 
  0x0000019007c615f8: 8944 24f8 | 8b44 2430 | 8944 242c | 488b 4424 | f848 ff74 | 2438 488f 

  0x0000019007c61610: ;   {runtime_call UncommonTrapBlob}
  0x0000019007c61610: 4424 30e8 

  0x0000019007c61614: ; ImmutableOopMap {rbp=Oop [32]=Oop [44]=NarrowOop [48]=Oop [96]=Oop }
                      ;*astore {reexecute=0 rethrow=0 return_oop=0}
                      ; - sun.awt.PostEventQueue::flush@126 (line 2074)
                      ; - sun.awt.SunToolkit::flushPendingEvents@15 (line 503)
                      ; - java.awt.EventQueue::getNextEvent@4 (line 544)
                      ; - java.awt.EventDispatchThread::pumpOneEventForFilters@20 (line 190)
  0x0000019007c61614: 48e5 9eff 

  0x0000019007c61618: ;   {post_call_nop}
  0x0000019007c61618: 0f1f 8400 | 0000 0000 | ba95 ffff | ff48 8b6c | 2428 4889 | 4424 f88b | 4424 3089 | 4424 2448 
  0x0000019007c61638: 8b44 24f8 | 4889 4424 

  0x0000019007c61640: ;   {runtime_call UncommonTrapBlob}
  0x0000019007c61640: 4066 90e8 

  0x0000019007c61644: ; ImmutableOopMap {rbp=Oop [36]=NarrowOop [56]=Oop [64]=Oop [96]=Oop }
                      ;*astore {reexecute=0 rethrow=0 return_oop=0}
                      ; - sun.awt.PostEventQueue::flush@116 (line 2078)
                      ; - sun.awt.SunToolkit::flushPendingEvents@15 (line 503)
                      ; - java.awt.EventQueue::getNextEvent@4 (line 544)
                      ; - java.awt.EventDispatchThread::pumpOneEventForFilters@20 (line 190)
  0x0000019007c61644: 18e5 9eff 

  0x0000019007c61648: ;   {post_call_nop}
  0x0000019007c61648: 0f1f 8400 | 0000 0000 | ba95 ffff | ff48 8b6c | 2428 4889 | 4424 f88b | 4424 3089 | 4424 2448 
  0x0000019007c61668: 8b44 24f8 | 48ff 7424 | 3848 8f44 | 2428 4889 | 4424 f88b | 4424 4889 | 4424 3048 | 8b44 24f8 
  0x0000019007c61688: 48ff 7424 | 6048 8f44 | 2448 4889 

  0x0000019007c61694: ;   {runtime_call UncommonTrapBlob}
  0x0000019007c61694: 4424 60e8 

  0x0000019007c61698: ; ImmutableOopMap {rbp=Oop [36]=NarrowOop [40]=Oop [48]=NarrowOop [52]=NarrowOop [64]=Oop [72]=Oop [88]=Oop [96]=Oop }
                      ;*astore {reexecute=0 rethrow=0 return_oop=0}
                      ; - sun.awt.PostEventQueue::flush@116 (line 2078)
                      ; - sun.awt.SunToolkit::flushPendingEvents@15 (line 503)
                      ; - java.awt.EventQueue::postEvent@4 (line 259)
                      ; - sun.awt.PostEventQueue::flush@87 (line 2068)
                      ; - sun.awt.SunToolkit::flushPendingEvents@15 (line 503)
                      ; - java.awt.EventQueue::getNextEvent@4 (line 544)
                      ; - java.awt.EventDispatchThread::pumpOneEventForFilters@20 (line 190)
  0x0000019007c61698: c4e4 9eff 

  0x0000019007c6169c: ;   {post_call_nop}
  0x0000019007c6169c: 0f1f 8400 | 0000 0000 | ba95 ffff | ff48 8b6c | 2428 4889 | 4424 f88b | 4424 3089 | 4424 2448 
  0x0000019007c616bc: 8b44 24f8 | 4889 4424 

  0x0000019007c616c4: ;   {runtime_call UncommonTrapBlob}
  0x0000019007c616c4: 4066 90e8 

  0x0000019007c616c8: ; ImmutableOopMap {rbp=Oop [36]=NarrowOop [56]=Oop [64]=Oop [96]=Oop }
                      ;*astore {reexecute=0 rethrow=0 return_oop=0}
                      ; - sun.awt.PostEventQueue::flush@116 (line 2078)
                      ; - sun.awt.SunToolkit::flushPendingEvents@15 (line 503)
                      ; - java.awt.EventQueue::getNextEvent@4 (line 544)
                      ; - java.awt.EventDispatchThread::pumpOneEventForFilters@20 (line 190)
  0x0000019007c616c8: 94e4 9eff 

  0x0000019007c616cc: ;   {post_call_nop}
  0x0000019007c616cc: 0f1f 8400 | 0000 0000 | ba95 ffff | ff48 8b6c | 2428 4889 | 4424 f88b | 4424 3089 | 4424 2448 
  0x0000019007c616ec: 8b44 24f8 | 48ff 7424 | 3848 8f44 | 2428 4889 | 4424 f88b | 4424 3489 | 4424 3048 | 8b44 24f8 
  0x0000019007c6170c: 4889 4424 | f88b 4424 | 4889 4424 | 3448 8b44 | 24f8 48ff | 7424 6048 | 8f44 2448 | 4889 4424 
  0x0000019007c6172c: ;   {runtime_call UncommonTrapBlob}
  0x0000019007c6172c: 6066 90e8 

  0x0000019007c61730: ; ImmutableOopMap {rbp=Oop [36]=NarrowOop [40]=Oop [48]=NarrowOop [52]=NarrowOop [64]=Oop [72]=Oop [88]=Oop [96]=Oop }
                      ;*astore {reexecute=0 rethrow=0 return_oop=0}
                      ; - sun.awt.PostEventQueue::flush@116 (line 2078)
                      ; - sun.awt.SunToolkit::flushPendingEvents@15 (line 503)
                      ; - java.awt.EventQueue::postEvent@4 (line 259)
                      ; - sun.awt.PostEventQueue::flush@87 (line 2068)
                      ; - sun.awt.SunToolkit::flushPendingEvents@15 (line 503)
                      ; - java.awt.EventQueue::getNextEvent@4 (line 544)
                      ; - java.awt.EventDispatchThread::pumpOneEventForFilters@20 (line 190)
  0x0000019007c61730: 2ce4 9eff 

  0x0000019007c61734: ;   {post_call_nop}
  0x0000019007c61734: 0f1f 8400 | 0000 0000 | baf6 ffff 

  0x0000019007c61740: ;   {runtime_call UncommonTrapBlob}
  0x0000019007c61740: ff66 90e8 

  0x0000019007c61744: ; ImmutableOopMap {[40]=Oop }
                      ;*invokevirtual getNextEvent {reexecute=0 rethrow=0 return_oop=0}
                      ; - java.awt.EventDispatchThread::pumpOneEventForFilters@20 (line 190)
  0x0000019007c61744: 18e4 9eff 

  0x0000019007c61748: ;   {post_call_nop}
  0x0000019007c61748: 0f1f 8400 | 0000 0000 | baf4 ffff | ff48 8944 | 24f8 8b44 | 2430 8944 | 2420 488b 

  0x0000019007c61764: ;   {runtime_call UncommonTrapBlob}
  0x0000019007c61764: 4424 f8e8 

  0x0000019007c61768: ; ImmutableOopMap {[32]=NarrowOop [40]=Oop }
                      ;*checkcast {reexecute=0 rethrow=0 return_oop=0}
                      ; - sun.awt.SunToolkit::flushPendingEvents@6 (line 501)
                      ; - java.awt.EventQueue::getNextEvent@4 (line 544)
                      ; - java.awt.EventDispatchThread::pumpOneEventForFilters@20 (line 190)
  0x0000019007c61768: f4e3 9eff 

  0x0000019007c6176c: ;   {post_call_nop}
  0x0000019007c6176c: 0f1f 8400 | 0000 0000 | baf6 ffff 

  0x0000019007c61778: ;   {runtime_call UncommonTrapBlob}
  0x0000019007c61778: ff66 90e8 

  0x0000019007c6177c: ; ImmutableOopMap {[40]=Oop [48]=NarrowOop }
                      ;*invokeinterface lock {reexecute=0 rethrow=0 return_oop=0}
                      ; - java.awt.EventQueue::getNextEvent@11 (line 545)
                      ; - java.awt.EventDispatchThread::pumpOneEventForFilters@20 (line 190)
  0x0000019007c6177c: e0e3 9eff 

  0x0000019007c61780: ;   {post_call_nop}
  0x0000019007c61780: 0f1f 8400 | 0000 0000 | baf6 ffff 

  0x0000019007c6178c: ;   {runtime_call UncommonTrapBlob}
  0x0000019007c6178c: ff66 90e8 

  0x0000019007c61790: ; ImmutableOopMap {[40]=Oop [48]=NarrowOop }
                      ;*invokevirtual getID {reexecute=0 rethrow=0 return_oop=0}
                      ; - java.awt.EventQueue::eventToCacheIndex@1 (line 498)
                      ; - java.awt.EventQueue::uncacheEQItem@4 (line 480)
                      ; - java.awt.EventQueue::getNextEventPrivate@60 (line 570)
                      ; - java.awt.EventQueue::getNextEvent@17 (line 547)
                      ; - java.awt.EventDispatchThread::pumpOneEventForFilters@20 (line 190)
  0x0000019007c61790: cce3 9eff 

  0x0000019007c61794: ;   {post_call_nop}
  0x0000019007c61794: 0f1f 8400 | 0000 0000 | baf6 ffff 

  0x0000019007c617a0: ;   {runtime_call UncommonTrapBlob}
  0x0000019007c617a0: ff66 90e8 

  0x0000019007c617a4: ; ImmutableOopMap {[40]=Oop [48]=NarrowOop [52]=NarrowOop }
                      ;*invokeinterface unlock {reexecute=0 rethrow=0 return_oop=0}
                      ; - java.awt.EventQueue::getNextEvent@31 (line 554)
                      ; - java.awt.EventDispatchThread::pumpOneEventForFilters@20 (line 190)
  0x0000019007c617a4: b8e3 9eff 

  0x0000019007c617a8: ;   {post_call_nop}
  0x0000019007c617a8: 0f1f 8400 | 0000 0000 | baf6 ffff 

  0x0000019007c617b4: ;   {runtime_call UncommonTrapBlob}
  0x0000019007c617b4: ff66 90e8 

  0x0000019007c617b8: ; ImmutableOopMap {[40]=Oop [48]=NarrowOop [52]=NarrowOop }
                      ;*invokevirtual release {reexecute=0 rethrow=0 return_oop=0}
                      ; - java.util.concurrent.locks.ReentrantLock::unlock@5 (line 495)
                      ; - java.awt.EventQueue::getNextEvent@31 (line 554)
                      ; - java.awt.EventDispatchThread::pumpOneEventForFilters@20 (line 190)
  0x0000019007c617b8: a4e3 9eff 

  0x0000019007c617bc: ;   {post_call_nop}
  0x0000019007c617bc: 0f1f 8400 | 0000 0000 | baf6 ffff | ff48 8b6c | 2428 4889 | 4424 f88b | 4424 3089 | 4424 2448 
  0x0000019007c617dc: 8b44 24f8 | 48ff 7424 | 3848 8f44 

  0x0000019007c617e8: ;   {runtime_call UncommonTrapBlob}
  0x0000019007c617e8: 2428 90e8 

  0x0000019007c617ec: ; ImmutableOopMap {rbp=Oop [36]=NarrowOop [40]=Oop [52]=NarrowOop [64]=Oop [96]=Oop }
                      ;*invokevirtual postEvent {reexecute=0 rethrow=0 return_oop=0}
                      ; - sun.awt.PostEventQueue::flush@87 (line 2068)
                      ; - sun.awt.SunToolkit::flushPendingEvents@15 (line 503)
                      ; - java.awt.EventQueue::getNextEvent@4 (line 544)
                      ; - java.awt.EventDispatchThread::pumpOneEventForFilters@20 (line 190)
  0x0000019007c617ec: 70e3 9eff 

  0x0000019007c617f0: ;   {post_call_nop}
  0x0000019007c617f0: 0f1f 8400 | 0000 0000 | baf4 ffff | ff48 8b6c | 2428 4889 | 4424 f88b | 4424 3089 | 4424 2448 
  0x0000019007c61810: 8b44 24f8 | 48ff 7424 | 3848 8f44 

  0x0000019007c6181c: ;   {runtime_call UncommonTrapBlob}
  0x0000019007c6181c: 2428 90e8 

  0x0000019007c61820: ; ImmutableOopMap {rbp=Oop [36]=NarrowOop [40]=Oop [52]=NarrowOop [64]=Oop [72]=NarrowOop [96]=Oop }
                      ;*checkcast {reexecute=0 rethrow=0 return_oop=0}
                      ; - sun.awt.SunToolkit::flushPendingEvents@6 (line 501)
                      ; - java.awt.EventQueue::postEvent@4 (line 259)
                      ; - sun.awt.PostEventQueue::flush@87 (line 2068)
                      ; - sun.awt.SunToolkit::flushPendingEvents@15 (line 503)
                      ; - java.awt.EventQueue::getNextEvent@4 (line 544)
                      ; - java.awt.EventDispatchThread::pumpOneEventForFilters@20 (line 190)
  0x0000019007c61820: 3ce3 9eff 

  0x0000019007c61824: ;   {post_call_nop}
  0x0000019007c61824: 0f1f 8400 | 0000 0000 | baf6 ffff | ff48 8b6c | 2428 4889 | 4424 f88b | 4424 3089 | 4424 2448 
  0x0000019007c61844: 8b44 24f8 | 48ff 7424 | 3848 8f44 | 2428 48ff | 7424 4048 | 8f44 2438 

  0x0000019007c6185c: ;   {runtime_call UncommonTrapBlob}
  0x0000019007c6185c: 6666 90e8 

  0x0000019007c61860: ; ImmutableOopMap {rbp=Oop [36]=NarrowOop [40]=Oop [56]=Oop [72]=NarrowOop [96]=Oop }
                      ;*putfield isPosted {reexecute=1 rethrow=0 return_oop=0}
                      ; - (reexecute) java.awt.EventQueue::postEventPrivate@2 (line 273)
                      ; - java.awt.EventQueue::postEvent@9 (line 260)
                      ; - sun.awt.PostEventQueue::flush@87 (line 2068)
                      ; - sun.awt.SunToolkit::flushPendingEvents@15 (line 503)
                      ; - java.awt.EventQueue::getNextEvent@4 (line 544)
                      ; - java.awt.EventDispatchThread::pumpOneEventForFilters@20 (line 190)
  0x0000019007c61860: fce2 9eff 

  0x0000019007c61864: ;   {post_call_nop}
  0x0000019007c61864: 0f1f 8400 | 0000 0000 | baf6 ffff | ff48 8b6c | 2428 4889 | 4424 f88b | 4424 3089 | 4424 2448 
  0x0000019007c61884: 8b44 24f8 | 48ff 7424 | 3848 8f44 

  0x0000019007c61890: ;   {runtime_call UncommonTrapBlob}
  0x0000019007c61890: 2428 90e8 

  0x0000019007c61894: ; ImmutableOopMap {rbp=Oop [36]=NarrowOop [40]=Oop [52]=NarrowOop [64]=Oop [72]=NarrowOop [96]=Oop }
                      ;*invokeinterface lock {reexecute=0 rethrow=0 return_oop=0}
                      ; - java.awt.EventQueue::postEventPrivate@9 (line 274)
                      ; - java.awt.EventQueue::postEvent@9 (line 260)
                      ; - sun.awt.PostEventQueue::flush@87 (line 2068)
                      ; - sun.awt.SunToolkit::flushPendingEvents@15 (line 503)
                      ; - java.awt.EventQueue::getNextEvent@4 (line 544)
                      ; - java.awt.EventDispatchThread::pumpOneEventForFilters@20 (line 190)
  0x0000019007c61894: c8e2 9eff 

  0x0000019007c61898: ;   {post_call_nop}
  0x0000019007c61898: 0f1f 8400 | 0000 0000 | baf4 ffff | ff48 8b6c | 2428 4889 | 4424 f88b | 4424 3089 | 4424 2448 
  0x0000019007c618b8: 8b44 24f8 | 48ff 7424 | 3848 8f44 | 2428 4889 | 4424 f88b | 4424 4889 | 4424 3048 | 8b44 24f8 
  0x0000019007c618d8: ;   {runtime_call UncommonTrapBlob}
  0x0000019007c618d8: 6666 90e8 

  0x0000019007c618dc: ; ImmutableOopMap {rbp=Oop [36]=NarrowOop [40]=Oop [48]=NarrowOop [52]=NarrowOop [64]=Oop [96]=Oop }
                      ;*instanceof {reexecute=0 rethrow=0 return_oop=0}
                      ; - java.awt.EventQueue::coalesceEvent@4 (line 447)
                      ; - java.awt.EventQueue::postEvent@3 (line 323)
                      ; - java.awt.EventQueue::postEventPrivate@76 (line 288)
                      ; - java.awt.EventQueue::postEvent@9 (line 260)
                      ; - sun.awt.PostEventQueue::flush@87 (line 2068)
                      ; - sun.awt.SunToolkit::flushPendingEvents@15 (line 503)
                      ; - java.awt.EventQueue::getNextEvent@4 (line 544)
                      ; - java.awt.EventDispatchThread::pumpOneEventForFilters@20 (line 190)
  0x0000019007c618dc: 80e2 9eff 

  0x0000019007c618e0: ;   {post_call_nop}
  0x0000019007c618e0: 0f1f 8400 | 0000 0000 | baf6 ffff | ff48 8b6c | 2428 4889 | 4424 f88b | 4424 3089 | 4424 2448 
  0x0000019007c61900: 8b44 24f8 | 48ff 7424 | 3848 8f44 | 2428 48ff | 7424 4048 | 8f44 2438 

  0x0000019007c61918: ;   {runtime_call UncommonTrapBlob}
  0x0000019007c61918: 6666 90e8 

  0x0000019007c6191c: ; ImmutableOopMap {rbp=Oop [36]=NarrowOop [40]=Oop [56]=Oop [72]=NarrowOop [96]=Oop }
                      ;*aaload {reexecute=0 rethrow=0 return_oop=0}
                      ; - java.awt.EventQueue::postEvent@47 (line 333)
                      ; - java.awt.EventQueue::postEventPrivate@76 (line 288)
                      ; - java.awt.EventQueue::postEvent@9 (line 260)
                      ; - sun.awt.PostEventQueue::flush@87 (line 2068)
                      ; - sun.awt.SunToolkit::flushPendingEvents@15 (line 503)
                      ; - java.awt.EventQueue::getNextEvent@4 (line 544)
                      ; - java.awt.EventDispatchThread::pumpOneEventForFilters@20 (line 190)
  0x0000019007c6191c: 40e2 9eff 

  0x0000019007c61920: ;   {post_call_nop}
  0x0000019007c61920: 0f1f 8400 | 0000 0000 | baf6 ffff | ff48 8b6c | 2428 4889 | 4424 f88b | 4424 3089 | 4424 2448 
  0x0000019007c61940: 8b44 24f8 | 48ff 7424 | 3848 8f44 | 2428 48ff | 7424 4048 | 8f44 2438 

  0x0000019007c61958: ;   {runtime_call UncommonTrapBlob}
  0x0000019007c61958: 6666 90e8 

  0x0000019007c6195c: ; ImmutableOopMap {rbp=Oop [36]=NarrowOop [40]=Oop [56]=Oop [72]=NarrowOop [96]=Oop }
                      ;*getfield head {reexecute=1 rethrow=0 return_oop=0}
                      ; - (reexecute) java.awt.EventQueue::postEvent@48 (line 333)
                      ; - java.awt.EventQueue::postEventPrivate@76 (line 288)
                      ; - java.awt.EventQueue::postEvent@9 (line 260)
                      ; - sun.awt.PostEventQueue::flush@87 (line 2068)
                      ; - sun.awt.SunToolkit::flushPendingEvents@15 (line 503)
                      ; - java.awt.EventQueue::getNextEvent@4 (line 544)
                      ; - java.awt.EventDispatchThread::pumpOneEventForFilters@20 (line 190)
  0x0000019007c6195c: 00e2 9eff 

  0x0000019007c61960: ;   {post_call_nop}
  0x0000019007c61960: 0f1f 8400 | 0000 0000 | baf6 ffff | ff48 8b6c | 2428 4889 | 4424 f88b | 4424 3089 | 4424 2448 
  0x0000019007c61980: 8b44 24f8 | 48ff 7424 | 3848 8f44 

  0x0000019007c6198c: ;   {runtime_call UncommonTrapBlob}
  0x0000019007c6198c: 2428 90e8 

  0x0000019007c61990: ; ImmutableOopMap {rbp=Oop [36]=NarrowOop [40]=Oop [64]=Oop [96]=Oop }
                      ;*invokeinterface unlock {reexecute=0 rethrow=0 return_oop=0}
                      ; - java.awt.EventQueue::postEventPrivate@83 (line 290)
                      ; - java.awt.EventQueue::postEvent@9 (line 260)
                      ; - sun.awt.PostEventQueue::flush@87 (line 2068)
                      ; - sun.awt.SunToolkit::flushPendingEvents@15 (line 503)
                      ; - java.awt.EventQueue::getNextEvent@4 (line 544)
                      ; - java.awt.EventDispatchThread::pumpOneEventForFilters@20 (line 190)
  0x0000019007c61990: cce1 9eff 

  0x0000019007c61994: ;   {post_call_nop}
  0x0000019007c61994: 0f1f 8400 | 0000 0000 | baf6 ffff | ff48 8b6c | 2428 4889 | 4424 f88b | 4424 3089 | 4424 2448 
  0x0000019007c619b4: 8b44 24f8 | 48ff 7424 | 3848 8f44 

  0x0000019007c619c0: ;   {runtime_call UncommonTrapBlob}
  0x0000019007c619c0: 2428 90e8 

  0x0000019007c619c4: ; ImmutableOopMap {rbp=Oop [36]=NarrowOop [40]=Oop [64]=Oop [96]=Oop }
                      ;*invokevirtual release {reexecute=0 rethrow=0 return_oop=0}
                      ; - java.util.concurrent.locks.ReentrantLock::unlock@5 (line 495)
                      ; - java.awt.EventQueue::postEventPrivate@83 (line 290)
                      ; - java.awt.EventQueue::postEvent@9 (line 260)
                      ; - sun.awt.PostEventQueue::flush@87 (line 2068)
                      ; - sun.awt.SunToolkit::flushPendingEvents@15 (line 503)
                      ; - java.awt.EventQueue::getNextEvent@4 (line 544)
                      ; - java.awt.EventDispatchThread::pumpOneEventForFilters@20 (line 190)
  0x0000019007c619c4: 98e1 9eff 

  0x0000019007c619c8: ;   {post_call_nop}
  0x0000019007c619c8: 0f1f 8400 | 0000 0000 | baf6 ffff | ff48 8b6c | 2428 4889 | 4424 f88b | 4424 3089 | 4424 2448 
  0x0000019007c619e8: 8b44 24f8 | 4889 4424 | f88b 4424 | 3889 4424 | 2848 8b44 | 24f8 4889 | 4424 f88b | 4424 3c89 
  0x0000019007c61a08: 4424 2c48 | 8b44 24f8 | 4889 4424 | f88b 4424 | 3489 4424 | 3048 8b44 

  0x0000019007c61a20: ;   {runtime_call UncommonTrapBlob}
  0x0000019007c61a20: 24f8 90e8 

  0x0000019007c61a24: ; ImmutableOopMap {rbp=Oop [36]=NarrowOop [40]=NarrowOop [44]=NarrowOop [48]=NarrowOop }
                      ;*invokeinterface remove {reexecute=0 rethrow=0 return_oop=0}
                      ; - sun.awt.AWTAutoShutdown::notifyThreadFree@24 (line 198)
                      ; - java.awt.EventQueue::getNextEvent@45 (line 551)
                      ; - java.awt.EventDispatchThread::pumpOneEventForFilters@20 (line 190)
  0x0000019007c61a24: 38e1 9eff 

  0x0000019007c61a28: ;   {post_call_nop}
  0x0000019007c61a28: 0f1f 8400 | 0000 0000 | baf6 ffff | ff48 8b6c | 2428 4889 | 4424 f88b | 4424 3089 | 4424 2448 
  0x0000019007c61a48: 8b44 24f8 | 4889 4424 | f88b 4424 | 3889 4424 | 2848 8b44 | 24f8 4889 | 4424 f88b | 4424 3c89 
  0x0000019007c61a68: 4424 2c48 | 8b44 24f8 

  0x0000019007c61a70: ;   {runtime_call UncommonTrapBlob}
  0x0000019007c61a70: 6666 90e8 

  0x0000019007c61a74: ; ImmutableOopMap {rbp=Oop [36]=NarrowOop [40]=NarrowOop [44]=NarrowOop [52]=NarrowOop }
                      ;*invokevirtual remove {reexecute=0 rethrow=0 return_oop=0}
                      ; - java.util.HashSet::remove@5 (line 246)
                      ; - sun.awt.AWTAutoShutdown::notifyThreadFree@24 (line 198)
                      ; - java.awt.EventQueue::getNextEvent@45 (line 551)
                      ; - java.awt.EventDispatchThread::pumpOneEventForFilters@20 (line 190)
  0x0000019007c61a74: e8e0 9eff 

  0x0000019007c61a78: ;   {post_call_nop}
  0x0000019007c61a78: 0f1f 8400 | 0000 0000 | baf6 ffff 

  0x0000019007c61a84: ;   {runtime_call UncommonTrapBlob}
  0x0000019007c61a84: ff66 90e8 

  0x0000019007c61a88: ; ImmutableOopMap {[40]=Oop [48]=NarrowOop }
                      ;*invokeinterface await {reexecute=0 rethrow=0 return_oop=0}
                      ; - java.awt.EventQueue::getNextEvent@52 (line 552)
                      ; - java.awt.EventDispatchThread::pumpOneEventForFilters@20 (line 190)
  0x0000019007c61a88: d4e0 9eff 

  0x0000019007c61a8c: ;   {post_call_nop}
  0x0000019007c61a8c: 0f1f 8400 | 0000 0000 | baf6 ffff | ff48 8b6c | 2428 4889 | 4424 f88b | 4424 3089 | 4424 2448 
  0x0000019007c61aac: 8b44 24f8 

  0x0000019007c61ab0: ;   {runtime_call UncommonTrapBlob}
  0x0000019007c61ab0: 6666 90e8 

  0x0000019007c61ab4: ; ImmutableOopMap {rbp=Oop [36]=NarrowOop [72]=Oop [80]=Oop }
                      ;*invokevirtual isHeldExclusively {reexecute=0 rethrow=0 return_oop=0}
                      ; - java.util.concurrent.locks.AbstractQueuedSynchronizer$ConditionObject::enableWait@4 (line 1605)
                      ; - java.util.concurrent.locks.AbstractQueuedSynchronizer$ConditionObject::await@26 (line 1740)
                      ; - java.awt.EventQueue::getNextEvent@52 (line 552)
                      ; - java.awt.EventDispatchThread::pumpOneEventForFilters@20 (line 190)
  0x0000019007c61ab4: a8e0 9eff 

  0x0000019007c61ab8: ;   {post_call_nop}
  0x0000019007c61ab8: 0f1f 8400 | 0000 0000 | baf6 ffff | ff48 8b6c | 2428 4889 | 4424 f88b | 4424 3089 | 4424 2448 
  0x0000019007c61ad8: 8b44 24f8 

  0x0000019007c61adc: ;   {runtime_call UncommonTrapBlob}
  0x0000019007c61adc: 6666 90e8 

  0x0000019007c61ae0: ; ImmutableOopMap {rbp=Oop [36]=NarrowOop [72]=Oop [80]=Oop }
                      ;*invokevirtual release {reexecute=0 rethrow=0 return_oop=0}
                      ; - java.util.concurrent.locks.AbstractQueuedSynchronizer$ConditionObject::enableWait@62 (line 1615)
                      ; - java.util.concurrent.locks.AbstractQueuedSynchronizer$ConditionObject::await@26 (line 1740)
                      ; - java.awt.EventQueue::getNextEvent@52 (line 552)
                      ; - java.awt.EventDispatchThread::pumpOneEventForFilters@20 (line 190)
  0x0000019007c61ae0: 7ce0 9eff 

  0x0000019007c61ae4: ;   {post_call_nop}
  0x0000019007c61ae4: 0f1f 8400 | 0000 0000 | baf6 ffff 

  0x0000019007c61af0: ;   {runtime_call UncommonTrapBlob}
  0x0000019007c61af0: ff66 90e8 

  0x0000019007c61af4: ; ImmutableOopMap {[40]=Oop [48]=NarrowOop }
                      ;*invokeinterface unlock {reexecute=0 rethrow=0 return_oop=0}
                      ; - java.awt.EventQueue::getNextEvent@61 (line 554)
                      ; - java.awt.EventDispatchThread::pumpOneEventForFilters@20 (line 190)
  0x0000019007c61af4: 68e0 9eff 

  0x0000019007c61af8: ;   {post_call_nop}
  0x0000019007c61af8: 0f1f 8400 | 0000 0000 | baf6 ffff 

  0x0000019007c61b04: ;   {runtime_call UncommonTrapBlob}
  0x0000019007c61b04: ff66 90e8 

  0x0000019007c61b08: ; ImmutableOopMap {[40]=Oop [48]=NarrowOop }
                      ;*invokevirtual release {reexecute=0 rethrow=0 return_oop=0}
                      ; - java.util.concurrent.locks.ReentrantLock::unlock@5 (line 495)
                      ; - java.awt.EventQueue::getNextEvent@61 (line 554)
                      ; - java.awt.EventDispatchThread::pumpOneEventForFilters@20 (line 190)
  0x0000019007c61b08: 54e0 9eff 

  0x0000019007c61b0c: ;   {post_call_nop}
  0x0000019007c61b0c: 0f1f 8400 | 0000 0000 | baf4 ffff 

  0x0000019007c61b18: ;   {runtime_call UncommonTrapBlob}
  0x0000019007c61b18: ff66 90e8 

  0x0000019007c61b1c: ; ImmutableOopMap {[40]=Oop [48]=NarrowOop }
                      ;*checkcast {reexecute=0 rethrow=0 return_oop=0}
                      ; - sun.awt.SunToolkit::flushPendingEvents@6 (line 501)
                      ; - java.awt.EventQueue::getNextEvent@4 (line 544)
                      ; - java.awt.EventDispatchThread::pumpOneEventForFilters@20 (line 190)
  0x0000019007c61b1c: 40e0 9eff 

  0x0000019007c61b20: ;   {post_call_nop}
  0x0000019007c61b20: 0f1f 8400 | 0000 0000 | baf6 ffff 

  0x0000019007c61b2c: ;   {runtime_call UncommonTrapBlob}
  0x0000019007c61b2c: ff66 90e8 

  0x0000019007c61b30: ; ImmutableOopMap {[40]=Oop [48]=NarrowOop }
                      ;*invokeinterface lock {reexecute=0 rethrow=0 return_oop=0}
                      ; - java.awt.EventQueue::getNextEvent@11 (line 545)
                      ; - java.awt.EventDispatchThread::pumpOneEventForFilters@20 (line 190)
  0x0000019007c61b30: 2ce0 9eff 

  0x0000019007c61b34: ;   {post_call_nop}
  0x0000019007c61b34: 0f1f 8400 | 0000 0000 | baf6 ffff | ff48 8b6c | 2428 4889 | 4424 f88b | 4424 3089 | 4424 2448 
  0x0000019007c61b54: 8b44 24f8 | 4889 4424 | f88b 4424 | 3889 4424 | 2848 8b44 | 24f8 4889 | 4424 f88b | 4424 3c89 
  0x0000019007c61b74: 4424 2c48 | 8b44 24f8 

  0x0000019007c61b7c: ;   {runtime_call UncommonTrapBlob}
  0x0000019007c61b7c: 6666 90e8 

  0x0000019007c61b80: ; ImmutableOopMap {rbp=Oop [36]=NarrowOop [40]=NarrowOop [44]=NarrowOop }
                      ;*invokeinterface isEmpty {reexecute=0 rethrow=0 return_oop=0}
                      ; - sun.awt.AWTAutoShutdown::isReadyToShutdown@11 (line 236)
                      ; - sun.awt.AWTAutoShutdown::notifyThreadFree@31 (line 199)
                      ; - java.awt.EventQueue::getNextEvent@45 (line 551)
                      ; - java.awt.EventDispatchThread::pumpOneEventForFilters@20 (line 190)
  0x0000019007c61b80: dcdf 9eff 

  0x0000019007c61b84: ;   {post_call_nop}
  0x0000019007c61b84: 0f1f 8400 | 0000 0000 | baf6 ffff | ff48 8b6c | 2428 4889 | 4424 f88b | 4424 3089 | 4424 2448 
  0x0000019007c61ba4: 8b44 24f8 | 48ff 7424 | 3848 8f44 | 2428 48ff | 7424 4048 | 8f44 2438 

  0x0000019007c61bbc: ;   {runtime_call UncommonTrapBlob}
  0x0000019007c61bbc: 6666 90e8 

  0x0000019007c61bc0: ; ImmutableOopMap {rbp=Oop [36]=NarrowOop [40]=Oop [56]=Oop [72]=NarrowOop [96]=Oop }
                      ;*invokeinterface signalAll {reexecute=0 rethrow=0 return_oop=0}
                      ; - java.awt.EventQueue::postEvent@109 (line 341)
                      ; - java.awt.EventQueue::postEventPrivate@76 (line 288)
                      ; - java.awt.EventQueue::postEvent@9 (line 260)
                      ; - sun.awt.PostEventQueue::flush@87 (line 2068)
                      ; - sun.awt.SunToolkit::flushPendingEvents@15 (line 503)
                      ; - java.awt.EventQueue::getNextEvent@4 (line 544)
                      ; - java.awt.EventDispatchThread::pumpOneEventForFilters@20 (line 190)
  0x0000019007c61bc0: 9cdf 9eff 

  0x0000019007c61bc4: ;   {post_call_nop}
  0x0000019007c61bc4: 0f1f 8400 | 0000 0000 | baf6 ffff | ff48 8b6c | 2428 4889 | 4424 f88b | 4424 3089 | 4424 2448 
  0x0000019007c61be4: 8b44 24f8 | 48ff 7424 | 3848 8f44 | 2428 48ff | 7424 4048 | 8f44 2438 

  0x0000019007c61bfc: ;   {runtime_call UncommonTrapBlob}
  0x0000019007c61bfc: 6666 90e8 

  0x0000019007c61c00: ; ImmutableOopMap {rbp=Oop [36]=NarrowOop [40]=Oop [56]=Oop [72]=NarrowOop [96]=Oop }
                      ;*invokevirtual isHeldExclusively {reexecute=0 rethrow=0 return_oop=0}
                      ; - java.util.concurrent.locks.AbstractQueuedSynchronizer$ConditionObject::signalAll@9 (line 1590)
                      ; - java.awt.EventQueue::postEvent@109 (line 341)
                      ; - java.awt.EventQueue::postEventPrivate@76 (line 288)
                      ; - java.awt.EventQueue::postEvent@9 (line 260)
                      ; - sun.awt.PostEventQueue::flush@87 (line 2068)
                      ; - sun.awt.SunToolkit::flushPendingEvents@15 (line 503)
                      ; - java.awt.EventQueue::getNextEvent@4 (line 544)
                      ; - java.awt.EventDispatchThread::pumpOneEventForFilters@20 (line 190)
  0x0000019007c61c00: 5cdf 9eff 

  0x0000019007c61c04: ;   {post_call_nop}
  0x0000019007c61c04: 0f1f 8400 | 0000 0000 | baf6 ffff | ff48 8b6c | 2428 4889 | 4424 f88b | 4424 3089 | 4424 2448 
  0x0000019007c61c24: 8b44 24f8 | 48ff 7424 | 3848 8f44 | 2428 4889 | 4424 f88b | 4424 6889 | 4424 5048 | 8b44 24f8 
  0x0000019007c61c44: ;   {runtime_call UncommonTrapBlob}
  0x0000019007c61c44: 6666 90e8 

  0x0000019007c61c48: ; ImmutableOopMap {rbp=Oop [36]=NarrowOop [40]=Oop [52]=NarrowOop [64]=Oop [72]=NarrowOop [76]=NarrowOop [80]=NarrowOop [96]=Oop }
                      ;*invokeinterface isEmpty {reexecute=0 rethrow=0 return_oop=0}
                      ; - sun.awt.AWTAutoShutdown::isReadyToShutdown@11 (line 236)
                      ; - sun.awt.AWTAutoShutdown::notifyThreadBusy@34 (line 174)
                      ; - java.awt.EventQueue::postEvent@102 (line 339)
                      ; - java.awt.EventQueue::postEventPrivate@76 (line 288)
                      ; - java.awt.EventQueue::postEvent@9 (line 260)
                      ; - sun.awt.PostEventQueue::flush@87 (line 2068)
                      ; - sun.awt.SunToolkit::flushPendingEvents@15 (line 503)
                      ; - java.awt.EventQueue::getNextEvent@4 (line 544)
                      ; - java.awt.EventDispatchThread::pumpOneEventForFilters@20 (line 190)
  0x0000019007c61c48: 14df 9eff 

  0x0000019007c61c4c: ;   {post_call_nop}
  0x0000019007c61c4c: 0f1f 8400 | 0000 0000 | baf6 ffff | ff48 8b6c | 2428 4889 | 4424 f88b | 4424 3089 | 4424 2448 
  0x0000019007c61c6c: 8b44 24f8 | 48ff 7424 | 3848 8f44 | 2428 4889 | 4424 f88b | 4424 4889 | 4424 3048 | 8b44 24f8 
  0x0000019007c61c8c: 48ff 7424 | 5848 8f44 | 2450 48ff | 7424 6048 | 8f44 2458 

  0x0000019007c61ca0: ;   {runtime_call UncommonTrapBlob}
  0x0000019007c61ca0: 6666 90e8 

  0x0000019007c61ca4: ; ImmutableOopMap {rbp=Oop [36]=NarrowOop [40]=Oop [48]=NarrowOop [52]=NarrowOop [64]=Oop [76]=NarrowOop [80]=Oop [88]=Oop [104]=Oop }
                      ;*invokevirtual postEvent {reexecute=0 rethrow=0 return_oop=0}
                      ; - sun.awt.PostEventQueue::flush@87 (line 2068)
                      ; - sun.awt.SunToolkit::flushPendingEvents@15 (line 503)
                      ; - java.awt.EventQueue::postEvent@4 (line 259)
                      ; - sun.awt.PostEventQueue::flush@87 (line 2068)
                      ; - sun.awt.SunToolkit::flushPendingEvents@15 (line 503)
                      ; - java.awt.EventQueue::getNextEvent@4 (line 544)
                      ; - java.awt.EventDispatchThread::pumpOneEventForFilters@20 (line 190)
  0x0000019007c61ca4: b8de 9eff 

  0x0000019007c61ca8: ;   {post_call_nop}
  0x0000019007c61ca8: 0f1f 8400 | 0000 0000 | baf6 ffff | ff48 8b6c | 2428 4889 | 4424 f88b | 4424 3089 | 4424 2448 
  0x0000019007c61cc8: 8b44 24f8 | 48ff 7424 | 3848 8f44 | 2428 4889 | 4424 f88b | 4424 4889 | 4424 3048 | 8b44 24f8 
  0x0000019007c61ce8: 48ff 7424 | 5848 8f44 | 2448 48ff | 7424 6048 | 8f44 2450 

  0x0000019007c61cfc: ;   {runtime_call UncommonTrapBlob}
  0x0000019007c61cfc: 6666 90e8 

  0x0000019007c61d00: ; ImmutableOopMap {rbp=Oop [36]=NarrowOop [40]=Oop [48]=NarrowOop [52]=NarrowOop [64]=Oop [72]=Oop [80]=Oop [104]=Oop [112]=NarrowOop }
                      ;*putfield isPosted {reexecute=1 rethrow=0 return_oop=0}
                      ; - (reexecute) java.awt.EventQueue::postEventPrivate@2 (line 273)
                      ; - java.awt.EventQueue::postEvent@9 (line 260)
                      ; - sun.awt.PostEventQueue::flush@87 (line 2068)
                      ; - sun.awt.SunToolkit::flushPendingEvents@15 (line 503)
                      ; - java.awt.EventQueue::postEvent@4 (line 259)
                      ; - sun.awt.PostEventQueue::flush@87 (line 2068)
                      ; - sun.awt.SunToolkit::flushPendingEvents@15 (line 503)
                      ; - java.awt.EventQueue::getNextEvent@4 (line 544)
                      ; - java.awt.EventDispatchThread::pumpOneEventForFilters@20 (line 190)
  0x0000019007c61d00: 5cde 9eff 

  0x0000019007c61d04: ;   {post_call_nop}
  0x0000019007c61d04: 0f1f 8400 | 0000 0000 | baf6 ffff | ff48 8b6c | 2428 4889 | 4424 f88b | 4424 3089 | 4424 2448 
  0x0000019007c61d24: 8b44 24f8 | 48ff 7424 | 3848 8f44 | 2428 4889 | 4424 f88b | 4424 4889 | 4424 3048 | 8b44 24f8 
  0x0000019007c61d44: 48ff 7424 | 5848 8f44 | 2450 48ff | 7424 6048 | 8f44 2458 

  0x0000019007c61d58: ;   {runtime_call UncommonTrapBlob}
  0x0000019007c61d58: 6666 90e8 

  0x0000019007c61d5c: ; ImmutableOopMap {rbp=Oop [36]=NarrowOop [40]=Oop [48]=NarrowOop [52]=NarrowOop [64]=Oop [76]=NarrowOop [80]=Oop [88]=Oop [104]=Oop [112]=NarrowOop }
                      ;*invokeinterface lock {reexecute=0 rethrow=0 return_oop=0}
                      ; - java.awt.EventQueue::postEventPrivate@9 (line 274)
                      ; - java.awt.EventQueue::postEvent@9 (line 260)
                      ; - sun.awt.PostEventQueue::flush@87 (line 2068)
                      ; - sun.awt.SunToolkit::flushPendingEvents@15 (line 503)
                      ; - java.awt.EventQueue::postEvent@4 (line 259)
                      ; - sun.awt.PostEventQueue::flush@87 (line 2068)
                      ; - sun.awt.SunToolkit::flushPendingEvents@15 (line 503)
                      ; - java.awt.EventQueue::getNextEvent@4 (line 544)
                      ; - java.awt.EventDispatchThread::pumpOneEventForFilters@20 (line 190)
  0x0000019007c61d5c: 00de 9eff 

  0x0000019007c61d60: ;   {post_call_nop}
  0x0000019007c61d60: 0f1f 8400 | 0000 0000 | baf4 ffff | ff48 8b6c | 2428 4889 | 4424 f88b | 4424 3089 | 4424 2448 
  0x0000019007c61d80: 8b44 24f8 | 48ff 7424 | 3848 8f44 | 2428 4889 | 4424 f88b | 4424 4889 | 4424 3048 | 8b44 24f8 
  0x0000019007c61da0: 48ff 7424 | 5848 8f44 | 2450 48ff | 7424 6048 | 8f44 2458 | 48ff 7424 | 6848 8f44 | 2460 4889 
  0x0000019007c61dc0: 4424 f88b | 4424 7089 | 4424 4848 | 8b44 24f8 

  0x0000019007c61dd0: ;   {runtime_call UncommonTrapBlob}
  0x0000019007c61dd0: 6666 90e8 

  0x0000019007c61dd4: ; ImmutableOopMap {rbp=Oop [36]=NarrowOop [40]=Oop [48]=NarrowOop [52]=NarrowOop [64]=Oop [72]=NarrowOop [76]=NarrowOop [80]=Oop [88]=Oop [96]=Oop }
                      ;*instanceof {reexecute=0 rethrow=0 return_oop=0}
                      ; - java.awt.EventQueue::coalesceEvent@4 (line 447)
                      ; - java.awt.EventQueue::postEvent@3 (line 323)
                      ; - java.awt.EventQueue::postEventPrivate@76 (line 288)
                      ; - java.awt.EventQueue::postEvent@9 (line 260)
                      ; - sun.awt.PostEventQueue::flush@87 (line 2068)
                      ; - sun.awt.SunToolkit::flushPendingEvents@15 (line 503)
                      ; - java.awt.EventQueue::postEvent@4 (line 259)
                      ; - sun.awt.PostEventQueue::flush@87 (line 2068)
                      ; - sun.awt.SunToolkit::flushPendingEvents@15 (line 503)
                      ; - java.awt.EventQueue::getNextEvent@4 (line 544)
                      ; - java.awt.EventDispatchThread::pumpOneEventForFilters@20 (line 190)
  0x0000019007c61dd4: 88dd 9eff 

  0x0000019007c61dd8: ;   {post_call_nop}
  0x0000019007c61dd8: 0f1f 8400 | 0000 0000 | baf6 ffff | ff48 8b6c | 2428 4889 | 4424 f88b | 4424 3089 | 4424 2448 
  0x0000019007c61df8: 8b44 24f8 | 48ff 7424 | 3848 8f44 | 2428 4889 | 4424 f88b | 4424 4889 | 4424 3048 | 8b44 24f8 
  0x0000019007c61e18: 48ff 7424 | 5848 8f44 | 2448 48ff | 7424 6048 | 8f44 2450 

  0x0000019007c61e2c: ;   {runtime_call UncommonTrapBlob}
  0x0000019007c61e2c: 6666 90e8 

  0x0000019007c61e30: ; ImmutableOopMap {rbp=Oop [36]=NarrowOop [40]=Oop [48]=NarrowOop [52]=NarrowOop [64]=Oop [72]=Oop [80]=Oop [104]=Oop [112]=NarrowOop }
                      ;*aaload {reexecute=0 rethrow=0 return_oop=0}
                      ; - java.awt.EventQueue::postEvent@47 (line 333)
                      ; - java.awt.EventQueue::postEventPrivate@76 (line 288)
                      ; - java.awt.EventQueue::postEvent@9 (line 260)
                      ; - sun.awt.PostEventQueue::flush@87 (line 2068)
                      ; - sun.awt.SunToolkit::flushPendingEvents@15 (line 503)
                      ; - java.awt.EventQueue::postEvent@4 (line 259)
                      ; - sun.awt.PostEventQueue::flush@87 (line 2068)
                      ; - sun.awt.SunToolkit::flushPendingEvents@15 (line 503)
                      ; - java.awt.EventQueue::getNextEvent@4 (line 544)
                      ; - java.awt.EventDispatchThread::pumpOneEventForFilters@20 (line 190)
  0x0000019007c61e30: 2cdd 9eff 

  0x0000019007c61e34: ;   {post_call_nop}
  0x0000019007c61e34: 0f1f 8400 | 0000 0000 | baf6 ffff | ff48 8b6c | 2428 4889 | 4424 f88b | 4424 3089 | 4424 2448 
  0x0000019007c61e54: 8b44 24f8 | 48ff 7424 | 3848 8f44 | 2428 4889 | 4424 f88b | 4424 4889 | 4424 3048 | 8b44 24f8 
  0x0000019007c61e74: 48ff 7424 | 5848 8f44 | 2448 48ff | 7424 6048 | 8f44 2450 

  0x0000019007c61e88: ;   {runtime_call UncommonTrapBlob}
  0x0000019007c61e88: 6666 90e8 

  0x0000019007c61e8c: ; ImmutableOopMap {rbp=Oop [36]=NarrowOop [40]=Oop [48]=NarrowOop [52]=NarrowOop [64]=Oop [72]=Oop [80]=Oop [104]=Oop [112]=NarrowOop }
                      ;*getfield head {reexecute=1 rethrow=0 return_oop=0}
                      ; - (reexecute) java.awt.EventQueue::postEvent@48 (line 333)
                      ; - java.awt.EventQueue::postEventPrivate@76 (line 288)
                      ; - java.awt.EventQueue::postEvent@9 (line 260)
                      ; - sun.awt.PostEventQueue::flush@87 (line 2068)
                      ; - sun.awt.SunToolkit::flushPendingEvents@15 (line 503)
                      ; - java.awt.EventQueue::postEvent@4 (line 259)
                      ; - sun.awt.PostEventQueue::flush@87 (line 2068)
                      ; - sun.awt.SunToolkit::flushPendingEvents@15 (line 503)
                      ; - java.awt.EventQueue::getNextEvent@4 (line 544)
                      ; - java.awt.EventDispatchThread::pumpOneEventForFilters@20 (line 190)
  0x0000019007c61e8c: d0dc 9eff 

  0x0000019007c61e90: ;   {post_call_nop}
  0x0000019007c61e90: 0f1f 8400 | 0000 0000 | baf6 ffff | ff48 8b6c | 2428 4889 | 4424 f88b | 4424 3089 | 4424 2448 
  0x0000019007c61eb0: 8b44 24f8 | 48ff 7424 | 3848 8f44 | 2428 4889 | 4424 f88b | 4424 4889 | 4424 3048 | 8b44 24f8 
  0x0000019007c61ed0: 48ff 7424 | 5848 8f44 

  0x0000019007c61ed8: ;   {runtime_call UncommonTrapBlob}
  0x0000019007c61ed8: 2448 90e8 

  0x0000019007c61edc: ; ImmutableOopMap {rbp=Oop [36]=NarrowOop [40]=Oop [48]=NarrowOop [52]=NarrowOop [64]=Oop [72]=Oop [96]=Oop [104]=Oop }
                      ;*invokeinterface unlock {reexecute=0 rethrow=0 return_oop=0}
                      ; - java.awt.EventQueue::postEventPrivate@83 (line 290)
                      ; - java.awt.EventQueue::postEvent@9 (line 260)
                      ; - sun.awt.PostEventQueue::flush@87 (line 2068)
                      ; - sun.awt.SunToolkit::flushPendingEvents@15 (line 503)
                      ; - java.awt.EventQueue::postEvent@4 (line 259)
                      ; - sun.awt.PostEventQueue::flush@87 (line 2068)
                      ; - sun.awt.SunToolkit::flushPendingEvents@15 (line 503)
                      ; - java.awt.EventQueue::getNextEvent@4 (line 544)
                      ; - java.awt.EventDispatchThread::pumpOneEventForFilters@20 (line 190)
  0x0000019007c61edc: 80dc 9eff 

  0x0000019007c61ee0: ;   {post_call_nop}
  0x0000019007c61ee0: 0f1f 8400 | 0000 0000 | baf6 ffff | ff48 8b6c | 2428 4889 | 4424 f88b | 4424 3089 | 4424 2448 
  0x0000019007c61f00: 8b44 24f8 | 48ff 7424 | 3848 8f44 | 2428 4889 | 4424 f88b | 4424 4889 | 4424 3048 | 8b44 24f8 
  0x0000019007c61f20: 48ff 7424 | 5848 8f44 

  0x0000019007c61f28: ;   {runtime_call UncommonTrapBlob}
  0x0000019007c61f28: 2448 90e8 

  0x0000019007c61f2c: ; ImmutableOopMap {rbp=Oop [36]=NarrowOop [40]=Oop [48]=NarrowOop [52]=NarrowOop [64]=Oop [72]=Oop [96]=Oop [104]=Oop }
                      ;*invokevirtual release {reexecute=0 rethrow=0 return_oop=0}
                      ; - java.util.concurrent.locks.ReentrantLock::unlock@5 (line 495)
                      ; - java.awt.EventQueue::postEventPrivate@83 (line 290)
                      ; - java.awt.EventQueue::postEvent@9 (line 260)
                      ; - sun.awt.PostEventQueue::flush@87 (line 2068)
                      ; - sun.awt.SunToolkit::flushPendingEvents@15 (line 503)
                      ; - java.awt.EventQueue::postEvent@4 (line 259)
                      ; - sun.awt.PostEventQueue::flush@87 (line 2068)
                      ; - sun.awt.SunToolkit::flushPendingEvents@15 (line 503)
                      ; - java.awt.EventQueue::getNextEvent@4 (line 544)
                      ; - java.awt.EventDispatchThread::pumpOneEventForFilters@20 (line 190)
  0x0000019007c61f2c: 30dc 9eff 

  0x0000019007c61f30: ;   {post_call_nop}
  0x0000019007c61f30: 0f1f 8400 | 0000 0000 | baf6 ffff | ff48 8b6c | 2428 4889 | 4424 f88b | 4424 3089 | 4424 2448 
  0x0000019007c61f50: 8b44 24f8 | 48ff 7424 | 3848 8f44 | 2428 48ff | 7424 4048 | 8f44 2438 

  0x0000019007c61f68: ;   {runtime_call UncommonTrapBlob}
  0x0000019007c61f68: 6666 90e8 

  0x0000019007c61f6c: ; ImmutableOopMap {rbp=Oop [36]=NarrowOop [40]=Oop [56]=Oop [72]=NarrowOop [96]=Oop }
                      ;*invokevirtual postEvent {reexecute=0 rethrow=0 return_oop=0}
                      ; - sun.awt.PostEventQueue::flush@87 (line 2068)
                      ; - sun.awt.SunToolkit::flushPendingEvents@15 (line 503)
                      ; - java.awt.EventQueue::getNextEvent@4 (line 544)
                      ; - java.awt.EventDispatchThread::pumpOneEventForFilters@20 (line 190)
  0x0000019007c61f6c: f0db 9eff 

  0x0000019007c61f70: ;   {post_call_nop}
  0x0000019007c61f70: 0f1f 8400 | 0000 0000 | baf4 ffff | ff48 8b6c | 2428 4889 | 4424 f88b | 4424 3089 | 4424 2448 
  0x0000019007c61f90: 8b44 24f8 | 48ff 7424 | 3848 8f44 | 2428 4889 | 4424 f88b | 4424 3489 | 4424 3048 | 8b44 24f8 
  0x0000019007c61fb0: ;   {runtime_call UncommonTrapBlob}
  0x0000019007c61fb0: 6666 90e8 

  0x0000019007c61fb4: ; ImmutableOopMap {rbp=Oop [36]=NarrowOop [40]=Oop [48]=NarrowOop [64]=Oop [72]=NarrowOop [96]=Oop }
                      ;*checkcast {reexecute=0 rethrow=0 return_oop=0}
                      ; - sun.awt.SunToolkit::flushPendingEvents@6 (line 501)
                      ; - java.awt.EventQueue::postEvent@4 (line 259)
                      ; - sun.awt.PostEventQueue::flush@87 (line 2068)
                      ; - sun.awt.SunToolkit::flushPendingEvents@15 (line 503)
                      ; - java.awt.EventQueue::getNextEvent@4 (line 544)
                      ; - java.awt.EventDispatchThread::pumpOneEventForFilters@20 (line 190)
  0x0000019007c61fb4: a8db 9eff 

  0x0000019007c61fb8: ;   {post_call_nop}
  0x0000019007c61fb8: 0f1f 8400 | 0000 0000 | baf4 ffff | ff48 8b6c | 2428 4889 | 4424 f88b | 4424 3089 | 4424 2448 
  0x0000019007c61fd8: 8b44 24f8 | 4489 4c24 | 2c44 8954 

  0x0000019007c61fe4: ;   {runtime_call UncommonTrapBlob}
  0x0000019007c61fe4: 2430 90e8 

  0x0000019007c61fe8: ; ImmutableOopMap {rbp=Oop [36]=NarrowOop [44]=NarrowOop }
                      ;*instanceof {reexecute=0 rethrow=0 return_oop=0}
                      ; - java.awt.EventQueue::uncacheEQItem@20 (line 481)
                      ; - java.awt.EventQueue::getNextEventPrivate@60 (line 570)
                      ; - java.awt.EventQueue::getNextEvent@17 (line 547)
                      ; - java.awt.EventDispatchThread::pumpOneEventForFilters@20 (line 190)
  0x0000019007c61fe8: 74db 9eff 

  0x0000019007c61fec: ;   {post_call_nop}
  0x0000019007c61fec: 0f1f 8400 | 0000 0000 | baf6 ffff | ff48 8b6c | 2428 4889 | 4424 f88b | 4424 3089 | 4424 2448 
  0x0000019007c6200c: 8b44 24f8 | 48ff 7424 | 3848 8f44 | 2428 4889 | 4424 f88b | 4424 4889 | 4424 3048 | 8b44 24f8 
  0x0000019007c6202c: 48ff 7424 | 5848 8f44 | 2448 48ff | 7424 6048 | 8f44 2450 

  0x0000019007c62040: ;   {runtime_call UncommonTrapBlob}
  0x0000019007c62040: 6666 90e8 

  0x0000019007c62044: ; ImmutableOopMap {rbp=Oop [36]=NarrowOop [40]=Oop [48]=NarrowOop [52]=NarrowOop [64]=Oop [72]=Oop [80]=Oop [104]=Oop [112]=NarrowOop }
                      ;*invokeinterface signalAll {reexecute=0 rethrow=0 return_oop=0}
                      ; - java.awt.EventQueue::postEvent@109 (line 341)
                      ; - java.awt.EventQueue::postEventPrivate@76 (line 288)
                      ; - java.awt.EventQueue::postEvent@9 (line 260)
                      ; - sun.awt.PostEventQueue::flush@87 (line 2068)
                      ; - sun.awt.SunToolkit::flushPendingEvents@15 (line 503)
                      ; - java.awt.EventQueue::postEvent@4 (line 259)
                      ; - sun.awt.PostEventQueue::flush@87 (line 2068)
                      ; - sun.awt.SunToolkit::flushPendingEvents@15 (line 503)
                      ; - java.awt.EventQueue::getNextEvent@4 (line 544)
                      ; - java.awt.EventDispatchThread::pumpOneEventForFilters@20 (line 190)
  0x0000019007c62044: 18db 9eff 

  0x0000019007c62048: ;   {post_call_nop}
  0x0000019007c62048: 0f1f 8400 | 0000 0000 | baf6 ffff | ff48 8b6c | 2428 4889 | 4424 f88b | 4424 3089 | 4424 2448 
  0x0000019007c62068: 8b44 24f8 | 48ff 7424 | 3848 8f44 | 2428 4889 | 4424 f88b | 4424 4889 | 4424 3048 | 8b44 24f8 
  0x0000019007c62088: 48ff 7424 | 5848 8f44 | 2448 48ff | 7424 6048 | 8f44 2450 

  0x0000019007c6209c: ;   {runtime_call UncommonTrapBlob}
  0x0000019007c6209c: 6666 90e8 

  0x0000019007c620a0: ; ImmutableOopMap {rbp=Oop [36]=NarrowOop [40]=Oop [48]=NarrowOop [52]=NarrowOop [64]=Oop [72]=Oop [80]=Oop [104]=Oop [112]=NarrowOop }
                      ;*invokevirtual isHeldExclusively {reexecute=0 rethrow=0 return_oop=0}
                      ; - java.util.concurrent.locks.AbstractQueuedSynchronizer$ConditionObject::signalAll@9 (line 1590)
                      ; - java.awt.EventQueue::postEvent@109 (line 341)
                      ; - java.awt.EventQueue::postEventPrivate@76 (line 288)
                      ; - java.awt.EventQueue::postEvent@9 (line 260)
                      ; - sun.awt.PostEventQueue::flush@87 (line 2068)
                      ; - sun.awt.SunToolkit::flushPendingEvents@15 (line 503)
                      ; - java.awt.EventQueue::postEvent@4 (line 259)
                      ; - sun.awt.PostEventQueue::flush@87 (line 2068)
                      ; - sun.awt.SunToolkit::flushPendingEvents@15 (line 503)
                      ; - java.awt.EventQueue::getNextEvent@4 (line 544)
                      ; - java.awt.EventDispatchThread::pumpOneEventForFilters@20 (line 190)
  0x0000019007c620a0: bcda 9eff 

  0x0000019007c620a4: ;   {post_call_nop}
  0x0000019007c620a4: 0f1f 8400 | 0000 0000 | baf6 ffff | ff48 8b6c | 2428 4889 | 4424 f88b | 4424 3089 | 4424 2448 
  0x0000019007c620c4: 8b44 24f8 | 48ff 7424 | 3848 8f44 | 2428 4889 | 4424 f88b | 4424 4889 | 4424 3048 | 8b44 24f8 
  0x0000019007c620e4: 48ff 7424 | 5848 8f44 | 2450 48ff | 7424 6048 | 8f44 2458 | 48ff 7424 | 6848 8f44 | 2460 4889 
  0x0000019007c62104: 4424 f88b | 4424 7089 | 4424 4848 | 8b44 24f8 | 4889 4424 | f88b 8424 | 8800 0000 | 8944 2470 
  0x0000019007c62124: 488b 4424 

  0x0000019007c62128: ;   {runtime_call UncommonTrapBlob}
  0x0000019007c62128: f866 90e8 

  0x0000019007c6212c: ; ImmutableOopMap {rbp=Oop [36]=NarrowOop [40]=Oop [48]=NarrowOop [52]=NarrowOop [64]=Oop [72]=NarrowOop [76]=NarrowOop [80]=Oop [88]=Oop [96]=Oop [112]=NarrowOop [116]=NarrowOop }
                      ;*invokeinterface isEmpty {reexecute=0 rethrow=0 return_oop=0}
                      ; - sun.awt.AWTAutoShutdown::isReadyToShutdown@11 (line 236)
                      ; - sun.awt.AWTAutoShutdown::notifyThreadBusy@34 (line 174)
                      ; - java.awt.EventQueue::postEvent@102 (line 339)
                      ; - java.awt.EventQueue::postEventPrivate@76 (line 288)
                      ; - java.awt.EventQueue::postEvent@9 (line 260)
                      ; - sun.awt.PostEventQueue::flush@87 (line 2068)
                      ; - sun.awt.SunToolkit::flushPendingEvents@15 (line 503)
                      ; - java.awt.EventQueue::postEvent@4 (line 259)
                      ; - sun.awt.PostEventQueue::flush@87 (line 2068)
                      ; - sun.awt.SunToolkit::flushPendingEvents@15 (line 503)
                      ; - java.awt.EventQueue::getNextEvent@4 (line 544)
                      ; - java.awt.EventDispatchThread::pumpOneEventForFilters@20 (line 190)
  0x0000019007c6212c: 30da 9eff 

  0x0000019007c62130: ;   {post_call_nop}
  0x0000019007c62130: 0f1f 8400 | 0000 0000 | ba45 ffff | ff48 8b6c | 2428 4889 | 4424 f88b | 4424 3089 | 4424 2448 
  0x0000019007c62150: 8b44 24f8 | 4889 4424 | f88b 4424 | 3889 4424 | 2848 8b44 | 24f8 4889 | 4424 f88b | 4424 3c89 
  0x0000019007c62170: 4424 2c48 | 8b44 24f8 | 4489 4424 

  0x0000019007c6217c: ;   {runtime_call UncommonTrapBlob}
  0x0000019007c6217c: 3c66 90e8 

  0x0000019007c62180: ; ImmutableOopMap {rbp=Oop [36]=NarrowOop [40]=NarrowOop [44]=NarrowOop [60]=NarrowOop }
                      ;*ifnull {reexecute=1 rethrow=0 return_oop=0}
                      ; - (reexecute) java.util.HashMap::removeNode@7 (line 823)
                      ; - java.util.HashMap::remove@9 (line 806)
                      ; - java.util.HashSet::remove@5 (line 246)
                      ; - sun.awt.AWTAutoShutdown::notifyThreadFree@24 (line 198)
                      ; - java.awt.EventQueue::getNextEvent@45 (line 551)
                      ; - java.awt.EventDispatchThread::pumpOneEventForFilters@20 (line 190)
  0x0000019007c62180: dcd9 9eff 

  0x0000019007c62184: ;   {post_call_nop}
  0x0000019007c62184: 0f1f 8400 | 0000 0000 | baf4 ffff | ff48 8b6c | 2428 4889 | 4424 f88b | 4424 3089 | 4424 2448 
  0x0000019007c621a4: 8b44 24f8 | 48ff 7424 | 3848 8f44 | 2428 48ff | 7424 6048 | 8f44 2438 | 48ff 7424 | 6848 8f44 
  0x0000019007c621c4: 2450 4489 

  0x0000019007c621c8: ;   {runtime_call UncommonTrapBlob}
  0x0000019007c621c8: 5424 60e8 

  0x0000019007c621cc: ; ImmutableOopMap {rbp=Oop [36]=NarrowOop [40]=Oop [52]=NarrowOop [56]=Oop [64]=Oop [72]=NarrowOop [80]=Oop }
                      ;*instanceof {reexecute=0 rethrow=0 return_oop=0}
                      ; - java.awt.EventQueue::cacheEQItem@20 (line 470)
                      ; - java.awt.EventQueue::postEvent@21 (line 329)
                      ; - java.awt.EventQueue::postEventPrivate@76 (line 288)
                      ; - java.awt.EventQueue::postEvent@9 (line 260)
                      ; - sun.awt.PostEventQueue::flush@87 (line 2068)
                      ; - sun.awt.SunToolkit::flushPendingEvents@15 (line 503)
                      ; - java.awt.EventQueue::getNextEvent@4 (line 544)
                      ; - java.awt.EventDispatchThread::pumpOneEventForFilters@20 (line 190)
  0x0000019007c621cc: 90d9 9eff 

  0x0000019007c621d0: ;   {post_call_nop}
  0x0000019007c621d0: 0f1f 8400 | 0000 0000 | baf6 ffff | ff48 8b6c | 2428 4889 | 4424 f88b | 4424 3089 | 4424 2448 
  0x0000019007c621f0: 8b44 24f8 | 48ff 7424 | 3848 8f44 | 2428 4889 | 4424 f88b | 4424 3489 | 4424 3048 | 8b44 24f8 
  0x0000019007c62210: 4889 4424 | f88b 4424 | 4889 4424 | 3448 8b44 | 24f8 48ff | 7424 5848 | 8f44 2448 | 48ff 7424 
  0x0000019007c62230: 6048 8f44 

  0x0000019007c62234: ;   {runtime_call UncommonTrapBlob}
  0x0000019007c62234: 2450 90e8 

  0x0000019007c62238: ; ImmutableOopMap {rbp=Oop [36]=NarrowOop [40]=Oop [48]=NarrowOop [52]=NarrowOop [64]=Oop [72]=Oop [80]=Oop [104]=Oop [112]=NarrowOop }
                      ;*invokevirtual postEvent {reexecute=0 rethrow=0 return_oop=0}
                      ; - sun.awt.PostEventQueue::flush@87 (line 2068)
                      ; - sun.awt.SunToolkit::flushPendingEvents@15 (line 503)
                      ; - java.awt.EventQueue::postEvent@4 (line 259)
                      ; - sun.awt.PostEventQueue::flush@87 (line 2068)
                      ; - sun.awt.SunToolkit::flushPendingEvents@15 (line 503)
                      ; - java.awt.EventQueue::getNextEvent@4 (line 544)
                      ; - java.awt.EventDispatchThread::pumpOneEventForFilters@20 (line 190)
  0x0000019007c62238: 24d9 9eff 

  0x0000019007c6223c: ;   {post_call_nop}
  0x0000019007c6223c: 0f1f 8400 | 0000 0000 | baf6 ffff | ff48 8b6c | 2428 4889 | 4424 f88b | 4424 3089 | 4424 2448 
  0x0000019007c6225c: 8b44 24f8 | 48ff 7424 | 3848 8f44 | 2428 4889 | 4424 f88b | 4424 3489 | 4424 3048 | 8b44 24f8 
  0x0000019007c6227c: 4889 4424 | f88b 4424 | 4889 4424 | 3448 8b44 | 24f8 48ff | 7424 5848 | 8f44 2450 | 48ff 7424 
  0x0000019007c6229c: 6048 8f44 

  0x0000019007c622a0: ;   {runtime_call UncommonTrapBlob}
  0x0000019007c622a0: 2458 90e8 

  0x0000019007c622a4: ; ImmutableOopMap {rbp=Oop [36]=NarrowOop [40]=Oop [48]=NarrowOop [52]=NarrowOop [64]=Oop [76]=NarrowOop [80]=Oop [88]=Oop [104]=Oop }
                      ;*putfield isPosted {reexecute=1 rethrow=0 return_oop=0}
                      ; - (reexecute) java.awt.EventQueue::postEventPrivate@2 (line 273)
                      ; - java.awt.EventQueue::postEvent@9 (line 260)
                      ; - sun.awt.PostEventQueue::flush@87 (line 2068)
                      ; - sun.awt.SunToolkit::flushPendingEvents@15 (line 503)
                      ; - java.awt.EventQueue::postEvent@4 (line 259)
                      ; - sun.awt.PostEventQueue::flush@87 (line 2068)
                      ; - sun.awt.SunToolkit::flushPendingEvents@15 (line 503)
                      ; - java.awt.EventQueue::getNextEvent@4 (line 544)
                      ; - java.awt.EventDispatchThread::pumpOneEventForFilters@20 (line 190)
  0x0000019007c622a4: b8d8 9eff 

  0x0000019007c622a8: ;   {post_call_nop}
  0x0000019007c622a8: 0f1f 8400 | 0000 0000 | baf6 ffff | ff48 8b6c | 2428 4889 | 4424 f88b | 4424 3089 | 4424 2448 
  0x0000019007c622c8: 8b44 24f8 | 48ff 7424 | 3848 8f44 | 2428 4889 | 4424 f88b | 4424 3489 | 4424 3048 | 8b44 24f8 
  0x0000019007c622e8: 4889 4424 | f88b 4424 | 4889 4424 | 3448 8b44 | 24f8 48ff | 7424 5848 | 8f44 2450 | 48ff 7424 
  0x0000019007c62308: 6048 8f44 | 2458 4889 | 4424 f88b | 4424 4c89 | 4424 4848 | 8b44 24f8 

  0x0000019007c62320: ;   {runtime_call UncommonTrapBlob}
  0x0000019007c62320: 6666 90e8 

  0x0000019007c62324: ; ImmutableOopMap {rbp=Oop [36]=NarrowOop [40]=Oop [48]=NarrowOop [52]=NarrowOop [64]=Oop [72]=NarrowOop [80]=Oop [88]=Oop [104]=Oop [112]=NarrowOop }
                      ;*invokeinterface lock {reexecute=0 rethrow=0 return_oop=0}
                      ; - java.awt.EventQueue::postEventPrivate@9 (line 274)
                      ; - java.awt.EventQueue::postEvent@9 (line 260)
                      ; - sun.awt.PostEventQueue::flush@87 (line 2068)
                      ; - sun.awt.SunToolkit::flushPendingEvents@15 (line 503)
                      ; - java.awt.EventQueue::postEvent@4 (line 259)
                      ; - sun.awt.PostEventQueue::flush@87 (line 2068)
                      ; - sun.awt.SunToolkit::flushPendingEvents@15 (line 503)
                      ; - java.awt.EventQueue::getNextEvent@4 (line 544)
                      ; - java.awt.EventDispatchThread::pumpOneEventForFilters@20 (line 190)
  0x0000019007c62324: 38d8 9eff 

  0x0000019007c62328: ;   {post_call_nop}
  0x0000019007c62328: 0f1f 8400 | 0000 0000 | baf4 ffff | ff48 8b6c | 2428 4889 | 4424 f88b | 4424 3089 | 4424 2448 
  0x0000019007c62348: 8b44 24f8 | 48ff 7424 | 3848 8f44 | 2428 4889 | 4424 f88b | 4424 3489 | 4424 3048 | 8b44 24f8 
  0x0000019007c62368: 4889 4424 | f88b 4424 | 4889 4424 | 3448 8b44 | 24f8 48ff | 7424 5848 | 8f44 2450 | 48ff 7424 
  0x0000019007c62388: 6048 8f44 | 2458 48ff | 7424 6848 | 8f44 2460 | 4889 4424 | f88b 4424 | 4c89 4424 | 4848 8b44 
  0x0000019007c623a8: ;   {runtime_call UncommonTrapBlob}
  0x0000019007c623a8: 24f8 90e8 

  0x0000019007c623ac: ; ImmutableOopMap {rbp=Oop [36]=NarrowOop [40]=Oop [48]=NarrowOop [52]=NarrowOop [64]=Oop [72]=NarrowOop [80]=Oop [88]=Oop [96]=Oop [112]=NarrowOop }
                      ;*instanceof {reexecute=0 rethrow=0 return_oop=0}
                      ; - java.awt.EventQueue::coalesceEvent@4 (line 447)
                      ; - java.awt.EventQueue::postEvent@3 (line 323)
                      ; - java.awt.EventQueue::postEventPrivate@76 (line 288)
                      ; - java.awt.EventQueue::postEvent@9 (line 260)
                      ; - sun.awt.PostEventQueue::flush@87 (line 2068)
                      ; - sun.awt.SunToolkit::flushPendingEvents@15 (line 503)
                      ; - java.awt.EventQueue::postEvent@4 (line 259)
                      ; - sun.awt.PostEventQueue::flush@87 (line 2068)
                      ; - sun.awt.SunToolkit::flushPendingEvents@15 (line 503)
                      ; - java.awt.EventQueue::getNextEvent@4 (line 544)
                      ; - java.awt.EventDispatchThread::pumpOneEventForFilters@20 (line 190)
  0x0000019007c623ac: b0d7 9eff 

  0x0000019007c623b0: ;   {post_call_nop}
  0x0000019007c623b0: 0f1f 8400 | 0000 0000 | baf6 ffff | ff48 8b6c | 2428 4889 | 4424 f88b | 4424 3089 | 4424 2448 
  0x0000019007c623d0: 8b44 24f8 | 48ff 7424 | 3848 8f44 | 2428 4889 | 4424 f88b | 4424 3489 | 4424 3048 | 8b44 24f8 
  0x0000019007c623f0: 4889 4424 | f88b 4424 | 4889 4424 | 3448 8b44 | 24f8 48ff | 7424 5848 | 8f44 2450 | 48ff 7424 
  0x0000019007c62410: 6048 8f44 | 2458 4489 

  0x0000019007c62418: ;   {runtime_call UncommonTrapBlob}
  0x0000019007c62418: 5c24 48e8 

  0x0000019007c6241c: ; ImmutableOopMap {rbp=Oop [36]=NarrowOop [40]=Oop [48]=NarrowOop [52]=NarrowOop [64]=Oop [72]=NarrowOop [80]=Oop [88]=Oop [104]=Oop }
                      ;*aaload {reexecute=0 rethrow=0 return_oop=0}
                      ; - java.awt.EventQueue::postEvent@47 (line 333)
                      ; - java.awt.EventQueue::postEventPrivate@76 (line 288)
                      ; - java.awt.EventQueue::postEvent@9 (line 260)
                      ; - sun.awt.PostEventQueue::flush@87 (line 2068)
                      ; - sun.awt.SunToolkit::flushPendingEvents@15 (line 503)
                      ; - java.awt.EventQueue::postEvent@4 (line 259)
                      ; - sun.awt.PostEventQueue::flush@87 (line 2068)
                      ; - sun.awt.SunToolkit::flushPendingEvents@15 (line 503)
                      ; - java.awt.EventQueue::getNextEvent@4 (line 544)
                      ; - java.awt.EventDispatchThread::pumpOneEventForFilters@20 (line 190)
  0x0000019007c6241c: 40d7 9eff 

  0x0000019007c62420: ;   {post_call_nop}
  0x0000019007c62420: 0f1f 8400 | 0000 0000 | baf6 ffff | ff48 8b6c | 2428 4889 | 4424 f88b | 4424 3089 | 4424 2448 
  0x0000019007c62440: 8b44 24f8 | 48ff 7424 | 3848 8f44 | 2428 4889 | 4424 f88b | 4424 3489 | 4424 3048 | 8b44 24f8 
  0x0000019007c62460: 4889 4424 | f88b 4424 | 4889 4424 | 3448 8b44 | 24f8 48ff | 7424 5848 | 8f44 2450 | 48ff 7424 
  0x0000019007c62480: 6048 8f44 

  0x0000019007c62484: ;   {runtime_call UncommonTrapBlob}
  0x0000019007c62484: 2458 90e8 

  0x0000019007c62488: ; ImmutableOopMap {rbp=Oop [36]=NarrowOop [40]=Oop [48]=NarrowOop [52]=NarrowOop [64]=Oop [76]=NarrowOop [80]=Oop [88]=Oop [104]=Oop }
                      ;*getfield head {reexecute=1 rethrow=0 return_oop=0}
                      ; - (reexecute) java.awt.EventQueue::postEvent@48 (line 333)
                      ; - java.awt.EventQueue::postEventPrivate@76 (line 288)
                      ; - java.awt.EventQueue::postEvent@9 (line 260)
                      ; - sun.awt.PostEventQueue::flush@87 (line 2068)
                      ; - sun.awt.SunToolkit::flushPendingEvents@15 (line 503)
                      ; - java.awt.EventQueue::postEvent@4 (line 259)
                      ; - sun.awt.PostEventQueue::flush@87 (line 2068)
                      ; - sun.awt.SunToolkit::flushPendingEvents@15 (line 503)
                      ; - java.awt.EventQueue::getNextEvent@4 (line 544)
                      ; - java.awt.EventDispatchThread::pumpOneEventForFilters@20 (line 190)
  0x0000019007c62488: d4d6 9eff 

  0x0000019007c6248c: ;   {post_call_nop}
  0x0000019007c6248c: 0f1f 8400 | 0000 0000 | baf6 ffff | ff48 8b6c | 2428 4889 | 4424 f88b | 4424 3089 | 4424 2448 
  0x0000019007c624ac: 8b44 24f8 | 48ff 7424 | 3848 8f44 | 2428 4889 | 4424 f88b | 4424 3489 | 4424 3048 | 8b44 24f8 
  0x0000019007c624cc: 4889 4424 | f88b 4424 | 4889 4424 | 3448 8b44 | 24f8 48ff | 7424 5848 | 8f44 2448 

  0x0000019007c624e8: ;   {runtime_call UncommonTrapBlob}
  0x0000019007c624e8: 6666 90e8 

  0x0000019007c624ec: ; ImmutableOopMap {rbp=Oop [36]=NarrowOop [40]=Oop [48]=NarrowOop [52]=NarrowOop [64]=Oop [72]=Oop [96]=Oop [104]=Oop }
                      ;*invokeinterface unlock {reexecute=0 rethrow=0 return_oop=0}
                      ; - java.awt.EventQueue::postEventPrivate@83 (line 290)
                      ; - java.awt.EventQueue::postEvent@9 (line 260)
                      ; - sun.awt.PostEventQueue::flush@87 (line 2068)
                      ; - sun.awt.SunToolkit::flushPendingEvents@15 (line 503)
                      ; - java.awt.EventQueue::postEvent@4 (line 259)
                      ; - sun.awt.PostEventQueue::flush@87 (line 2068)
                      ; - sun.awt.SunToolkit::flushPendingEvents@15 (line 503)
                      ; - java.awt.EventQueue::getNextEvent@4 (line 544)
                      ; - java.awt.EventDispatchThread::pumpOneEventForFilters@20 (line 190)
  0x0000019007c624ec: 70d6 9eff 

  0x0000019007c624f0: ;   {post_call_nop}
  0x0000019007c624f0: 0f1f 8400 | 0000 0000 | baf6 ffff | ff48 8b6c | 2428 4889 | 4424 f88b | 4424 3089 | 4424 2448 
  0x0000019007c62510: 8b44 24f8 | 48ff 7424 | 3848 8f44 | 2428 4889 | 4424 f88b | 4424 3489 | 4424 3048 | 8b44 24f8 
  0x0000019007c62530: 4889 4424 | f88b 4424 | 4889 4424 | 3448 8b44 | 24f8 48ff | 7424 5848 | 8f44 2450 | 48ff 7424 
  0x0000019007c62550: 6048 8f44 

  0x0000019007c62554: ;   {runtime_call UncommonTrapBlob}
  0x0000019007c62554: 2458 90e8 

  0x0000019007c62558: ; ImmutableOopMap {rbp=Oop [36]=NarrowOop [40]=Oop [48]=NarrowOop [52]=NarrowOop [64]=Oop [76]=NarrowOop [80]=Oop [88]=Oop [104]=Oop }
                      ;*invokeinterface signalAll {reexecute=0 rethrow=0 return_oop=0}
                      ; - java.awt.EventQueue::postEvent@109 (line 341)
                      ; - java.awt.EventQueue::postEventPrivate@76 (line 288)
                      ; - java.awt.EventQueue::postEvent@9 (line 260)
                      ; - sun.awt.PostEventQueue::flush@87 (line 2068)
                      ; - sun.awt.SunToolkit::flushPendingEvents@15 (line 503)
                      ; - java.awt.EventQueue::postEvent@4 (line 259)
                      ; - sun.awt.PostEventQueue::flush@87 (line 2068)
                      ; - sun.awt.SunToolkit::flushPendingEvents@15 (line 503)
                      ; - java.awt.EventQueue::getNextEvent@4 (line 544)
                      ; - java.awt.EventDispatchThread::pumpOneEventForFilters@20 (line 190)
  0x0000019007c62558: 04d6 9eff 

  0x0000019007c6255c: ;   {post_call_nop}
  0x0000019007c6255c: 0f1f 8400 | 0000 0000 | baf6 ffff | ff48 8b6c | 2428 4889 | 4424 f88b | 4424 3089 | 4424 2448 
  0x0000019007c6257c: 8b44 24f8 | 48ff 7424 | 3848 8f44 | 2428 4889 | 4424 f88b | 4424 3489 | 4424 3048 | 8b44 24f8 
  0x0000019007c6259c: 4889 4424 | f88b 4424 | 4889 4424 | 3448 8b44 | 24f8 48ff | 7424 5848 | 8f44 2450 | 48ff 7424 
  0x0000019007c625bc: 6048 8f44 

  0x0000019007c625c0: ;   {runtime_call UncommonTrapBlob}
  0x0000019007c625c0: 2458 90e8 

  0x0000019007c625c4: ; ImmutableOopMap {rbp=Oop [36]=NarrowOop [40]=Oop [48]=NarrowOop [52]=NarrowOop [64]=Oop [76]=NarrowOop [80]=Oop [88]=Oop [104]=Oop }
                      ;*invokevirtual isHeldExclusively {reexecute=0 rethrow=0 return_oop=0}
                      ; - java.util.concurrent.locks.AbstractQueuedSynchronizer$ConditionObject::signalAll@9 (line 1590)
                      ; - java.awt.EventQueue::postEvent@109 (line 341)
                      ; - java.awt.EventQueue::postEventPrivate@76 (line 288)
                      ; - java.awt.EventQueue::postEvent@9 (line 260)
                      ; - sun.awt.PostEventQueue::flush@87 (line 2068)
                      ; - sun.awt.SunToolkit::flushPendingEvents@15 (line 503)
                      ; - java.awt.EventQueue::postEvent@4 (line 259)
                      ; - sun.awt.PostEventQueue::flush@87 (line 2068)
                      ; - sun.awt.SunToolkit::flushPendingEvents@15 (line 503)
                      ; - java.awt.EventQueue::getNextEvent@4 (line 544)
                      ; - java.awt.EventDispatchThread::pumpOneEventForFilters@20 (line 190)
  0x0000019007c625c4: 98d5 9eff 

  0x0000019007c625c8: ;   {post_call_nop}
  0x0000019007c625c8: 0f1f 8400 | 0000 0000 | baf6 ffff | ff48 8b6c | 2428 4889 | 4424 f88b | 4424 3089 | 4424 2448 
  0x0000019007c625e8: 8b44 24f8 | 48ff 7424 | 3848 8f44 | 2428 4889 | 4424 f88b | 4424 3489 | 4424 3048 | 8b44 24f8 
  0x0000019007c62608: 4889 4424 | f88b 4424 | 4889 4424 | 3448 8b44 | 24f8 48ff | 7424 5848 | 8f44 2450 | 48ff 7424 
  0x0000019007c62628: 6048 8f44 | 2458 48ff | 7424 6848 | 8f44 2460 | 4889 4424 | f88b 4424 | 7089 4424 | 6848 8b44 
  0x0000019007c62648: 24f8 4889 | 4424 f88b | 8424 8800 | 0000 8944 | 2470 488b 

  0x0000019007c6265c: ;   {runtime_call UncommonTrapBlob}
  0x0000019007c6265c: 4424 f8e8 

  0x0000019007c62660: ; ImmutableOopMap {rbp=Oop [36]=NarrowOop [40]=Oop [48]=NarrowOop [52]=NarrowOop [64]=Oop [76]=NarrowOop [80]=Oop [88]=Oop [96]=Oop [104]=NarrowOop [112]=NarrowOop [116]=NarrowOop }
                      ;*invokeinterface isEmpty {reexecute=0 rethrow=0 return_oop=0}
                      ; - sun.awt.AWTAutoShutdown::isReadyToShutdown@11 (line 236)
                      ; - sun.awt.AWTAutoShutdown::notifyThreadBusy@34 (line 174)
                      ; - java.awt.EventQueue::postEvent@102 (line 339)
                      ; - java.awt.EventQueue::postEventPrivate@76 (line 288)
                      ; - java.awt.EventQueue::postEvent@9 (line 260)
                      ; - sun.awt.PostEventQueue::flush@87 (line 2068)
                      ; - sun.awt.SunToolkit::flushPendingEvents@15 (line 503)
                      ; - java.awt.EventQueue::postEvent@4 (line 259)
                      ; - sun.awt.PostEventQueue::flush@87 (line 2068)
                      ; - sun.awt.SunToolkit::flushPendingEvents@15 (line 503)
                      ; - java.awt.EventQueue::getNextEvent@4 (line 544)
                      ; - java.awt.EventDispatchThread::pumpOneEventForFilters@20 (line 190)
  0x0000019007c62660: fcd4 9eff 

  0x0000019007c62664: ;   {post_call_nop}
  0x0000019007c62664: 0f1f 8400 | 0000 0000 | baf4 ffff | ff48 8b6c | 2428 4889 | 4424 f88b | 4424 3089 | 4424 2448 
  0x0000019007c62684: 8b44 24f8 | 48ff 7424 | 3848 8f44 | 2428 4889 | 4424 f88b | 4424 4889 | 4424 3048 | 8b44 24f8 
  0x0000019007c626a4: 48ff 7424 | 5848 8f44 | 2450 48ff | 7424 6048 | 8f44 2458 | 48ff 7424 | 6848 8f44 | 2460 4889 
  0x0000019007c626c4: 4424 f88b | 4424 7089 | 4424 4848 | 8b44 24f8 | 48ff b424 | 8800 0000 | 488f 4424 | 7044 8994 
  0x0000019007c626e4: 2480 0000 

  0x0000019007c626e8: ;   {runtime_call UncommonTrapBlob}
  0x0000019007c626e8: 0066 90e8 

  0x0000019007c626ec: ; ImmutableOopMap {rbp=Oop [36]=NarrowOop [40]=Oop [48]=NarrowOop [52]=NarrowOop [64]=Oop [72]=NarrowOop [76]=NarrowOop [80]=Oop [88]=Oop [96]=Oop [112]=Oop }
                      ;*instanceof {reexecute=0 rethrow=0 return_oop=0}
                      ; - java.awt.EventQueue::cacheEQItem@20 (line 470)
                      ; - java.awt.EventQueue::postEvent@21 (line 329)
                      ; - java.awt.EventQueue::postEventPrivate@76 (line 288)
                      ; - java.awt.EventQueue::postEvent@9 (line 260)
                      ; - sun.awt.PostEventQueue::flush@87 (line 2068)
                      ; - sun.awt.SunToolkit::flushPendingEvents@15 (line 503)
                      ; - java.awt.EventQueue::postEvent@4 (line 259)
                      ; - sun.awt.PostEventQueue::flush@87 (line 2068)
                      ; - sun.awt.SunToolkit::flushPendingEvents@15 (line 503)
                      ; - java.awt.EventQueue::getNextEvent@4 (line 544)
                      ; - java.awt.EventDispatchThread::pumpOneEventForFilters@20 (line 190)
  0x0000019007c626ec: 70d4 9eff 

  0x0000019007c626f0: ;   {post_call_nop}
  0x0000019007c626f0: 0f1f 8400 | 0000 0000 | ba45 ffff | ff48 ff74 | 2428 488f | 4424 2048 | 8944 24f8 | 8b44 2430 
  0x0000019007c62710: 8944 242c | 488b 4424 | f844 894c 

  0x0000019007c6271c: ;   {runtime_call UncommonTrapBlob}
  0x0000019007c6271c: 2430 90e8 

  0x0000019007c62720: ; ImmutableOopMap {rbp=NarrowOop [32]=Oop [44]=NarrowOop [48]=NarrowOop }
                      ;*ifnonnull {reexecute=1 rethrow=0 return_oop=0}
                      ; - (reexecute) java.awt.EventQueue::uncacheEQItem@41 (line 483)
                      ; - java.awt.EventQueue::getNextEventPrivate@60 (line 570)
                      ; - java.awt.EventQueue::getNextEvent@17 (line 547)
                      ; - java.awt.EventDispatchThread::pumpOneEventForFilters@20 (line 190)
  0x0000019007c62720: 3cd4 9eff 

  0x0000019007c62724: ;   {post_call_nop}
  0x0000019007c62724: 0f1f 8400 | 0000 0000 | baf6 ffff | ff48 8b6c | 2428 4889 | 4424 f88b | 4424 3089 | 4424 2448 
  0x0000019007c62744: 8b44 24f8 | 48ff 7424 | 3848 8f44 | 2428 48ff | 7424 4048 | 8f44 2438 | 4489 5424 

  0x0000019007c62760: ;   {runtime_call UncommonTrapBlob}
  0x0000019007c62760: 4466 90e8 

  0x0000019007c62764: ; ImmutableOopMap {rbp=Oop [36]=NarrowOop [40]=Oop [56]=Oop [68]=NarrowOop [72]=NarrowOop [96]=Oop }
                      ;*invokevirtual enqueue {reexecute=0 rethrow=0 return_oop=0}
                      ; - java.util.concurrent.locks.AbstractQueuedSynchronizer$ConditionObject::doSignal@46 (line 1556)
                      ; - java.util.concurrent.locks.AbstractQueuedSynchronizer$ConditionObject::signalAll@30 (line 1593)
                      ; - java.awt.EventQueue::postEvent@109 (line 341)
                      ; - java.awt.EventQueue::postEventPrivate@76 (line 288)
                      ; - java.awt.EventQueue::postEvent@9 (line 260)
                      ; - sun.awt.PostEventQueue::flush@87 (line 2068)
                      ; - sun.awt.SunToolkit::flushPendingEvents@15 (line 503)
                      ; - java.awt.EventQueue::getNextEvent@4 (line 544)
                      ; - java.awt.EventDispatchThread::pumpOneEventForFilters@20 (line 190)
  0x0000019007c62764: f8d3 9eff 

  0x0000019007c62768: ;   {post_call_nop}
  0x0000019007c62768: 0f1f 8400 | 0000 0000 | baf4 ffff | ff48 8b6c | 2428 4889 | 4424 f88b | 4424 3089 | 4424 2448 
  0x0000019007c62788: 8b44 24f8 | 48ff 7424 | 3848 8f44 | 2428 4889 | 4424 f88b | 4424 3489 | 4424 3048 | 8b44 24f8 
  0x0000019007c627a8: 4889 4424 | f88b 4424 | 4889 4424 | 3448 8b44 | 24f8 48ff | 7424 5848 | 8f44 2450 | 48ff 7424 
  0x0000019007c627c8: 6048 8f44 | 2458 48ff | 7424 6848 | 8f44 2460 | 4489 4424 | 6848 ffb4 | 2488 0000 | 0048 8f44 
  0x0000019007c627e8: 2470 4489 | 9424 8000 

  0x0000019007c627f0: ;   {runtime_call UncommonTrapBlob}
  0x0000019007c627f0: 0000 90e8 

  0x0000019007c627f4: ; ImmutableOopMap {rbp=Oop [36]=NarrowOop [40]=Oop [48]=NarrowOop [52]=NarrowOop [64]=Oop [76]=NarrowOop [80]=Oop [88]=Oop [96]=Oop [104]=NarrowOop [112]=Oop }
                      ;*instanceof {reexecute=0 rethrow=0 return_oop=0}
                      ; - java.awt.EventQueue::cacheEQItem@20 (line 470)
                      ; - java.awt.EventQueue::postEvent@21 (line 329)
                      ; - java.awt.EventQueue::postEventPrivate@76 (line 288)
                      ; - java.awt.EventQueue::postEvent@9 (line 260)
                      ; - sun.awt.PostEventQueue::flush@87 (line 2068)
                      ; - sun.awt.SunToolkit::flushPendingEvents@15 (line 503)
                      ; - java.awt.EventQueue::postEvent@4 (line 259)
                      ; - sun.awt.PostEventQueue::flush@87 (line 2068)
                      ; - sun.awt.SunToolkit::flushPendingEvents@15 (line 503)
                      ; - java.awt.EventQueue::getNextEvent@4 (line 544)
                      ; - java.awt.EventDispatchThread::pumpOneEventForFilters@20 (line 190)
  0x0000019007c627f4: 68d3 9eff 

  0x0000019007c627f8: ;   {post_call_nop}
  0x0000019007c627f8: 0f1f 8400 | 0000 0000 | baf6 ffff | ff48 8b6c | 2428 4889 | 4424 f88b | 4424 3089 | 4424 2448 
  0x0000019007c62818: 8b44 24f8 | 48ff 7424 | 3848 8f44 | 2428 4889 | 4424 f88b | 4424 4889 | 4424 3048 | 8b44 24f8 
  0x0000019007c62838: 48ff 7424 | 5848 8f44 | 2448 48ff | 7424 6048 | 8f44 2450 | 4489 5c24 

  0x0000019007c62850: ;   {runtime_call UncommonTrapBlob}
  0x0000019007c62850: 6466 90e8 

  0x0000019007c62854: ; ImmutableOopMap {rbp=Oop [36]=NarrowOop [40]=Oop [48]=NarrowOop [52]=NarrowOop [64]=Oop [72]=Oop [80]=Oop [100]=NarrowOop [104]=Oop [112]=NarrowOop }
                      ;*invokevirtual enqueue {reexecute=0 rethrow=0 return_oop=0}
                      ; - java.util.concurrent.locks.AbstractQueuedSynchronizer$ConditionObject::doSignal@46 (line 1556)
                      ; - java.util.concurrent.locks.AbstractQueuedSynchronizer$ConditionObject::signalAll@30 (line 1593)
                      ; - java.awt.EventQueue::postEvent@109 (line 341)
                      ; - java.awt.EventQueue::postEventPrivate@76 (line 288)
                      ; - java.awt.EventQueue::postEvent@9 (line 260)
                      ; - sun.awt.PostEventQueue::flush@87 (line 2068)
                      ; - sun.awt.SunToolkit::flushPendingEvents@15 (line 503)
                      ; - java.awt.EventQueue::postEvent@4 (line 259)
                      ; - sun.awt.PostEventQueue::flush@87 (line 2068)
                      ; - sun.awt.SunToolkit::flushPendingEvents@15 (line 503)
                      ; - java.awt.EventQueue::getNextEvent@4 (line 544)
                      ; - java.awt.EventDispatchThread::pumpOneEventForFilters@20 (line 190)
  0x0000019007c62854: 08d3 9eff 

  0x0000019007c62858: ;   {post_call_nop}
  0x0000019007c62858: 0f1f 8400 | 0000 0000 | 488b e8eb | 0348 8be8 | ba95 ffff | ff48 ff74 | 2428 488f | 4424 2048 
  0x0000019007c62878: 8944 24f8 | 8b44 2430 | 8944 242c | 488b 4424 

  0x0000019007c62888: ;   {runtime_call UncommonTrapBlob}
  0x0000019007c62888: f866 90e8 

  0x0000019007c6288c: ; ImmutableOopMap {rbp=Oop [32]=Oop [44]=NarrowOop [56]=NarrowOop [60]=NarrowOop }
                      ;*astore {reexecute=0 rethrow=0 return_oop=0}
                      ; - sun.awt.AWTAutoShutdown::notifyThreadFree@54 (line 203)
                      ; - java.awt.EventQueue::getNextEvent@45 (line 551)
                      ; - java.awt.EventDispatchThread::pumpOneEventForFilters@20 (line 190)
  0x0000019007c6288c: d0d2 9eff 

  0x0000019007c62890: ;   {post_call_nop}
  0x0000019007c62890: 0f1f 8400 | 0000 0000 | 488b e8eb | 0348 8be8 | ba95 ffff | ff48 ff74 | 2428 488f | 4424 2048 
  0x0000019007c628b0: 8944 24f8 | 8b44 2430 | 8944 242c | 488b 4424 | f848 ff74 | 2438 488f | 4424 3048 | 8944 24f8 
  0x0000019007c628d0: 8b44 2468 | 8944 2454 | 488b 4424 

  0x0000019007c628dc: ;   {runtime_call UncommonTrapBlob}
  0x0000019007c628dc: f866 90e8 

  0x0000019007c628e0: ; ImmutableOopMap {rbp=Oop [32]=Oop [44]=NarrowOop [48]=Oop [64]=Oop [72]=NarrowOop [76]=NarrowOop [84]=NarrowOop [96]=Oop }
                      ;*astore {reexecute=0 rethrow=0 return_oop=0}
                      ; - sun.awt.AWTAutoShutdown::notifyThreadBusy@68 (line 179)
                      ; - java.awt.EventQueue::postEvent@102 (line 339)
                      ; - java.awt.EventQueue::postEventPrivate@76 (line 288)
                      ; - java.awt.EventQueue::postEvent@9 (line 260)
                      ; - sun.awt.PostEventQueue::flush@87 (line 2068)
                      ; - sun.awt.SunToolkit::flushPendingEvents@15 (line 503)
                      ; - java.awt.EventQueue::getNextEvent@4 (line 544)
                      ; - java.awt.EventDispatchThread::pumpOneEventForFilters@20 (line 190)
  0x0000019007c628e0: 7cd2 9eff 

  0x0000019007c628e4: ;   {post_call_nop}
  0x0000019007c628e4: 0f1f 8400 | 0000 0000 | 488b e8eb | 0348 8be8 | ba95 ffff | ff48 ff74 | 2428 488f | 4424 2048 
  0x0000019007c62904: 8944 24f8 | 8b44 2430 | 8944 242c | 488b 4424 | f848 8944 | 24f8 8b44 | 2448 8944 | 2430 488b 
  0x0000019007c62924: 4424 f848 | ff74 2458 | 488f 4424 | 4848 ff74 | 2460 488f | 4424 5848 | ff74 2468 | 488f 4424 
  0x0000019007c62944: 6048 8944 | 24f8 8b44 | 2470 8944 | 2468 488b | 4424 f848 | 8944 24f8 | 8b84 2488 | 0000 0089 
  0x0000019007c62964: 4424 7848 | 8b44 24f8 

  0x0000019007c6296c: ;   {runtime_call UncommonTrapBlob}
  0x0000019007c6296c: 6666 90e8 

  0x0000019007c62970: ; ImmutableOopMap {rbp=Oop [32]=Oop [44]=NarrowOop [48]=NarrowOop [52]=NarrowOop [56]=Oop [64]=Oop [72]=Oop [88]=Oop [96]=Oop [104]=NarrowOop [116]=NarrowOop [120]=NarrowOop }
                      ;*astore {reexecute=0 rethrow=0 return_oop=0}
                      ; - sun.awt.AWTAutoShutdown::notifyThreadBusy@68 (line 179)
                      ; - java.awt.EventQueue::postEvent@102 (line 339)
                      ; - java.awt.EventQueue::postEventPrivate@76 (line 288)
                      ; - java.awt.EventQueue::postEvent@9 (line 260)
                      ; - sun.awt.PostEventQueue::flush@87 (line 2068)
                      ; - sun.awt.SunToolkit::flushPendingEvents@15 (line 503)
                      ; - java.awt.EventQueue::postEvent@4 (line 259)
                      ; - sun.awt.PostEventQueue::flush@87 (line 2068)
                      ; - sun.awt.SunToolkit::flushPendingEvents@15 (line 503)
                      ; - java.awt.EventQueue::getNextEvent@4 (line 544)
                      ; - java.awt.EventDispatchThread::pumpOneEventForFilters@20 (line 190)
  0x0000019007c62970: ecd1 9eff 

  0x0000019007c62974: ;   {post_call_nop}
  0x0000019007c62974: 0f1f 8400 | 0000 0000 | 488b e8eb | 0348 8be8 | ba95 ffff | ff48 ff74 | 2428 488f | 4424 2048 
  0x0000019007c62994: 8944 24f8 | 8b44 2430 | 8944 242c | 488b 4424 | f848 8944 | 24f8 8b44 | 2434 8944 | 2430 488b 
  0x0000019007c629b4: 4424 f848 | 8944 24f8 | 8b44 2448 | 8944 2434 | 488b 4424 | f848 8944 | 24f8 8b84 | 2488 0000 
  0x0000019007c629d4: 0089 4424 | 7848 8b44 

  0x0000019007c629dc: ;   {runtime_call UncommonTrapBlob}
  0x0000019007c629dc: 24f8 90e8 

  0x0000019007c629e0: ; ImmutableOopMap {rbp=Oop [32]=Oop [44]=NarrowOop [48]=NarrowOop [52]=NarrowOop [56]=Oop [64]=Oop [76]=NarrowOop [88]=Oop [96]=Oop [104]=Oop [116]=NarrowOop [120]=NarrowOop }
                      ;*astore {reexecute=0 rethrow=0 return_oop=0}
                      ; - sun.awt.AWTAutoShutdown::notifyThreadBusy@68 (line 179)
                      ; - java.awt.EventQueue::postEvent@102 (line 339)
                      ; - java.awt.EventQueue::postEventPrivate@76 (line 288)
                      ; - java.awt.EventQueue::postEvent@9 (line 260)
                      ; - sun.awt.PostEventQueue::flush@87 (line 2068)
                      ; - sun.awt.SunToolkit::flushPendingEvents@15 (line 503)
                      ; - java.awt.EventQueue::postEvent@4 (line 259)
                      ; - sun.awt.PostEventQueue::flush@87 (line 2068)
                      ; - sun.awt.SunToolkit::flushPendingEvents@15 (line 503)
                      ; - java.awt.EventQueue::getNextEvent@4 (line 544)
                      ; - java.awt.EventDispatchThread::pumpOneEventForFilters@20 (line 190)
  0x0000019007c629e0: 7cd1 9eff 

  0x0000019007c629e4: ;   {post_call_nop}
  0x0000019007c629e4: 0f1f 8400 | 0000 0000 | baf4 ffff | ff48 8b6c | 2428 4889 | 4424 f88b | 4424 3089 | 4424 2448 
  0x0000019007c62a04: 8b44 24f8 | 48ff 7424 | 3848 8f44 | 2428 4c89 

  0x0000019007c62a14: ;   {runtime_call UncommonTrapBlob}
  0x0000019007c62a14: 5424 50e8 

  0x0000019007c62a18: ; ImmutableOopMap {rbp=Oop [36]=NarrowOop [40]=Oop [52]=NarrowOop [64]=Oop [72]=NarrowOop [80]=Oop [96]=Oop }
                      ;*checkcast {reexecute=0 rethrow=0 return_oop=0}
                      ; - java.awt.EventQueue::coalesceMouseEvent@4 (line 390)
                      ; - java.awt.EventQueue::coalesceEvent@80 (line 463)
                      ; - java.awt.EventQueue::postEvent@3 (line 323)
                      ; - java.awt.EventQueue::postEventPrivate@76 (line 288)
                      ; - java.awt.EventQueue::postEvent@9 (line 260)
                      ; - sun.awt.PostEventQueue::flush@87 (line 2068)
                      ; - sun.awt.SunToolkit::flushPendingEvents@15 (line 503)
                      ; - java.awt.EventQueue::getNextEvent@4 (line 544)
                      ; - java.awt.EventDispatchThread::pumpOneEventForFilters@20 (line 190)
  0x0000019007c62a18: 44d1 9eff 

  0x0000019007c62a1c: ;   {post_call_nop}
  0x0000019007c62a1c: 0f1f 8400 | 0000 0000 | 488b e8eb | 0aeb 0048 | 8be8 eb03 | 488b e8ba | 95ff ffff | 48ff 7424 
  0x0000019007c62a3c: 2848 8f44 | 2420 4889 | 4424 f88b | 4424 3089 | 4424 2c48 | 8b44 24f8 | 48ff 7424 | 3848 8f44 
  0x0000019007c62a5c: ;   {runtime_call UncommonTrapBlob}
  0x0000019007c62a5c: 2430 90e8 

  0x0000019007c62a60: ; ImmutableOopMap {rbp=Oop [32]=Oop [44]=NarrowOop [48]=Oop [96]=Oop }
                      ;*astore {reexecute=0 rethrow=0 return_oop=0}
                      ; - sun.awt.PostEventQueue::flush@126 (line 2074)
                      ; - sun.awt.SunToolkit::flushPendingEvents@15 (line 503)
                      ; - java.awt.EventQueue::getNextEvent@4 (line 544)
                      ; - java.awt.EventDispatchThread::pumpOneEventForFilters@20 (line 190)
  0x0000019007c62a60: fcd0 9eff 

  0x0000019007c62a64: ;   {post_call_nop}
  0x0000019007c62a64: 0f1f 8400 | 0000 0000 | baf4 ffff | ff48 8b6c | 2428 4889 | 4424 f88b | 4424 3089 | 4424 2448 
  0x0000019007c62a84: 8b44 24f8 | 48ff 7424 | 3848 8f44 | 2428 4889 | 4424 f88b | 4424 4889 | 4424 3048 | 8b44 24f8 
  0x0000019007c62aa4: 48ff 7424 | 5848 8f44 | 2450 48ff | 7424 6048 | 8f44 2458 | 48ff 7424 | 6848 8f44 | 2460 4889 
  0x0000019007c62ac4: 4424 f88b | 4424 7089 | 4424 4848 | 8b44 24f8 | 4c89 5424 

  0x0000019007c62ad8: ;   {runtime_call UncommonTrapBlob}
  0x0000019007c62ad8: 7066 90e8 

  0x0000019007c62adc: ; ImmutableOopMap {rbp=Oop [36]=NarrowOop [40]=Oop [48]=NarrowOop [52]=NarrowOop [64]=Oop [72]=NarrowOop [76]=NarrowOop [80]=Oop [88]=Oop [96]=Oop [112]=Oop }
                      ;*checkcast {reexecute=0 rethrow=0 return_oop=0}
                      ; - java.awt.EventQueue::coalesceMouseEvent@4 (line 390)
                      ; - java.awt.EventQueue::coalesceEvent@80 (line 463)
                      ; - java.awt.EventQueue::postEvent@3 (line 323)
                      ; - java.awt.EventQueue::postEventPrivate@76 (line 288)
                      ; - java.awt.EventQueue::postEvent@9 (line 260)
                      ; - sun.awt.PostEventQueue::flush@87 (line 2068)
                      ; - sun.awt.SunToolkit::flushPendingEvents@15 (line 503)
                      ; - java.awt.EventQueue::postEvent@4 (line 259)
                      ; - sun.awt.PostEventQueue::flush@87 (line 2068)
                      ; - sun.awt.SunToolkit::flushPendingEvents@15 (line 503)
                      ; - java.awt.EventQueue::getNextEvent@4 (line 544)
                      ; - java.awt.EventDispatchThread::pumpOneEventForFilters@20 (line 190)
  0x0000019007c62adc: 80d0 9eff 

  0x0000019007c62ae0: ;   {post_call_nop}
  0x0000019007c62ae0: 0f1f 8400 | 0000 0000 | baf6 ffff | ff48 8b6c | 2428 4889 | 4424 f88b | 4424 3089 | 4424 2448 
  0x0000019007c62b00: 8b44 24f8 | 4889 4424 | f88b 4424 | 3889 4424 | 2848 8b44 | 24f8 4889 | 4424 f88b | 4424 3c89 
  0x0000019007c62b20: 4424 2c48 | 8b44 24f8 

  0x0000019007c62b28: ;   {runtime_call UncommonTrapBlob}
  0x0000019007c62b28: 6666 90e8 

  0x0000019007c62b2c: ; ImmutableOopMap {rbp=Oop [36]=NarrowOop [40]=NarrowOop [44]=NarrowOop }
                      ;*invokeinterface isEmpty {reexecute=0 rethrow=0 return_oop=0}
                      ; - sun.awt.AWTAutoShutdown::isReadyToShutdown@23 (line 237)
                      ; - sun.awt.AWTAutoShutdown::notifyThreadFree@31 (line 199)
                      ; - java.awt.EventQueue::getNextEvent@45 (line 551)
                      ; - java.awt.EventDispatchThread::pumpOneEventForFilters@20 (line 190)
  0x0000019007c62b2c: 30d0 9eff 

  0x0000019007c62b30: ;   {post_call_nop}
  0x0000019007c62b30: 0f1f 8400 | 0000 0000 | baf6 ffff | ff48 8b6c | 2428 4889 | 4424 f88b | 4424 3089 | 4424 2448 
  0x0000019007c62b50: 8b44 24f8 | 48ff 7424 | 3848 8f44 | 2428 4889 | 4424 f88b | 4424 6889 | 4424 5048 | 8b44 24f8 
  0x0000019007c62b70: ;   {runtime_call UncommonTrapBlob}
  0x0000019007c62b70: 6666 90e8 

  0x0000019007c62b74: ; ImmutableOopMap {rbp=Oop [36]=NarrowOop [40]=Oop [52]=NarrowOop [64]=Oop [72]=NarrowOop [76]=NarrowOop [80]=NarrowOop [96]=Oop }
                      ;*invokeinterface isEmpty {reexecute=0 rethrow=0 return_oop=0}
                      ; - sun.awt.AWTAutoShutdown::isReadyToShutdown@23 (line 237)
                      ; - sun.awt.AWTAutoShutdown::notifyThreadBusy@34 (line 174)
                      ; - java.awt.EventQueue::postEvent@102 (line 339)
                      ; - java.awt.EventQueue::postEventPrivate@76 (line 288)
                      ; - java.awt.EventQueue::postEvent@9 (line 260)
                      ; - sun.awt.PostEventQueue::flush@87 (line 2068)
                      ; - sun.awt.SunToolkit::flushPendingEvents@15 (line 503)
                      ; - java.awt.EventQueue::getNextEvent@4 (line 544)
                      ; - java.awt.EventDispatchThread::pumpOneEventForFilters@20 (line 190)
  0x0000019007c62b74: e8cf 9eff 

  0x0000019007c62b78: ;   {post_call_nop}
  0x0000019007c62b78: 0f1f 8400 | 0000 0000 | 488b e8eb | 0aeb 0048 | 8be8 eb03 | 488b e8ba | 95ff ffff | 48ff 7424 
  0x0000019007c62b98: 2848 8f44 | 2420 4889 | 4424 f88b | 4424 3089 | 4424 2c48 | 8b44 24f8 | 4889 4424 | f88b 4424 
  0x0000019007c62bb8: 4889 4424 | 3048 8b44 | 24f8 48ff | 7424 5848 | 8f44 2448 

  0x0000019007c62bcc: ;   {runtime_call UncommonTrapBlob}
  0x0000019007c62bcc: 6666 90e8 

  0x0000019007c62bd0: ; ImmutableOopMap {rbp=Oop [32]=Oop [44]=NarrowOop [48]=NarrowOop [52]=NarrowOop [56]=Oop [64]=Oop [72]=Oop [96]=Oop }
                      ;*astore {reexecute=0 rethrow=0 return_oop=0}
                      ; - sun.awt.PostEventQueue::flush@126 (line 2074)
                      ; - sun.awt.SunToolkit::flushPendingEvents@15 (line 503)
                      ; - java.awt.EventQueue::postEvent@4 (line 259)
                      ; - sun.awt.PostEventQueue::flush@87 (line 2068)
                      ; - sun.awt.SunToolkit::flushPendingEvents@15 (line 503)
                      ; - java.awt.EventQueue::getNextEvent@4 (line 544)
                      ; - java.awt.EventDispatchThread::pumpOneEventForFilters@20 (line 190)
  0x0000019007c62bd0: 8ccf 9eff 

  0x0000019007c62bd4: ;   {post_call_nop}
  0x0000019007c62bd4: 0f1f 8400 | 0000 0000 | ba45 ffff | ff48 8b6c | 2428 4889 | 4424 f88b | 4424 3089 | 4424 2448 
  0x0000019007c62bf4: 8b44 24f8 | 48ff 7424 | 3848 8f44 | 2428 4489 

  0x0000019007c62c04: ;   {runtime_call UncommonTrapBlob}
  0x0000019007c62c04: 5c24 54e8 

  0x0000019007c62c08: ; ImmutableOopMap {rbp=Oop [36]=NarrowOop [40]=Oop [52]=NarrowOop [64]=Oop [72]=NarrowOop [84]=NarrowOop [96]=Oop }
                      ;*ifnonnull {reexecute=1 rethrow=0 return_oop=0}
                      ; - (reexecute) java.awt.EventQueue::coalesceMouseEvent@12 (line 391)
                      ; - java.awt.EventQueue::coalesceEvent@80 (line 463)
                      ; - java.awt.EventQueue::postEvent@3 (line 323)
                      ; - java.awt.EventQueue::postEventPrivate@76 (line 288)
                      ; - java.awt.EventQueue::postEvent@9 (line 260)
                      ; - sun.awt.PostEventQueue::flush@87 (line 2068)
                      ; - sun.awt.SunToolkit::flushPendingEvents@15 (line 503)
                      ; - java.awt.EventQueue::getNextEvent@4 (line 544)
                      ; - java.awt.EventDispatchThread::pumpOneEventForFilters@20 (line 190)
  0x0000019007c62c08: 54cf 9eff 

  0x0000019007c62c0c: ;   {post_call_nop}
  0x0000019007c62c0c: 0f1f 8400 | 0000 0000 | baf4 ffff | ff48 8b6c | 2428 4889 | 4424 f88b | 4424 3089 | 4424 2448 
  0x0000019007c62c2c: 8b44 24f8 | 48ff 7424 | 3848 8f44 | 2428 4889 | 4424 f88b | 4424 3489 | 4424 3048 | 8b44 24f8 
  0x0000019007c62c4c: 4889 4424 | f88b 4424 | 4889 4424 | 3448 8b44 | 24f8 48ff | 7424 5848 | 8f44 2450 | 48ff 7424 
  0x0000019007c62c6c: 6048 8f44 | 2458 48ff | 7424 6848 | 8f44 2460 | 4889 4424 | f88b 4424 | 7089 4424 | 6848 8b44 
  0x0000019007c62c8c: 24f8 4c89 

  0x0000019007c62c90: ;   {runtime_call UncommonTrapBlob}
  0x0000019007c62c90: 5424 70e8 

  0x0000019007c62c94: ; ImmutableOopMap {rbp=Oop [36]=NarrowOop [40]=Oop [48]=NarrowOop [52]=NarrowOop [64]=Oop [76]=NarrowOop [80]=Oop [88]=Oop [96]=Oop [104]=NarrowOop [112]=Oop }
                      ;*checkcast {reexecute=0 rethrow=0 return_oop=0}
                      ; - java.awt.EventQueue::coalesceMouseEvent@4 (line 390)
                      ; - java.awt.EventQueue::coalesceEvent@80 (line 463)
                      ; - java.awt.EventQueue::postEvent@3 (line 323)
                      ; - java.awt.EventQueue::postEventPrivate@76 (line 288)
                      ; - java.awt.EventQueue::postEvent@9 (line 260)
                      ; - sun.awt.PostEventQueue::flush@87 (line 2068)
                      ; - sun.awt.SunToolkit::flushPendingEvents@15 (line 503)
                      ; - java.awt.EventQueue::postEvent@4 (line 259)
                      ; - sun.awt.PostEventQueue::flush@87 (line 2068)
                      ; - sun.awt.SunToolkit::flushPendingEvents@15 (line 503)
                      ; - java.awt.EventQueue::getNextEvent@4 (line 544)
                      ; - java.awt.EventDispatchThread::pumpOneEventForFilters@20 (line 190)
  0x0000019007c62c94: c8ce 9eff 

  0x0000019007c62c98: ;   {post_call_nop}
  0x0000019007c62c98: 0f1f 8400 | 0000 0000 | baf6 ffff | ff48 8b6c | 2428 4889 | 4424 f88b | 4424 3089 | 4424 2448 
  0x0000019007c62cb8: 8b44 24f8 | 48ff 7424 | 3848 8f44 | 2428 4889 | 4424 f88b | 4424 4889 | 4424 3048 | 8b44 24f8 
  0x0000019007c62cd8: 48ff 7424 | 5848 8f44 | 2450 48ff | 7424 6048 | 8f44 2458 | 48ff 7424 | 6848 8f44 | 2460 4889 
  0x0000019007c62cf8: 4424 f88b | 4424 7089 | 4424 4848 | 8b44 24f8 | 4889 4424 | f88b 8424 | 8800 0000 | 8944 2470 
  0x0000019007c62d18: 488b 4424 

  0x0000019007c62d1c: ;   {runtime_call UncommonTrapBlob}
  0x0000019007c62d1c: f866 90e8 

  0x0000019007c62d20: ; ImmutableOopMap {rbp=Oop [36]=NarrowOop [40]=Oop [48]=NarrowOop [52]=NarrowOop [64]=Oop [72]=NarrowOop [76]=NarrowOop [80]=Oop [88]=Oop [96]=Oop [112]=NarrowOop [116]=NarrowOop }
                      ;*invokeinterface isEmpty {reexecute=0 rethrow=0 return_oop=0}
                      ; - sun.awt.AWTAutoShutdown::isReadyToShutdown@23 (line 237)
                      ; - sun.awt.AWTAutoShutdown::notifyThreadBusy@34 (line 174)
                      ; - java.awt.EventQueue::postEvent@102 (line 339)
                      ; - java.awt.EventQueue::postEventPrivate@76 (line 288)
                      ; - java.awt.EventQueue::postEvent@9 (line 260)
                      ; - sun.awt.PostEventQueue::flush@87 (line 2068)
                      ; - sun.awt.SunToolkit::flushPendingEvents@15 (line 503)
                      ; - java.awt.EventQueue::postEvent@4 (line 259)
                      ; - sun.awt.PostEventQueue::flush@87 (line 2068)
                      ; - sun.awt.SunToolkit::flushPendingEvents@15 (line 503)
                      ; - java.awt.EventQueue::getNextEvent@4 (line 544)
                      ; - java.awt.EventDispatchThread::pumpOneEventForFilters@20 (line 190)
  0x0000019007c62d20: 3cce 9eff 

  0x0000019007c62d24: ;   {post_call_nop}
  0x0000019007c62d24: 0f1f 8400 | 0000 0000 | eb00 488b | e8eb 0348 | 8be8 ba95 | ffff ff48 | ff74 2428 | 488f 4424 
  0x0000019007c62d44: 2048 8944 | 24f8 8b44 | 2430 8944 | 242c 488b | 4424 f848 | 8944 24f8 | 8b44 2434 | 8944 2430 
  0x0000019007c62d64: 488b 4424 | f848 8944 | 24f8 8b44 | 2448 8944 | 2434 488b | 4424 f848 | ff74 2458 | 488f 4424 
  0x0000019007c62d84: ;   {runtime_call UncommonTrapBlob}
  0x0000019007c62d84: 4866 90e8 

  0x0000019007c62d88: ; ImmutableOopMap {rbp=Oop [32]=Oop [44]=NarrowOop [48]=NarrowOop [52]=NarrowOop [56]=Oop [64]=Oop [72]=Oop [96]=Oop }
                      ;*astore {reexecute=0 rethrow=0 return_oop=0}
                      ; - sun.awt.PostEventQueue::flush@126 (line 2074)
                      ; - sun.awt.SunToolkit::flushPendingEvents@15 (line 503)
                      ; - java.awt.EventQueue::postEvent@4 (line 259)
                      ; - sun.awt.PostEventQueue::flush@87 (line 2068)
                      ; - sun.awt.SunToolkit::flushPendingEvents@15 (line 503)
                      ; - java.awt.EventQueue::getNextEvent@4 (line 544)
                      ; - java.awt.EventDispatchThread::pumpOneEventForFilters@20 (line 190)
  0x0000019007c62d88: d4cd 9eff 

  0x0000019007c62d8c: ;   {post_call_nop}
  0x0000019007c62d8c: 0f1f 8400 | 0000 0000 | ba45 ffff | ff48 8b6c | 2428 4889 | 4424 f88b | 4424 3089 | 4424 2448 
  0x0000019007c62dac: 8b44 24f8 | 48ff 7424 | 3848 8f44 | 2428 4889 | 4424 f88b | 4424 4889 | 4424 3048 | 8b44 24f8 
  0x0000019007c62dcc: 48ff 7424 | 5848 8f44 | 2450 48ff | 7424 6048 | 8f44 2458 | 48ff 7424 | 6848 8f44 | 2460 4889 
  0x0000019007c62dec: 4424 f88b | 4424 7089 | 4424 4848 | 8b44 24f8 | 4489 4424 

  0x0000019007c62e00: ;   {runtime_call UncommonTrapBlob}
  0x0000019007c62e00: 7466 90e8 

  0x0000019007c62e04: ; ImmutableOopMap {rbp=Oop [36]=NarrowOop [40]=Oop [48]=NarrowOop [52]=NarrowOop [64]=Oop [72]=NarrowOop [76]=NarrowOop [80]=Oop [88]=Oop [96]=Oop [116]=NarrowOop }
                      ;*ifnonnull {reexecute=1 rethrow=0 return_oop=0}
                      ; - (reexecute) java.awt.EventQueue::coalesceMouseEvent@12 (line 391)
                      ; - java.awt.EventQueue::coalesceEvent@80 (line 463)
                      ; - java.awt.EventQueue::postEvent@3 (line 323)
                      ; - java.awt.EventQueue::postEventPrivate@76 (line 288)
                      ; - java.awt.EventQueue::postEvent@9 (line 260)
                      ; - sun.awt.PostEventQueue::flush@87 (line 2068)
                      ; - sun.awt.SunToolkit::flushPendingEvents@15 (line 503)
                      ; - java.awt.EventQueue::postEvent@4 (line 259)
                      ; - sun.awt.PostEventQueue::flush@87 (line 2068)
                      ; - sun.awt.SunToolkit::flushPendingEvents@15 (line 503)
                      ; - java.awt.EventQueue::getNextEvent@4 (line 544)
                      ; - java.awt.EventDispatchThread::pumpOneEventForFilters@20 (line 190)
  0x0000019007c62e04: 58cd 9eff 

  0x0000019007c62e08: ;   {post_call_nop}
  0x0000019007c62e08: 0f1f 8400 | 0000 0000 | baf6 ffff | ff48 8b6c | 2428 4889 | 4424 f88b | 4424 3089 | 4424 2448 
  0x0000019007c62e28: 8b44 24f8 | 48ff 7424 | 3848 8f44 | 2428 4889 | 4424 f88b | 4424 3489 | 4424 3048 | 8b44 24f8 
  0x0000019007c62e48: 4889 4424 | f88b 4424 | 4889 4424 | 3448 8b44 | 24f8 48ff | 7424 5848 | 8f44 2450 | 48ff 7424 
  0x0000019007c62e68: 6048 8f44 | 2458 48ff | 7424 6848 | 8f44 2460 | 4889 4424 | f88b 4424 | 7089 4424 | 6848 8b44 
  0x0000019007c62e88: 24f8 4889 | 4424 f88b | 8424 8800 | 0000 8944 | 2470 488b 

  0x0000019007c62e9c: ;   {runtime_call UncommonTrapBlob}
  0x0000019007c62e9c: 4424 f8e8 

  0x0000019007c62ea0: ; ImmutableOopMap {rbp=Oop [36]=NarrowOop [40]=Oop [48]=NarrowOop [52]=NarrowOop [64]=Oop [76]=NarrowOop [80]=Oop [88]=Oop [96]=Oop [104]=NarrowOop [112]=NarrowOop [116]=NarrowOop }
                      ;*invokeinterface isEmpty {reexecute=0 rethrow=0 return_oop=0}
                      ; - sun.awt.AWTAutoShutdown::isReadyToShutdown@23 (line 237)
                      ; - sun.awt.AWTAutoShutdown::notifyThreadBusy@34 (line 174)
                      ; - java.awt.EventQueue::postEvent@102 (line 339)
                      ; - java.awt.EventQueue::postEventPrivate@76 (line 288)
                      ; - java.awt.EventQueue::postEvent@9 (line 260)
                      ; - sun.awt.PostEventQueue::flush@87 (line 2068)
                      ; - sun.awt.SunToolkit::flushPendingEvents@15 (line 503)
                      ; - java.awt.EventQueue::postEvent@4 (line 259)
                      ; - sun.awt.PostEventQueue::flush@87 (line 2068)
                      ; - sun.awt.SunToolkit::flushPendingEvents@15 (line 503)
                      ; - java.awt.EventQueue::getNextEvent@4 (line 544)
                      ; - java.awt.EventDispatchThread::pumpOneEventForFilters@20 (line 190)
  0x0000019007c62ea0: bccc 9eff 

  0x0000019007c62ea4: ;   {post_call_nop}
  0x0000019007c62ea4: 0f1f 8400 | 0000 0000 | ba45 ffff | ff48 8b6c | 2428 4889 | 4424 f88b | 4424 3089 | 4424 2448 
  0x0000019007c62ec4: 8b44 24f8 | 48ff 7424 | 3848 8f44 | 2428 4889 | 4424 f88b | 4424 3489 | 4424 3048 | 8b44 24f8 
  0x0000019007c62ee4: 4889 4424 | f88b 4424 | 4889 4424 | 3448 8b44 | 24f8 48ff | 7424 5848 | 8f44 2450 | 48ff 7424 
  0x0000019007c62f04: 6048 8f44 | 2458 48ff | 7424 6848 | 8f44 2460 | 4889 4424 | f88b 4424 | 7089 4424 | 6848 8b44 
  0x0000019007c62f24: 24f8 4489 

  0x0000019007c62f28: ;   {runtime_call UncommonTrapBlob}
  0x0000019007c62f28: 4424 74e8 

  0x0000019007c62f2c: ; ImmutableOopMap {rbp=Oop [36]=NarrowOop [40]=Oop [48]=NarrowOop [52]=NarrowOop [64]=Oop [76]=NarrowOop [80]=Oop [88]=Oop [96]=Oop [104]=NarrowOop [116]=NarrowOop }
                      ;*ifnonnull {reexecute=1 rethrow=0 return_oop=0}
                      ; - (reexecute) java.awt.EventQueue::coalesceMouseEvent@12 (line 391)
                      ; - java.awt.EventQueue::coalesceEvent@80 (line 463)
                      ; - java.awt.EventQueue::postEvent@3 (line 323)
                      ; - java.awt.EventQueue::postEventPrivate@76 (line 288)
                      ; - java.awt.EventQueue::postEvent@9 (line 260)
                      ; - sun.awt.PostEventQueue::flush@87 (line 2068)
                      ; - sun.awt.SunToolkit::flushPendingEvents@15 (line 503)
                      ; - java.awt.EventQueue::postEvent@4 (line 259)
                      ; - sun.awt.PostEventQueue::flush@87 (line 2068)
                      ; - sun.awt.SunToolkit::flushPendingEvents@15 (line 503)
                      ; - java.awt.EventQueue::getNextEvent@4 (line 544)
                      ; - java.awt.EventDispatchThread::pumpOneEventForFilters@20 (line 190)
  0x0000019007c62f2c: 30cc 9eff 

  0x0000019007c62f30: ;   {post_call_nop}
  0x0000019007c62f30: 0f1f 8400 | 0000 0000 | ba95 ffff | ff48 8b6c | 2428 4889 | 4424 f88b | 4424 3089 | 4424 2048 
  0x0000019007c62f50: 8b44 24f8 | 4889 4424 

  0x0000019007c62f58: ;   {runtime_call UncommonTrapBlob}
  0x0000019007c62f58: 4066 90e8 

  0x0000019007c62f5c: ; ImmutableOopMap {rbp=Oop [32]=NarrowOop [56]=Oop [64]=Oop [96]=Oop }
                      ;*astore {reexecute=0 rethrow=0 return_oop=0}
                      ; - sun.awt.PostEventQueue::flush@68 (line 2065)
                      ; - sun.awt.SunToolkit::flushPendingEvents@15 (line 503)
                      ; - java.awt.EventQueue::getNextEvent@4 (line 544)
                      ; - java.awt.EventDispatchThread::pumpOneEventForFilters@20 (line 190)
  0x0000019007c62f5c: 00cc 9eff 

  0x0000019007c62f60: ;   {post_call_nop}
  0x0000019007c62f60: 0f1f 8400 | 0000 0000 | ba95 ffff | ff48 8b6c | 2428 4889 | 4424 f88b | 4424 3089 | 4424 2448 
  0x0000019007c62f80: 8b44 24f8 | 48ff 7424 | 3848 8f44 | 2428 4889 | 4424 f88b | 4424 4889 | 4424 3048 | 8b44 24f8 
  0x0000019007c62fa0: 48ff 7424 | 6048 8f44 | 2448 4889 

  0x0000019007c62fac: ;   {runtime_call UncommonTrapBlob}
  0x0000019007c62fac: 4424 60e8 

  0x0000019007c62fb0: ; ImmutableOopMap {rbp=Oop [36]=NarrowOop [40]=Oop [48]=NarrowOop [52]=NarrowOop [64]=Oop [72]=Oop [88]=Oop [96]=Oop }
                      ;*astore {reexecute=0 rethrow=0 return_oop=0}
                      ; - sun.awt.PostEventQueue::flush@68 (line 2065)
                      ; - sun.awt.SunToolkit::flushPendingEvents@15 (line 503)
                      ; - java.awt.EventQueue::postEvent@4 (line 259)
                      ; - sun.awt.PostEventQueue::flush@87 (line 2068)
                      ; - sun.awt.SunToolkit::flushPendingEvents@15 (line 503)
                      ; - java.awt.EventQueue::getNextEvent@4 (line 544)
                      ; - java.awt.EventDispatchThread::pumpOneEventForFilters@20 (line 190)
  0x0000019007c62fb0: accb 9eff 

  0x0000019007c62fb4: ;   {post_call_nop}
  0x0000019007c62fb4: 0f1f 8400 | 0000 0000 | ba95 ffff | ff48 8b6c | 2428 4889 | 4424 f88b | 4424 3089 | 4424 2448 
  0x0000019007c62fd4: 8b44 24f8 | 4889 4424 

  0x0000019007c62fdc: ;   {runtime_call UncommonTrapBlob}
  0x0000019007c62fdc: 4066 90e8 

  0x0000019007c62fe0: ; ImmutableOopMap {rbp=Oop [36]=NarrowOop [56]=Oop [64]=Oop [96]=Oop }
                      ;*astore {reexecute=0 rethrow=0 return_oop=0}
                      ; - sun.awt.PostEventQueue::flush@68 (line 2065)
                      ; - sun.awt.SunToolkit::flushPendingEvents@15 (line 503)
                      ; - java.awt.EventQueue::getNextEvent@4 (line 544)
                      ; - java.awt.EventDispatchThread::pumpOneEventForFilters@20 (line 190)
  0x0000019007c62fe0: 7ccb 9eff 

  0x0000019007c62fe4: ;   {post_call_nop}
  0x0000019007c62fe4: 0f1f 8400 | 0000 0000 | ba95 ffff | ff48 8b6c | 2428 4889 | 4424 f88b | 4424 3089 | 4424 2448 
  0x0000019007c63004: 8b44 24f8 | 48ff 7424 | 3848 8f44 | 2428 4889 | 4424 f88b | 4424 3489 | 4424 3048 | 8b44 24f8 
  0x0000019007c63024: 4889 4424 | f88b 4424 | 4889 4424 | 3448 8b44 | 24f8 48ff | 7424 6048 | 8f44 2448 | 4889 4424 
  0x0000019007c63044: ;   {runtime_call UncommonTrapBlob}
  0x0000019007c63044: 6066 90e8 

  0x0000019007c63048: ; ImmutableOopMap {rbp=Oop [36]=NarrowOop [40]=Oop [48]=NarrowOop [52]=NarrowOop [64]=Oop [72]=Oop [88]=Oop [96]=Oop }
                      ;*astore {reexecute=0 rethrow=0 return_oop=0}
                      ; - sun.awt.PostEventQueue::flush@68 (line 2065)
                      ; - sun.awt.SunToolkit::flushPendingEvents@15 (line 503)
                      ; - java.awt.EventQueue::postEvent@4 (line 259)
                      ; - sun.awt.PostEventQueue::flush@87 (line 2068)
                      ; - sun.awt.SunToolkit::flushPendingEvents@15 (line 503)
                      ; - java.awt.EventQueue::getNextEvent@4 (line 544)
                      ; - java.awt.EventDispatchThread::pumpOneEventForFilters@20 (line 190)
  0x0000019007c63048: 14cb 9eff 

  0x0000019007c6304c: ;   {post_call_nop}
  0x0000019007c6304c: 0f1f 8400 | 0000 0000 | ba95 ffff | ff48 8b6c | 2428 4889 | 4424 f88b | 4424 3089 | 4424 2448 
  0x0000019007c6306c: 8b44 24f8 | 4889 4424 

  0x0000019007c63074: ;   {runtime_call UncommonTrapBlob}
  0x0000019007c63074: 4066 90e8 

  0x0000019007c63078: ; ImmutableOopMap {rbp=Oop [36]=NarrowOop [64]=Oop [72]=Oop [80]=Oop }
                      ;*astore {reexecute=0 rethrow=0 return_oop=0}
                      ; - java.util.concurrent.locks.AbstractQueuedSynchronizer$ConditionObject::await@121 (line 1755)
                      ; - java.awt.EventQueue::getNextEvent@52 (line 552)
                      ; - java.awt.EventDispatchThread::pumpOneEventForFilters@20 (line 190)
  0x0000019007c63078: e4ca 9eff 

  0x0000019007c6307c: ;   {post_call_nop}
  0x0000019007c6307c: 0f1f 8400 | 0000 0000 | baad ffff | ff48 8b6c | 2428 4889 | 4424 f88b | 4424 3089 | 4424 2448 
  0x0000019007c6309c: 8b44 24f8 | 4889 4424 

  0x0000019007c630a4: ;   {runtime_call UncommonTrapBlob}
  0x0000019007c630a4: 4066 90e8 

  0x0000019007c630a8: ; ImmutableOopMap {rbp=Oop [36]=NarrowOop [64]=Oop [72]=Oop [80]=Oop }
                      ;*astore {reexecute=0 rethrow=0 return_oop=0}
                      ; - java.util.concurrent.locks.AbstractQueuedSynchronizer$ConditionObject::await@113 (line 1753)
                      ; - java.awt.EventQueue::getNextEvent@52 (line 552)
                      ; - java.awt.EventDispatchThread::pumpOneEventForFilters@20 (line 190)
  0x0000019007c630a8: b4ca 9eff 

  0x0000019007c630ac: ;   {post_call_nop}
  0x0000019007c630ac: 0f1f 8400 | 0000 0000 | 488b e8e9 | cf00 0000 | 488b e8e9 | c700 0000 | 488b e8e9 | bf00 0000 
  0x0000019007c630cc: 448b 5008 | 41bb 0000 | 0089 4d03 | dae9 8300 | 0000 eb02 | eb0f 448b | 5008 41bb | 0000 0089 
  0x0000019007c630ec: 4d03 daeb | 7044 8b40 | 0841 bb00 | 0000 894d | 03d8 eb61 | 448b 5008 

  0x0000019007c63104: ;   {metadata('java/lang/InterruptedException')}
  0x0000019007c63104: 4181 faa8 | d200 0175 | a748 8be8 | eb61 448b 

  0x0000019007c63114: ;   {metadata('java/lang/InterruptedException')}
  0x0000019007c63114: 5808 4181 | fba8 d200 | 0175 9d48 | 8be8 eb4f | 448b 5008 

  0x0000019007c63128: ;   {metadata('java/lang/InterruptedException')}
  0x0000019007c63128: 4181 faa8 | d200 0175 | 9348 8be8 | eb3d 448b | 5008 41bb | 0000 0089 | 4d03 daeb | 1c44 8b50 
  0x0000019007c63148: 0841 bb00 | 0000 894d | 03da eb0d | 448b 4008 | 41bb 0000 | 0089 4d03 

  0x0000019007c63160: ;   {metadata('java/lang/InterruptedException')}
  0x0000019007c63160: d849 baa8 | d200 8a00 | 0000 004d | 3bda 7518 | 488b e8ba | 95ff ffff 

  0x0000019007c63178: ;   {runtime_call UncommonTrapBlob}
  0x0000019007c63178: 6666 90e8 

  0x0000019007c6317c: ; ImmutableOopMap {rbp=Oop [40]=Oop }
                      ;*astore {reexecute=0 rethrow=0 return_oop=0}
                      ; - java.awt.EventDispatchThread::pumpOneEventForFilters@87 (line 205)
  0x0000019007c6317c: e0c9 9eff 

  0x0000019007c63180: ;   {post_call_nop}
  0x0000019007c63180: 0f1f 8400 | 0000 0000 | 488b e8ba | 95ff ffff 

  0x0000019007c63190: ;   {runtime_call UncommonTrapBlob}
  0x0000019007c63190: 6666 90e8 

  0x0000019007c63194: ; ImmutableOopMap {rbp=Oop [40]=Oop }
                      ;*astore {reexecute=0 rethrow=0 return_oop=0}
                      ; - java.awt.EventDispatchThread::pumpOneEventForFilters@97 (line 209)
  0x0000019007c63194: c8c9 9eff 

  0x0000019007c63198: ;   {post_call_nop}
  0x0000019007c63198: 0f1f 8400 | 0000 0000 | 488b e8eb | 0a48 8be8 | eb05 eb00 | 488b e8ba | 95ff ffff | 48ff 7424 
  0x0000019007c631b8: 2848 8f44 | 2420 4889 | 4424 f88b | 4424 3089 | 4424 2c48 | 8b44 24f8 | 48ff 7424 | 3848 8f44 
  0x0000019007c631d8: ;   {runtime_call UncommonTrapBlob}
  0x0000019007c631d8: 2430 90e8 

  0x0000019007c631dc: ; ImmutableOopMap {rbp=Oop [32]=Oop [44]=NarrowOop [48]=Oop [64]=Oop [72]=NarrowOop [96]=Oop }
                      ;*astore_2 {reexecute=0 rethrow=0 return_oop=0}
                      ; - java.awt.EventQueue::postEventPrivate@91 (line 290)
                      ; - java.awt.EventQueue::postEvent@9 (line 260)
                      ; - sun.awt.PostEventQueue::flush@87 (line 2068)
                      ; - sun.awt.SunToolkit::flushPendingEvents@15 (line 503)
                      ; - java.awt.EventQueue::getNextEvent@4 (line 544)
                      ; - java.awt.EventDispatchThread::pumpOneEventForFilters@20 (line 190)
  0x0000019007c631dc: 80c9 9eff 

  0x0000019007c631e0: ;   {post_call_nop}
  0x0000019007c631e0: 0f1f 8400 | 0000 0000 | 488b e8eb | 0a48 8be8 | eb05 eb00 | 488b e8ba | 95ff ffff | 48ff 7424 
  0x0000019007c63200: 2848 8f44 | 2420 4889 | 4424 f88b | 4424 3089 | 4424 2c48 | 8b44 24f8 | 4889 4424 | f88b 4424 
  0x0000019007c63220: 4889 4424 | 3048 8b44 | 24f8 48ff | 7424 5848 | 8f44 2448 | 48ff 7424 | 6048 8f44 | 2458 48ff 
  0x0000019007c63240: 7424 6848 | 8f44 2460 

  0x0000019007c63248: ;   {runtime_call UncommonTrapBlob}
  0x0000019007c63248: 6666 90e8 

  0x0000019007c6324c: ; ImmutableOopMap {rbp=Oop [32]=Oop [44]=NarrowOop [48]=NarrowOop [52]=NarrowOop [56]=Oop [64]=Oop [72]=Oop [88]=Oop [96]=Oop [112]=NarrowOop }
                      ;*astore_2 {reexecute=0 rethrow=0 return_oop=0}
                      ; - java.awt.EventQueue::postEventPrivate@91 (line 290)
                      ; - java.awt.EventQueue::postEvent@9 (line 260)
                      ; - sun.awt.PostEventQueue::flush@87 (line 2068)
                      ; - sun.awt.SunToolkit::flushPendingEvents@15 (line 503)
                      ; - java.awt.EventQueue::postEvent@4 (line 259)
                      ; - sun.awt.PostEventQueue::flush@87 (line 2068)
                      ; - sun.awt.SunToolkit::flushPendingEvents@15 (line 503)
                      ; - java.awt.EventQueue::getNextEvent@4 (line 544)
                      ; - java.awt.EventDispatchThread::pumpOneEventForFilters@20 (line 190)
  0x0000019007c6324c: 10c9 9eff 

  0x0000019007c63250: ;   {post_call_nop}
  0x0000019007c63250: 0f1f 8400 | 0000 0000 | 488b e8eb | 1148 8be8 | eb0c eb07 | eb00 488b | e8eb 0348 | 8be8 ba95 
  0x0000019007c63270: ffff ff48 | ff74 2428 | 488f 4424 | 2048 8944 | 24f8 8b44 | 2430 8944 | 242c 488b | 4424 f848 
  0x0000019007c63290: 8944 24f8 | 8b44 2434 | 8944 2430 | 488b 4424 | f848 8944 | 24f8 8b44 | 2448 8944 | 2434 488b 
  0x0000019007c632b0: ;   {runtime_call UncommonTrapBlob}
  0x0000019007c632b0: 4424 f8e8 

  0x0000019007c632b4: ; ImmutableOopMap {rbp=Oop [32]=Oop [44]=NarrowOop [48]=NarrowOop [52]=NarrowOop [56]=Oop [64]=Oop [76]=NarrowOop [88]=Oop [96]=Oop [104]=Oop }
                      ;*astore_2 {reexecute=0 rethrow=0 return_oop=0}
                      ; - java.awt.EventQueue::postEventPrivate@91 (line 290)
                      ; - java.awt.EventQueue::postEvent@9 (line 260)
                      ; - sun.awt.PostEventQueue::flush@87 (line 2068)
                      ; - sun.awt.SunToolkit::flushPendingEvents@15 (line 503)
                      ; - java.awt.EventQueue::postEvent@4 (line 259)
                      ; - sun.awt.PostEventQueue::flush@87 (line 2068)
                      ; - sun.awt.SunToolkit::flushPendingEvents@15 (line 503)
                      ; - java.awt.EventQueue::getNextEvent@4 (line 544)
                      ; - java.awt.EventDispatchThread::pumpOneEventForFilters@20 (line 190)
  0x0000019007c632b4: a8c8 9eff 

  0x0000019007c632b8: ;   {post_call_nop}
  0x0000019007c632b8: 0f1f 8400 | 0000 0000 | 448b 5008 

  0x0000019007c632c4: ;   {metadata('java/lang/OutOfMemoryError')}
  0x0000019007c632c4: 4181 fad0 | 1f1e 0075 | 4948 8be8 | ba95 ffff | ff48 ff74 | 2428 488f | 4424 2048 | 8944 24f8 
  0x0000019007c632e4: 8b44 2430 | 8944 242c | 488b 4424 

  0x0000019007c632f0: ;   {runtime_call UncommonTrapBlob}
  0x0000019007c632f0: f866 90e8 

  0x0000019007c632f4: ; ImmutableOopMap {rbp=Oop [32]=Oop [44]=NarrowOop [72]=Oop }
                      ;*astore_3 {reexecute=0 rethrow=0 return_oop=0}
                      ; - java.util.concurrent.locks.AbstractQueuedSynchronizer::tryInitializeHead@41 (line 593)
                      ; - java.util.concurrent.locks.AbstractQueuedSynchronizer$ConditionObject::newConditionNode@4 (line 1665)
                      ; - java.util.concurrent.locks.AbstractQueuedSynchronizer$ConditionObject::await@15 (line 1737)
                      ; - java.awt.EventQueue::getNextEvent@52 (line 552)
                      ; - java.awt.EventDispatchThread::pumpOneEventForFilters@20 (line 190)
  0x0000019007c632f4: 68c8 9eff 

  0x0000019007c632f8: ;   {post_call_nop}
  0x0000019007c632f8: 0f1f 8400 | 0000 0000 | 488b e8eb | 5344 8b58 

  0x0000019007c63308: ;   {metadata('java/lang/OutOfMemoryError')}
  0x0000019007c63308: 0841 81fb | d01f 1e00 | 0f84 a600 | 0000 488b | e8eb 3deb | 0048 8be8 | eb36 448b 

  0x0000019007c63324: ;   {metadata('java/lang/Error')}
  0x0000019007c63324: 5008 49bb | 58f3 1d89 | 0000 0000 | 41b8 0000 | 0089 4d03 | c24d 8b50 | 404d 3bd3 | 7432 4d8b 
  0x0000019007c63344: ;   {metadata('java/lang/RuntimeException')}
  0x0000019007c63344: 5048 49bb | 58c8 1d89 | 0000 0000 | 4d3b d374 | 1f48 8be8 | ba95 ffff | ff48 ff74 | 2428 488f 
  0x0000019007c63364: ;   {runtime_call UncommonTrapBlob}
  0x0000019007c63364: 4424 20e8 

  0x0000019007c63368: ; ImmutableOopMap {rbp=Oop [32]=Oop [48]=NarrowOop }
                      ;*astore_3 {reexecute=0 rethrow=0 return_oop=0}
                      ; - java.awt.EventQueue::getNextEvent@69 (line 554)
                      ; - java.awt.EventDispatchThread::pumpOneEventForFilters@20 (line 190)
  0x0000019007c63368: f4c7 9eff 

  0x0000019007c6336c: ;   {post_call_nop}
  0x0000019007c6336c: 0f1f 8400 | 0000 0000 | ba95 ffff | ff48 ff74 | 2428 488f | 4424 2048 | 8944 24f8 | 8b44 2430 
  0x0000019007c6338c: 8944 242c | 488b 4424 | f848 ff74 | 2448 488f | 4424 3048 | ff74 2450 | 488f 4424 | 4048 8944 
  0x0000019007c633ac: ;   {runtime_call UncommonTrapBlob}
  0x0000019007c633ac: 2450 90e8 

  0x0000019007c633b0: ; ImmutableOopMap {rbp=NarrowOop [32]=Oop [44]=NarrowOop [48]=Oop [64]=Oop [80]=Oop }
                      ;*astore_3 {reexecute=0 rethrow=0 return_oop=0}
                      ; - java.util.concurrent.locks.AbstractQueuedSynchronizer::reacquire@14 (line 669)
                      ; - java.util.concurrent.locks.AbstractQueuedSynchronizer$ConditionObject::await@148 (line 1763)
                      ; - java.awt.EventQueue::getNextEvent@52 (line 552)
                      ; - java.awt.EventDispatchThread::pumpOneEventForFilters@20 (line 190)
  0x0000019007c633b0: acc7 9eff 

  0x0000019007c633b4: ;   {post_call_nop}
  0x0000019007c633b4: 0f1f 8400 | 0000 0000 | 488b e8ba | 95ff ffff | 48ff 7424 | 2848 8f44 | 2420 4889 | 4424 f88b 
  0x0000019007c633d4: 4424 3089 | 4424 2c48 | 8b44 24f8 

  0x0000019007c633e0: ;   {runtime_call UncommonTrapBlob}
  0x0000019007c633e0: 6666 90e8 

  0x0000019007c633e4: ; ImmutableOopMap {rbp=Oop [32]=Oop [44]=NarrowOop [72]=Oop }
                      ;*astore_2 {reexecute=0 rethrow=0 return_oop=0}
                      ; - java.util.concurrent.locks.AbstractQueuedSynchronizer$ConditionObject::newConditionNode@18 (line 1668)
                      ; - java.util.concurrent.locks.AbstractQueuedSynchronizer$ConditionObject::await@15 (line 1737)
                      ; - java.awt.EventQueue::getNextEvent@52 (line 552)
                      ; - java.awt.EventDispatchThread::pumpOneEventForFilters@20 (line 190)
  0x0000019007c633e4: 78c7 9eff 

  0x0000019007c633e8: ;   {post_call_nop}
  0x0000019007c633e8: 0f1f 8400 | 0000 0000 | 458b 0849 | c1e1 0349 | 83f9 000f | 849c 4eff | ff4d 8b5f | 384d 85db 
  0x0000019007c63408: 0f84 1400 | 0000 4983 | eb08 4d89 | 5f38 4d03 | 5f40 4d89 | 0be9 7b4e | ffff 4883 | ec50 4c89 
  0x0000019007c63428: 5424 484c | 8944 2440 | 4889 4c24 | 3848 897c | 2430 4889 | 5424 2848 | 8974 2420 | 498b c949 
  0x0000019007c63448: ;   {runtime_call}
  0x0000019007c63448: 8bd7 48b8 | 2076 419d | f97f 0000 | ffd0 488b | 7424 2048 | 8b54 2428 | 488b 7c24 | 3048 8b4c 
  0x0000019007c63468: 2438 4c8b | 4424 404c | 8b54 2448 | c5f8 7748 | 83c4 50e9 | 1d4e ffff | 418b 1248 | c1e2 0348 
  0x0000019007c63488: 83fa 000f | 8421 4eff | ff49 8b77 | 3848 85f6 | 0f84 1400 | 0000 4883 | ee08 4989 | 7738 4903 
  0x0000019007c634a8: 7740 4889 | 16e9 004e | ffff 4883 | ec50 4c89 | 5424 484c | 895c 2440 | 4c89 4c24 | 3848 894c 
  0x0000019007c634c8: 2430 4889 | 7c24 2848 | 8bca 498b 

  0x0000019007c634d4: ;   {runtime_call}
  0x0000019007c634d4: d748 b820 | 7641 9df9 | 7f00 00ff | d048 8b7c | 2428 488b | 4c24 304c | 8b4c 2438 | 4c8b 5c24 
  0x0000019007c634f4: 404c 8b54 | 2448 c5f8 | 7748 83c4 | 50e9 ac4d | ffff 458b | 1949 c1e3 | 0349 83fb | 000f 84b5 
  0x0000019007c63514: 4dff ff4d | 8b57 384d | 85d2 0f84 | 1400 0000 | 4983 ea08 | 4d89 5738 | 4d03 5740 | 4d89 1ae9 
  0x0000019007c63534: 944d ffff | 4883 ec40 | 4c89 4424 | 384c 894c | 2430 4889 | 4c24 2848 | 897c 2420 | 498b cb49 
  0x0000019007c63554: ;   {runtime_call}
  0x0000019007c63554: 8bd7 48b8 | 2076 419d | f97f 0000 | ffd0 488b | 7c24 2048 | 8b4c 2428 | 4c8b 4c24 | 304c 8b44 
  0x0000019007c63574: 2438 c5f8 | 7748 83c4 | 40e9 4a4d | ffff f083 | 4424 c000 | 4180 3a00 | 0f84 724d | ffff 41c6 
  0x0000019007c63594: 0200 4d8b | 5f50 4d85 | db0f 8414 | 0000 0049 | 83eb 084d | 895f 504d | 035f 584d | 8913 e94d 
  0x0000019007c635b4: 4dff ff48 | 83ec 404c | 8944 2438 | 4889 4c24 | 3048 897c | 2428 498b | ca49 8bd7 

  0x0000019007c635d0: ;   {runtime_call}
  0x0000019007c635d0: 48b8 0076 | 419d f97f | 0000 ffd0 | 488b 7c24 | 2848 8b4c | 2430 4c8b | 4424 38c5 | f877 4883 
  0x0000019007c635f0: c440 e90d | 4dff ff45 | 8b18 49c1 | e303 4983 | fb00 0f84 | af4e ffff | 4d8b 5738 | 4d85 d20f 
  0x0000019007c63610: 8414 0000 | 0049 83ea | 084d 8957 | 384d 0357 | 404d 891a | e98e 4eff | ff48 83ec | 304c 8944 
  0x0000019007c63630: 2428 498b | cb49 8bd7 

  0x0000019007c63638: ;   {runtime_call}
  0x0000019007c63638: 48b8 2076 | 419d f97f | 0000 ffd0 | 4c8b 4424 | 28c5 f877 | 4883 c430 | e962 4eff | ff45 8b01 
  0x0000019007c63658: 49c1 e003 | 4983 f800 | 0f84 f14e | ffff 4d8b | 5f38 4d85 | db0f 8414 | 0000 0049 | 83eb 084d 
  0x0000019007c63678: 895f 384d | 035f 404d | 8903 e9d0 | 4eff ff48 | 83ec 404c | 8954 2438 | 4c89 4c24 | 3048 894c 
  0x0000019007c63698: 2428 4889 | 7c24 2049 | 8bc8 498b 

  0x0000019007c636a4: ;   {runtime_call}
  0x0000019007c636a4: d748 b820 | 7641 9df9 | 7f00 00ff | d048 8b7c | 2420 488b | 4c24 284c | 8b4c 2430 | 4c8b 5424 
  0x0000019007c636c4: 38c5 f877 | 4883 c440 | e986 4eff | ff45 8b03 | 49c1 e003 | 4983 f800 | 0f84 b74f | ffff 4d8b 
  0x0000019007c636e4: 5738 4d85 | d20f 8414 | 0000 0049 | 83ea 084d | 8957 384d | 0357 404d | 8902 e996 | 4fff ff48 
  0x0000019007c63704: 83ec 404c | 895c 2438 | 4889 4c24 | 3048 897c | 2428 4889 | 5424 2049 | 8bc8 498b 

  0x0000019007c63720: ;   {runtime_call}
  0x0000019007c63720: d748 b820 | 7641 9df9 | 7f00 00ff | d048 8b54 | 2420 488b | 7c24 2848 | 8b4c 2430 | 4c8b 5c24 
  0x0000019007c63740: 38c5 f877 | 4883 c440 | e94c 4fff | fff0 8344 | 24c0 0041 | 803a 000f | 8474 4fff | ff41 c602 
  0x0000019007c63760: 004d 8b47 | 504d 85c0 | 0f84 1400 | 0000 4983 | e808 4d89 | 4750 4d03 | 4758 4d89 | 10e9 4f4f 
  0x0000019007c63780: ffff 4883 | ec30 4889 | 7c24 2848 | 8954 2420 | 498b ca49 

  0x0000019007c63794: ;   {runtime_call}
  0x0000019007c63794: 8bd7 48b8 | 0076 419d | f97f 0000 | ffd0 488b | 5424 2048 | 8b7c 2428 | c5f8 7748 | 83c4 30e9 
  0x0000019007c637b4: 194f ffff | 8b0b 48c1 | e103 4883 | f900 0f84 | 204f ffff | 4d8b 4f38 | 4d85 c90f | 8414 0000 
  0x0000019007c637d4: 0049 83e9 | 084d 894f | 384d 034f | 4049 8909 | e9ff 4eff | ff48 83ec | 504c 8954 | 2448 4c89 
  0x0000019007c637f4: 5c24 404c | 8944 2438 | 4889 7c24 | 3048 8954 | 2428 4889 | 7424 2049 

  0x0000019007c6380c: ;   {runtime_call}
  0x0000019007c6380c: 8bd7 48b8 | 2076 419d | f97f 0000 | ffd0 488b | 7424 2048 | 8b54 2428 | 488b 7c24 | 304c 8b44 
  0x0000019007c6382c: 2438 4c8b | 5c24 404c | 8b54 2448 | c5f8 7748 | 83c4 50e9 | a44e ffff | 458b 1049 | c1e2 0349 
  0x0000019007c6384c: 83fa 000f | 84a8 4eff | ff4d 8b5f | 384d 85db | 0f84 1400 | 0000 4983 | eb08 4d89 | 5f38 4d03 
  0x0000019007c6386c: 5f40 4d89 | 13e9 874e | ffff 4883 | ec50 4c89 | 4424 4848 | 894c 2440 | 4889 7c24 | 3848 8954 
  0x0000019007c6388c: 2430 4889 | 7424 2849 | 8bca 498b 

  0x0000019007c63898: ;   {runtime_call}
  0x0000019007c63898: d748 b820 | 7641 9df9 | 7f00 00ff | d048 8b74 | 2428 488b | 5424 3048 | 8b7c 2438 | 488b 4c24 
  0x0000019007c638b8: 404c 8b44 | 2448 c5f8 | 7748 83c4 | 50e9 334e | ffff 458b | 0b49 c1e1 | 0349 83f9 | 000f 848d 
  0x0000019007c638d8: 50ff ff4d | 8b47 384d | 85c0 0f84 | 1400 0000 | 4983 e808 | 4d89 4738 | 4d03 4740 | 4d89 08e9 
  0x0000019007c638f8: 6c50 ffff | 4883 ec30 | 4c89 5c24 | 2848 894c | 2420 498b | c949 8bd7 

  0x0000019007c63910: ;   {runtime_call}
  0x0000019007c63910: 48b8 2076 | 419d f97f | 0000 ffd0 | 488b 4c24 | 204c 8b5c | 2428 c5f8 | 7748 83c4 | 30e9 3650 
  0x0000019007c63930: ffff f083 | 4424 c000 | 4180 3800 | 0f84 5e50 | ffff 41c6 | 0000 4d8b | 4f50 4d85 | c90f 8414 
  0x0000019007c63950: 0000 0049 | 83e9 084d | 894f 504d | 034f 584d | 8901 e939 | 50ff ff48 | 83ec 2049 | 8bc8 498b 
  0x0000019007c63970: ;   {runtime_call}
  0x0000019007c63970: d748 b800 | 7641 9df9 | 7f00 00ff | d0c5 f877 | 4883 c420 | e917 50ff | ff8b 0b48 | c1e1 0348 
  0x0000019007c63990: 83f9 000f | 842d 51ff | ff4d 8b47 | 384d 85c0 | 0f84 1400 | 0000 4983 | e808 4d89 | 4738 4d03 
  0x0000019007c639b0: 4740 4989 | 08e9 0c51 | ffff 4883 | ec40 4c89 | 5424 384c | 895c 2430 | 4c89 4c24 | 2848 8954 
  0x0000019007c639d0: 2420 498b 

  0x0000019007c639d4: ;   {runtime_call}
  0x0000019007c639d4: d748 b820 | 7641 9df9 | 7f00 00ff | d048 8b54 | 2420 4c8b | 4c24 284c | 8b5c 2430 | 4c8b 5424 
  0x0000019007c639f4: 38c5 f877 | 4883 c440 | e9c5 50ff | ff44 8b03 | 49c1 e003 | 4983 f800 | 0f84 cf50 | ffff 498b 
  0x0000019007c63a14: 4f38 4885 | c90f 8414 | 0000 0048 | 83e9 0849 | 894f 3849 | 034f 404c | 8901 e9ae | 50ff ff48 
  0x0000019007c63a34: 83ec 304c | 895c 2428 | 4c89 4c24 | 2049 8bc8 

  0x0000019007c63a44: ;   {runtime_call}
  0x0000019007c63a44: 498b d748 | b820 7641 | 9df9 7f00 | 00ff d04c | 8b4c 2420 | 4c8b 5c24 | 28c5 f877 | 4883 c430 
  0x0000019007c63a64: e978 50ff | fff0 8344 | 24c0 0080 | 3900 0f84 | aa50 ffff | c601 004d | 8b47 504d | 85c0 0f84 
  0x0000019007c63a84: 1400 0000 | 4983 e808 | 4d89 4750 | 4d03 4758 | 4989 08e9 | 8650 ffff | 4883 ec30 | 4c89 4c24 
  0x0000019007c63aa4: 2849 8bd7 

  0x0000019007c63aa8: ;   {runtime_call}
  0x0000019007c63aa8: 48b8 0076 | 419d f97f | 0000 ffd0 | 4c8b 4c24 | 28c5 f877 | 4883 c430 | e95d 50ff | ff44 8b09 
  0x0000019007c63ac8: 49c1 e103 | 4983 f900 | 0f84 0a51 | ffff 4d8b | 4738 4d85 | c00f 8414 | 0000 0049 | 83e8 084d 
  0x0000019007c63ae8: 8947 384d | 0347 404d | 8908 e9e9 | 50ff ff48 | 83ec 3048 | 894c 2428 | 498b c949 

  0x0000019007c63b04: ;   {runtime_call}
  0x0000019007c63b04: 8bd7 48b8 | 2076 419d | f97f 0000 | ffd0 488b | 4c24 28c5 | f877 4883 | c430 e9bd | 50ff ff45 
  0x0000019007c63b24: 8b01 49c1 | e003 4983 | f800 0f84 | 0951 ffff | 4d8b 5f38 | 4d85 db0f | 8414 0000 | 0049 83eb 
  0x0000019007c63b44: 084d 895f | 384d 035f | 404d 8903 | e9e8 50ff | ff48 83ec | 404c 8954 | 2438 4c89 | 4c24 3048 
  0x0000019007c63b64: 894c 2428 | 498b c849 

  0x0000019007c63b6c: ;   {runtime_call}
  0x0000019007c63b6c: 8bd7 48b8 | 2076 419d | f97f 0000 | ffd0 488b | 4c24 284c | 8b4c 2430 | 4c8b 5424 | 38c5 f877 
  0x0000019007c63b8c: 4883 c440 | e9a8 50ff | ff41 8b39 | 48c1 e703 | 4883 ff00 | 0f84 1954 | ffff 4d8b | 4738 4d85 
  0x0000019007c63bac: c00f 8414 | 0000 0049 | 83e8 084d | 8947 384d | 0347 4049 | 8938 e9f8 | 53ff ff48 | 83ec 304c 
  0x0000019007c63bcc: 895c 2428 | 4c89 4c24 | 2048 8bcf 

  0x0000019007c63bd8: ;   {runtime_call}
  0x0000019007c63bd8: 498b d748 | b820 7641 | 9df9 7f00 | 00ff d04c | 8b4c 2420 | 4c8b 5c24 | 28c5 f877 | 4883 c430 
  0x0000019007c63bf8: e9c2 53ff | fff0 8344 | 24c0 0041 | 8038 000f | 84f3 53ff | ff41 c600 | 0049 8b7f | 5048 85ff 
  0x0000019007c63c18: 0f84 1400 | 0000 4883 | ef08 4989 | 7f50 4903 | 7f58 4c89 | 07e9 ce53 | ffff 4883 | ec30 4c89 
  0x0000019007c63c38: 5c24 2849 | 8bc8 498b 

  0x0000019007c63c40: ;   {runtime_call}
  0x0000019007c63c40: d748 b800 | 7641 9df9 | 7f00 00ff | d04c 8b5c | 2428 c5f8 | 7748 83c4 | 30e9 a253 | ffff 448b 
  0x0000019007c63c60: 0949 c1e1 | 0349 83f9 | 000f 847c | 56ff ff4d | 8b47 384d | 85c0 0f84 | 1400 0000 | 4983 e808 
  0x0000019007c63c80: 4d89 4738 | 4d03 4740 | 4d89 08e9 | 5b56 ffff | 4883 ec40 | 4c89 5424 | 384c 895c | 2430 4889 
  0x0000019007c63ca0: 4c24 2848 | 897c 2420 | 498b c949 

  0x0000019007c63cac: ;   {runtime_call}
  0x0000019007c63cac: 8bd7 48b8 | 2076 419d | f97f 0000 | ffd0 488b | 7c24 2048 | 8b4c 2428 | 4c8b 5c24 | 304c 8b54 
  0x0000019007c63ccc: 2438 c5f8 | 7748 83c4 | 40e9 1156 | ffff f083 | 4424 c000 | 4180 3800 | 0f84 3956 | ffff 41c6 
  0x0000019007c63cec: 0000 4d8b | 4f50 4d85 | c90f 8414 | 0000 0049 | 83e9 084d | 894f 504d | 034f 584d | 8901 e914 
  0x0000019007c63d0c: 56ff ff48 | 83ec 404c | 8954 2438 | 4c89 5c24 | 3048 897c | 2428 498b | c849 8bd7 

  0x0000019007c63d28: ;   {runtime_call}
  0x0000019007c63d28: 48b8 0076 | 419d f97f | 0000 ffd0 | 488b 7c24 | 284c 8b5c | 2430 4c8b | 5424 38c5 | f877 4883 
  0x0000019007c63d48: c440 e9d4 | 55ff ff45 | 8b1a 49c1 | e303 4983 | fb00 0f84 | d255 ffff | 4d8b 4738 | 4d85 c00f 
  0x0000019007c63d68: 8414 0000 | 0049 83e8 | 084d 8947 | 384d 0347 | 404d 8918 | e9b1 55ff | ff48 83ec | 304c 8954 
  0x0000019007c63d88: 2428 4889 | 7c24 2049 | 8bcb 498b 

  0x0000019007c63d94: ;   {runtime_call}
  0x0000019007c63d94: d748 b820 | 7641 9df9 | 7f00 00ff | d048 8b7c | 2420 4c8b | 5424 28c5 | f877 4883 | c430 e97b 
  0x0000019007c63db4: 55ff fff0 | 8344 24c0 | 0041 8038 | 000f 84a3 | 55ff ff41 | c600 004d | 8b5f 504d | 85db 0f84 
  0x0000019007c63dd4: 1400 0000 | 4983 eb08 | 4d89 5f50 | 4d03 5f58 | 4d89 03e9 | 7e55 ffff | 4883 ec30 | 4889 7c24 
  0x0000019007c63df4: 2849 8bc8 

  0x0000019007c63df8: ;   {runtime_call}
  0x0000019007c63df8: 498b d748 | b800 7641 | 9df9 7f00 | 00ff d048 | 8b7c 2428 | c5f8 7748 | 83c4 30e9 | 5255 ffff 
  0x0000019007c63e18: 458b 0249 | c1e0 0349 | 83f8 000f | 848f 55ff | ff4d 8b5f | 384d 85db | 0f84 1400 | 0000 4983 
  0x0000019007c63e38: eb08 4d89 | 5f38 4d03 | 5f40 4d89 | 03e9 6e55 | ffff 4883 | ec40 4c89 | 5424 384c | 894c 2430 
  0x0000019007c63e58: 4889 4c24 | 2848 897c | 2420 498b | c849 8bd7 

  0x0000019007c63e68: ;   {runtime_call}
  0x0000019007c63e68: 48b8 2076 | 419d f97f | 0000 ffd0 | 488b 7c24 | 2048 8b4c | 2428 4c8b | 4c24 304c | 8b54 2438 
  0x0000019007c63e88: c5f8 7748 | 83c4 40e9 | 2455 ffff | 458b 1849 | c1e3 0349 | 83fb 000f | 8462 55ff | ff4d 8b57 
  0x0000019007c63ea8: 384d 85d2 | 0f84 1400 | 0000 4983 | ea08 4d89 | 5738 4d03 | 5740 4d89 | 1ae9 4155 | ffff 4883 
  0x0000019007c63ec8: ec40 4c89 | 4424 384c | 894c 2430 | 4889 4c24 | 2849 8bcb 

  0x0000019007c63edc: ;   {runtime_call}
  0x0000019007c63edc: 498b d748 | b820 7641 | 9df9 7f00 | 00ff d048 | 8b4c 2428 | 4c8b 4c24 | 304c 8b44 | 2438 c5f8 
  0x0000019007c63efc: 7748 83c4 | 40e9 0155 | ffff f083 | 4424 c000 | 4180 3a00 | 0f84 2955 | ffff 41c6 | 0200 4d8b 
  0x0000019007c63f1c: 5f50 4d85 | db0f 8414 | 0000 0049 | 83eb 084d | 895f 504d | 035f 584d | 8913 e904 | 55ff ff48 
  0x0000019007c63f3c: 83ec 304c | 894c 2428 | 498b ca49 

  0x0000019007c63f48: ;   {runtime_call}
  0x0000019007c63f48: 8bd7 48b8 | 0076 419d | f97f 0000 | ffd0 4c8b | 4c24 28c5 | f877 4883 | c430 e9d8 | 54ff ff45 
  0x0000019007c63f68: 8b08 49c1 | e103 4983 | f900 0f84 | 7a57 ffff | 4d8b 5f38 | 4d85 db0f | 8414 0000 | 0049 83eb 
  0x0000019007c63f88: 084d 895f | 384d 035f | 404d 890b | e959 57ff | ff48 83ec | 304c 8944 | 2428 4889 | 4c24 2049 
  0x0000019007c63fa8: 8bc9 498b 

  0x0000019007c63fac: ;   {runtime_call}
  0x0000019007c63fac: d748 b820 | 7641 9df9 | 7f00 00ff | d048 8b4c | 2420 4c8b | 4424 28c5 | f877 4883 | c430 e923 
  0x0000019007c63fcc: 57ff fff0 | 8344 24c0 | 0041 803b | 000f 844b | 57ff ff41 | c603 004d | 8b4f 504d | 85c9 0f84 
  0x0000019007c63fec: 1400 0000 | 4983 e908 | 4d89 4f50 | 4d03 4f58 | 4d89 19e9 | 2657 ffff | 4883 ec20 | 498b cb49 
  0x0000019007c6400c: ;   {runtime_call}
  0x0000019007c6400c: 8bd7 48b8 | 0076 419d | f97f 0000 | ffd0 c5f8 | 7748 83c4 | 20e9 0457 | ffff 458b | 0a49 c1e1 
  0x0000019007c6402c: 0349 83f9 | 000f 84cb | 58ff ff4d | 8b47 384d | 85c0 0f84 | 1400 0000 | 4983 e808 | 4d89 4738 
  0x0000019007c6404c: 4d03 4740 | 4d89 08e9 | aa58 ffff | 4883 ec30 | 4c89 5424 | 2848 894c | 2420 498b | c949 8bd7 
  0x0000019007c6406c: ;   {runtime_call}
  0x0000019007c6406c: 48b8 2076 | 419d f97f | 0000 ffd0 | 488b 4c24 | 204c 8b54 | 2428 c5f8 | 7748 83c4 | 30e9 7458 
  0x0000019007c6408c: ffff f083 | 4424 c000 | 4180 3800 | 0f84 9c58 | ffff 41c6 | 0000 4d8b | 4f50 4d85 | c90f 8414 
  0x0000019007c640ac: 0000 0049 | 83e9 084d | 894f 504d | 034f 584d | 8901 e977 | 58ff ff48 | 83ec 2049 | 8bc8 498b 
  0x0000019007c640cc: ;   {runtime_call}
  0x0000019007c640cc: d748 b800 | 7641 9df9 | 7f00 00ff | d0c5 f877 | 4883 c420 | e955 58ff | ff41 8b18 | 48c1 e303 
  0x0000019007c640ec: 4883 fb00 | 0f84 2d59 | ffff 4d8b | 5738 4d85 | d20f 8414 | 0000 0049 | 83ea 084d | 8957 384d 
  0x0000019007c6410c: 0357 4049 | 891a e90c | 59ff ff48 | 83ec 504c | 895c 2448 | 4c89 4424 | 404c 894c | 2438 4889 
  0x0000019007c6412c: 4c24 3048 | 897c 2428 | 488b cb49 

  0x0000019007c64138: ;   {runtime_call}
  0x0000019007c64138: 8bd7 48b8 | 2076 419d | f97f 0000 | ffd0 488b | 7c24 2848 | 8b4c 2430 | 4c8b 4c24 | 384c 8b44 
  0x0000019007c64158: 2440 4c8b | 5c24 48c5 | f877 4883 | c450 e9b8 | 58ff fff0 | 8344 24c0 | 0041 803a | 000f 84e0 
  0x0000019007c64178: 58ff ff41 | c602 0049 | 8b5f 5048 | 85db 0f84 | 1400 0000 | 4883 eb08 | 4989 5f50 | 4903 5f58 
  0x0000019007c64198: 4c89 13e9 | bb58 ffff | 4883 ec40 | 4c89 5c24 | 384c 894c | 2430 4889 | 4c24 2848 | 897c 2420 
  0x0000019007c641b8: 498b ca49 

  0x0000019007c641bc: ;   {runtime_call}
  0x0000019007c641bc: 8bd7 48b8 | 0076 419d | f97f 0000 | ffd0 488b | 7c24 2048 | 8b4c 2428 | 4c8b 4c24 | 304c 8b5c 
  0x0000019007c641dc: 2438 c5f8 | 7748 83c4 | 40e9 7158 | ffff 458b | 1a49 c1e3 | 0349 83fb | 000f 8470 | 58ff ff49 
  0x0000019007c641fc: 8b4f 3848 | 85c9 0f84 | 1400 0000 | 4883 e908 | 4989 4f38 | 4903 4f40 | 4c89 19e9 | 4f58 ffff 
  0x0000019007c6421c: 4883 ec30 | 4c89 5424 | 2848 897c | 2420 498b | cb49 8bd7 

  0x0000019007c64230: ;   {runtime_call}
  0x0000019007c64230: 48b8 2076 | 419d f97f | 0000 ffd0 | 488b 7c24 | 204c 8b54 | 2428 c5f8 | 7748 83c4 | 30e9 1958 
  0x0000019007c64250: ffff f083 | 4424 c000 | 8039 000f | 8441 58ff | ffc6 0100 | 4d8b 5f50 | 4d85 db0f | 8414 0000 
  0x0000019007c64270: 0049 83eb | 084d 895f | 504d 035f | 5849 890b | e91d 58ff | ff48 83ec | 2049 8bd7 

  0x0000019007c6428c: ;   {runtime_call}
  0x0000019007c6428c: 48b8 0076 | 419d f97f | 0000 ffd0 | c5f8 7748 | 83c4 20e9 | fe57 ffff | 448b 0949 | c1e1 0349 
  0x0000019007c642ac: 83f9 000f | 84ac 5bff | ff4d 8b5f | 384d 85db | 0f84 1400 | 0000 4983 | eb08 4d89 | 5f38 4d03 
  0x0000019007c642cc: 5f40 4d89 | 0be9 8b5b | ffff 4883 | ec40 4c89 | 5424 384c | 8944 2430 | 4889 4c24 | 2849 8bc9 
  0x0000019007c642ec: ;   {runtime_call}
  0x0000019007c642ec: 498b d748 | b820 7641 | 9df9 7f00 | 00ff d048 | 8b4c 2428 | 4c8b 4424 | 304c 8b54 | 2438 c5f8 
  0x0000019007c6430c: 7748 83c4 | 40e9 4b5b | ffff f083 | 4424 c000 | 4180 3b00 | 0f84 7c5b | ffff 41c6 | 0300 4d8b 
  0x0000019007c6432c: 4f50 4d85 | c90f 8414 | 0000 0049 | 83e9 084d | 894f 504d | 034f 584d | 8919 e957 | 5bff ff48 
  0x0000019007c6434c: 83ec 304c | 8954 2428 | 4c89 4424 | 2049 8bcb 

  0x0000019007c6435c: ;   {runtime_call}
  0x0000019007c6435c: 498b d748 | b800 7641 | 9df9 7f00 | 00ff d04c | 8b44 2420 | 4c8b 5424 | 28c5 f877 | 4883 c430 
  0x0000019007c6437c: e921 5bff | ff41 8b0b | 48c1 e103 | 4883 f900 | 0f84 2a5b | ffff 4d8b | 4f38 4d85 | c90f 8414 
  0x0000019007c6439c: 0000 0049 | 83e9 084d | 894f 384d | 034f 4049 | 8909 e909 | 5bff ff48 | 83ec 404c | 8954 2438 
  0x0000019007c643bc: 4c89 5c24 | 304c 8944 | 2428 4889 | 7c24 2049 

  0x0000019007c643cc: ;   {runtime_call}
  0x0000019007c643cc: 8bd7 48b8 | 2076 419d | f97f 0000 | ffd0 488b | 7c24 204c | 8b44 2428 | 4c8b 5c24 | 304c 8b54 
  0x0000019007c643ec: 2438 c5f8 | 7748 83c4 | 40e9 c25a | ffff 8b18 | 48c1 e303 | 4883 fb00 | 0f84 0e5b | ffff 498b 
  0x0000019007c6440c: 4f38 4885 | c90f 8414 | 0000 0048 | 83e9 0849 | 894f 3849 | 034f 4048 | 8919 e9ed | 5aff ff48 
  0x0000019007c6442c: 83ec 604c | 8954 2458 | 4c89 5c24 | 504c 8944 | 2448 4c89 | 4c24 4048 | 897c 2438 | 4889 5424 
  0x0000019007c6444c: 3048 8974 | 2428 4889 | 4424 2048 | 8bcb 498b 

  0x0000019007c6445c: ;   {runtime_call}
  0x0000019007c6445c: d748 b820 | 7641 9df9 | 7f00 00ff | d048 8b44 | 2420 488b | 7424 2848 | 8b54 2430 | 488b 7c24 
  0x0000019007c6447c: 384c 8b4c | 2440 4c8b | 4424 484c | 8b5c 2450 | 4c8b 5424 | 58c5 f877 | 4883 c460 | e97b 5aff 
  0x0000019007c6449c: fff0 8344 | 24c0 0080 | 3900 0f84 | a35a ffff | c601 0049 | 8b5f 5048 | 85db 0f84 | 1400 0000 
  0x0000019007c644bc: 4883 eb08 | 4989 5f50 | 4903 5f58 | 4889 0be9 | 7f5a ffff | 4883 ec60 | 4c89 5424 | 584c 895c 
  0x0000019007c644dc: 2450 4c89 | 4424 484c | 894c 2440 | 4889 7c24 | 3848 8954 | 2430 4889 | 7424 2849 

  0x0000019007c644f8: ;   {runtime_call}
  0x0000019007c644f8: 8bd7 48b8 | 0076 419d | f97f 0000 | ffd0 488b | 7424 2848 | 8b54 2430 | 488b 7c24 | 384c 8b4c 
  0x0000019007c64518: 2440 4c8b | 4424 484c | 8b5c 2450 | 4c8b 5424 | 58c5 f877 | 4883 c460 | e91a 5aff | ff8b 1748 
  0x0000019007c64538: c1e2 0348 | 83fa 000f | 8418 5aff | ff49 8b77 | 3848 85f6 | 0f84 1400 | 0000 4883 | ee08 4989 
  0x0000019007c64558: 7738 4903 | 7740 4889 | 16e9 f759 | ffff 4883 | ec50 4c89 | 5424 484c | 895c 2440 | 4c89 4424 
  0x0000019007c64578: 384c 894c | 2430 4889 | 7c24 2848 | 8944 2420 | 488b ca49 

  0x0000019007c6458c: ;   {runtime_call}
  0x0000019007c6458c: 8bd7 48b8 | 2076 419d | f97f 0000 | ffd0 488b | 4424 2048 | 8b7c 2428 | 4c8b 4c24 | 304c 8b44 
  0x0000019007c645ac: 2438 4c8b | 5c24 404c | 8b54 2448 | c5f8 7748 | 83c4 50e9 | 9959 ffff | f083 4424 | c000 803a 
  0x0000019007c645cc: 000f 84d4 | 59ff ffc6 | 0200 498b | 7750 4885 | f60f 8414 | 0000 0048 | 83ee 0849 | 8977 5049 
  0x0000019007c645ec: 0377 5848 | 8916 e9b0 | 59ff ff48 | 83ec 404c | 8954 2438 | 4c89 5c24 | 304c 8944 | 2428 4c89 
  0x0000019007c6460c: 4c24 2048 | 8bca 498b 

  0x0000019007c64614: ;   {runtime_call}
  0x0000019007c64614: d748 b800 | 7641 9df9 | 7f00 00ff | d04c 8b4c | 2420 4c8b | 4424 284c | 8b5c 2430 | 4c8b 5424 
  0x0000019007c64634: 38c5 f877 | 4883 c440 | e966 59ff | ff44 8b0b | 49c1 e103 | 4983 f900 | 0f84 6d59 | ffff 498b 
  0x0000019007c64654: 4f38 4885 | c90f 8414 | 0000 0048 | 83e9 0849 | 894f 3849 | 034f 404c | 8909 e94c | 59ff ff48 
  0x0000019007c64674: 83ec 404c | 8954 2438 | 4c89 5c24 | 304c 8944 | 2428 498b | c949 8bd7 

  0x0000019007c6468c: ;   {runtime_call}
  0x0000019007c6468c: 48b8 2076 | 419d f97f | 0000 ffd0 | 4c8b 4424 | 284c 8b5c | 2430 4c8b | 5424 38c5 | f877 4883 
  0x0000019007c646ac: c440 e90c | 59ff fff0 | 8344 24c0 | 0080 3900 | 0f84 3459 | ffff c601 | 004d 8b4f | 504d 85c9 
  0x0000019007c646cc: 0f84 1400 | 0000 4983 | e908 4d89 | 4f50 4d03 | 4f58 4989 | 09e9 1059 | ffff 4883 | ec40 4c89 
  0x0000019007c646ec: 5424 384c | 895c 2430 | 4c89 4424 | 2849 8bd7 

  0x0000019007c646fc: ;   {runtime_call}
  0x0000019007c646fc: 48b8 0076 | 419d f97f | 0000 ffd0 | 4c8b 4424 | 284c 8b5c | 2430 4c8b | 5424 38c5 | f877 4883 
  0x0000019007c6471c: c440 e9d3 | 58ff ff45 | 8b08 49c1 | e103 4983 | f900 0f84 | 6f59 ffff | 4d8b 5f38 | 4d85 db0f 
  0x0000019007c6473c: 8414 0000 | 0049 83eb | 084d 895f | 384d 035f | 404d 890b | e94e 59ff | ff48 83ec | 404c 8954 
  0x0000019007c6475c: 2438 4c89 | 4424 3048 | 894c 2428 | 4889 7c24 | 2049 8bc9 

  0x0000019007c64770: ;   {runtime_call}
  0x0000019007c64770: 498b d748 | b820 7641 | 9df9 7f00 | 00ff d048 | 8b7c 2420 | 488b 4c24 | 284c 8b44 | 2430 4c8b 
  0x0000019007c64790: 5424 38c5 | f877 4883 | c440 e904 | 59ff ff45 | 8b1a 49c1 | e303 4983 | fb00 0f84 | d059 ffff 
  0x0000019007c647b0: 4d8b 4738 | 4d85 c00f | 8414 0000 | 0049 83e8 | 084d 8947 | 384d 0347 | 404d 8918 | e9af 59ff 
  0x0000019007c647d0: ff48 83ec | 304c 8954 | 2428 4889 | 4c24 2049 | 8bcb 498b 

  0x0000019007c647e4: ;   {runtime_call}
  0x0000019007c647e4: d748 b820 | 7641 9df9 | 7f00 00ff | d048 8b4c | 2420 4c8b | 5424 28c5 | f877 4883 | c430 e979 
  0x0000019007c64804: 59ff ff45 | 8b10 49c1 | e203 4983 | fa00 0f84 | 835b ffff | 4d8b 5f38 | 4d85 db0f | 8414 0000 
  0x0000019007c64824: 0049 83eb | 084d 895f | 384d 035f | 404d 8913 | e962 5bff | ff48 83ec | 404c 8944 | 2438 4c89 
  0x0000019007c64844: 4c24 3048 | 894c 2428 | 4889 5424 | 2049 8bca 

  0x0000019007c64854: ;   {runtime_call}
  0x0000019007c64854: 498b d748 | b820 7641 | 9df9 7f00 | 00ff d048 | 8b54 2420 | 488b 4c24 | 284c 8b4c | 2430 4c8b 
  0x0000019007c64874: 4424 38c5 | f877 4883 | c440 e918 | 5bff ff45 | 8b13 49c1 | e203 4983 | fa00 0f84 | 215b ffff 
  0x0000019007c64894: 498b 5738 | 4885 d20f | 8414 0000 | 0048 83ea | 0849 8957 | 3849 0357 | 404c 8912 | e900 5bff 
  0x0000019007c648b4: ff48 83ec | 504c 895c | 2448 4c89 | 4424 404c | 894c 2438 | 4889 4c24 | 3048 897c | 2428 4889 
  0x0000019007c648d4: 7424 2049 | 8bca 498b 

  0x0000019007c648dc: ;   {runtime_call}
  0x0000019007c648dc: d748 b820 | 7641 9df9 | 7f00 00ff | d048 8b74 | 2420 488b | 7c24 2848 | 8b4c 2430 | 4c8b 4c24 
  0x0000019007c648fc: 384c 8b44 | 2440 4c8b | 5c24 48c5 | f877 4883 | c450 e9a2 | 5aff ff8b | 3e48 c1e7 | 0348 83ff 
  0x0000019007c6491c: 000f 84a9 | 5aff ff4d | 8b57 384d | 85d2 0f84 | 1400 0000 | 4983 ea08 | 4d89 5738 | 4d03 5740 
  0x0000019007c6493c: 4989 3ae9 | 885a ffff | 4883 ec40 | 4c89 4424 | 384c 894c | 2430 4889 | 4c24 2848 | 8974 2420 
  0x0000019007c6495c: 488b cf49 

  0x0000019007c64960: ;   {runtime_call}
  0x0000019007c64960: 8bd7 48b8 | 2076 419d | f97f 0000 | ffd0 488b | 7424 2048 | 8b4c 2428 | 4c8b 4c24 | 304c 8b44 
  0x0000019007c64980: 2438 c5f8 | 7748 83c4 | 40e9 3e5a | ffff f083 | 4424 c000 | 4180 3a00 | 0f84 655a | ffff 41c6 
  0x0000019007c649a0: 0200 498b | 7f50 4885 | ff0f 8414 | 0000 0048 | 83ef 0849 | 897f 5049 | 037f 584c | 8917 e940 
  0x0000019007c649c0: 5aff ff48 | 83ec 304c | 894c 2428 | 4889 4c24 | 2049 8bca 

  0x0000019007c649d4: ;   {runtime_call}
  0x0000019007c649d4: 498b d748 | b800 7641 | 9df9 7f00 | 00ff d048 | 8b4c 2420 | 4c8b 4c24 | 28c5 f877 | 4883 c430 
  0x0000019007c649f4: e90a 5aff | ff45 8b11 | 49c1 e203 | 4983 fa00 | 0f84 f05b | ffff 4d8b | 4738 4d85 | c00f 8414 
  0x0000019007c64a14: 0000 0049 | 83e8 084d | 8947 384d | 0347 404d | 8910 e9cf | 5bff ff48 | 83ec 304c | 894c 2428 
  0x0000019007c64a34: 4889 4c24 | 2049 8bca 

  0x0000019007c64a3c: ;   {runtime_call}
  0x0000019007c64a3c: 498b d748 | b820 7641 | 9df9 7f00 | 00ff d048 | 8b4c 2420 | 4c8b 4c24 | 28c5 f877 | 4883 c430 
  0x0000019007c64a5c: e999 5bff | fff0 8344 | 24c0 0041 | 8038 000f | 84c1 5bff | ff41 c600 | 004d 8b57 | 504d 85d2 
  0x0000019007c64a7c: 0f84 1400 | 0000 4983 | ea08 4d89 | 5750 4d03 | 5758 4d89 | 02e9 9c5b | ffff 4883 | ec20 498b 
  0x0000019007c64a9c: c849 8bd7 

  0x0000019007c64aa0: ;   {runtime_call}
  0x0000019007c64aa0: 48b8 0076 | 419d f97f | 0000 ffd0 | c5f8 7748 | 83c4 20e9 | 7a5b ffff | 418b 1848 | c1e3 0348 
  0x0000019007c64ac0: 83fb 000f | 845b 5cff | ff4d 8b57 | 384d 85d2 | 0f84 1400 | 0000 4983 | ea08 4d89 | 5738 4d03 
  0x0000019007c64ae0: 5740 4989 | 1ae9 3a5c | ffff 4883 | ec50 4c89 | 5c24 484c | 8944 2440 | 4c89 4c24 | 3848 894c 
  0x0000019007c64b00: 2430 4889 | 7c24 2848 | 8bcb 498b 

  0x0000019007c64b0c: ;   {runtime_call}
  0x0000019007c64b0c: d748 b820 | 7641 9df9 | 7f00 00ff | d048 8b7c | 2428 488b | 4c24 304c | 8b4c 2438 | 4c8b 4424 
  0x0000019007c64b2c: 404c 8b5c | 2448 c5f8 | 7748 83c4 | 50e9 e65b | ffff f083 | 4424 c000 | 4180 3a00 | 0f84 0e5c 
  0x0000019007c64b4c: ffff 41c6 | 0200 498b | 5f50 4885 | db0f 8414 | 0000 0048 | 83eb 0849 | 895f 5049 | 035f 584c 
  0x0000019007c64b6c: 8913 e9e9 | 5bff ff48 | 83ec 404c | 895c 2438 | 4c89 4c24 | 3048 894c | 2428 4889 | 7c24 2049 
  0x0000019007c64b8c: 8bca 498b 

  0x0000019007c64b90: ;   {runtime_call}
  0x0000019007c64b90: d748 b800 | 7641 9df9 | 7f00 00ff | d048 8b7c | 2420 488b | 4c24 284c | 8b4c 2430 | 4c8b 5c24 
  0x0000019007c64bb0: 38c5 f877 | 4883 c440 | e99f 5bff | ff45 8b13 | 49c1 e203 | 4983 fa00 | 0f84 9e5b | ffff 498b 
  0x0000019007c64bd0: 4f38 4885 | c90f 8414 | 0000 0048 | 83e9 0849 | 894f 3849 | 034f 404c | 8911 e97d | 5bff ff48 
  0x0000019007c64bf0: 83ec 304c | 895c 2428 | 4889 7c24 | 2049 8bca 

  0x0000019007c64c00: ;   {runtime_call}
  0x0000019007c64c00: 498b d748 | b820 7641 | 9df9 7f00 | 00ff d048 | 8b7c 2420 | 4c8b 5c24 | 28c5 f877 | 4883 c430 
  0x0000019007c64c20: e947 5bff | fff0 8344 | 24c0 0080 | 3900 0f84 | 6f5b ffff | c601 004d | 8b57 504d | 85d2 0f84 
  0x0000019007c64c40: 1400 0000 | 4983 ea08 | 4d89 5750 | 4d03 5758 | 4989 0ae9 | 4b5b ffff | 4883 ec20 

  0x0000019007c64c5c: ;   {runtime_call}
  0x0000019007c64c5c: 498b d748 | b800 7641 | 9df9 7f00 | 00ff d0c5 | f877 4883 | c420 e92c | 5bff ff41 | 8b09 48c1 
  0x0000019007c64c7c: e103 4883 | f900 0f84 | e85e ffff | 4d8b 4738 | 4d85 c00f | 8414 0000 | 0049 83e8 | 084d 8947 
  0x0000019007c64c9c: 384d 0347 | 4049 8908 | e9c7 5eff | ff48 83ec | 404c 8954 | 2438 4c89 | 5c24 304c | 894c 2428 
  0x0000019007c64cbc: ;   {runtime_call}
  0x0000019007c64cbc: 498b d748 | b820 7641 | 9df9 7f00 | 00ff d04c | 8b4c 2428 | 4c8b 5c24 | 304c 8b54 | 2438 c5f8 
  0x0000019007c64cdc: 7748 83c4 | 40e9 8a5e | ffff f083 | 4424 c000 | 4180 3800 | 0f84 bb5e | ffff 41c6 | 0000 498b 
  0x0000019007c64cfc: 4f50 4885 | c90f 8414 | 0000 0048 | 83e9 0849 | 894f 5049 | 034f 584c | 8901 e996 | 5eff ff48 
  0x0000019007c64d1c: 83ec 304c | 8954 2428 | 4c89 5c24 | 2049 8bc8 

  0x0000019007c64d2c: ;   {runtime_call}
  0x0000019007c64d2c: 498b d748 | b800 7641 | 9df9 7f00 | 00ff d04c | 8b5c 2420 | 4c8b 5424 | 28c5 f877 | 4883 c430 
  0x0000019007c64d4c: e960 5eff | ff41 8b08 | 48c1 e103 | 4883 f900 | 0f84 695e | ffff 4d8b | 4f38 4d85 | c90f 8414 
  0x0000019007c64d6c: 0000 0049 | 83e9 084d | 894f 384d | 034f 4049 | 8909 e948 | 5eff ff48 | 83ec 404c | 8954 2438 
  0x0000019007c64d8c: 4c89 5c24 | 304c 8944 | 2428 4889 | 7c24 2049 

  0x0000019007c64d9c: ;   {runtime_call}
  0x0000019007c64d9c: 8bd7 48b8 | 2076 419d | f97f 0000 | ffd0 488b | 7c24 204c | 8b44 2428 | 4c8b 5c24 | 304c 8b54 
  0x0000019007c64dbc: 2438 c5f8 | 7748 83c4 | 40e9 015e | ffff 8b1f | 48c1 e303 | 4883 fb00 | 0f84 4d5e | ffff 498b 
  0x0000019007c64ddc: 4f38 4885 | c90f 8414 | 0000 0048 | 83e9 0849 | 894f 3849 | 034f 4048 | 8919 e92c | 5eff ff48 
  0x0000019007c64dfc: 83ec 604c | 8954 2458 | 4c89 5c24 | 504c 8944 | 2448 4c89 | 4c24 4048 | 897c 2438 | 4889 5424 
  0x0000019007c64e1c: 3048 8974 | 2428 488b | cb49 8bd7 

  0x0000019007c64e28: ;   {runtime_call}
  0x0000019007c64e28: 48b8 2076 | 419d f97f | 0000 ffd0 | 488b 7424 | 2848 8b54 | 2430 488b | 7c24 384c | 8b4c 2440 
  0x0000019007c64e48: 4c8b 4424 | 484c 8b5c | 2450 4c8b | 5424 58c5 | f877 4883 | c460 e9c4 | 5dff fff0 | 8344 24c0 
  0x0000019007c64e68: 0080 3900 | 0f84 ec5d | ffff c601 | 0049 8b5f | 5048 85db | 0f84 1400 | 0000 4883 | eb08 4989 
  0x0000019007c64e88: 5f50 4903 | 5f58 4889 | 0be9 c85d | ffff 4883 | ec50 4c89 | 5424 484c | 895c 2440 | 4c89 4424 
  0x0000019007c64ea8: 384c 894c | 2430 4889 | 5424 2848 | 8974 2420 

  0x0000019007c64eb8: ;   {runtime_call}
  0x0000019007c64eb8: 498b d748 | b800 7641 | 9df9 7f00 | 00ff d048 | 8b74 2420 | 488b 5424 | 284c 8b4c | 2430 4c8b 
  0x0000019007c64ed8: 4424 384c | 8b5c 2440 | 4c8b 5424 | 48c5 f877 | 4883 c450 | e96d 5dff | ff8b 1a48 | c1e3 0348 
  0x0000019007c64ef8: 83fb 000f | 846b 5dff | ff49 8b4f | 3848 85c9 | 0f84 1400 | 0000 4883 | e908 4989 | 4f38 4903 
  0x0000019007c64f18: 4f40 4889 | 19e9 4a5d | ffff 4883 | ec50 4c89 | 5424 484c | 895c 2440 | 4c89 4424 | 384c 894c 
  0x0000019007c64f38: 2430 4889 | 5424 2848 | 8944 2420 | 488b cb49 

  0x0000019007c64f48: ;   {runtime_call}
  0x0000019007c64f48: 8bd7 48b8 | 2076 419d | f97f 0000 | ffd0 488b | 4424 2048 | 8b54 2428 | 4c8b 4c24 | 304c 8b44 
  0x0000019007c64f68: 2438 4c8b | 5c24 404c | 8b54 2448 | c5f8 7748 | 83c4 50e9 | ec5c ffff | f083 4424 | c000 803b 
  0x0000019007c64f88: 000f 8427 | 5dff ffc6 | 0300 498b | 4f50 4885 | c90f 8414 | 0000 0048 | 83e9 0849 | 894f 5049 
  0x0000019007c64fa8: 034f 5848 | 8919 e903 | 5dff ff48 | 83ec 404c | 8954 2438 | 4c89 5c24 | 304c 8944 | 2428 4c89 
  0x0000019007c64fc8: 4c24 2048 | 8bcb 498b 

  0x0000019007c64fd0: ;   {runtime_call}
  0x0000019007c64fd0: d748 b800 | 7641 9df9 | 7f00 00ff | d04c 8b4c | 2420 4c8b | 4424 284c | 8b5c 2430 | 4c8b 5424 
  0x0000019007c64ff0: 38c5 f877 | 4883 c440 | e9b9 5cff | ff8b 1948 | c1e3 0348 | 83fb 000f | 84c1 5cff | ff4d 8b47 
  0x0000019007c65010: 384d 85c0 | 0f84 1400 | 0000 4983 | e808 4d89 | 4738 4d03 | 4740 4989 | 18e9 a05c | ffff 4883 
  0x0000019007c65030: ec40 4c89 | 5424 384c | 895c 2430 | 4c89 4c24 | 2848 894c | 2420 488b | cb49 8bd7 

  0x0000019007c6504c: ;   {runtime_call}
  0x0000019007c6504c: 48b8 2076 | 419d f97f | 0000 ffd0 | 488b 4c24 | 204c 8b4c | 2428 4c8b | 5c24 304c | 8b54 2438 
  0x0000019007c6506c: c5f8 7748 | 83c4 40e9 | 565c ffff | f083 4424 | c000 4180 | 3800 0f84 | 7e5c ffff | 41c6 0000 
  0x0000019007c6508c: 498b 5f50 | 4885 db0f | 8414 0000 | 0048 83eb | 0849 895f | 5049 035f | 584c 8903 | e959 5cff 
  0x0000019007c650ac: ff48 83ec | 404c 8954 | 2438 4c89 | 5c24 304c | 894c 2428 | 498b c849 

  0x0000019007c650c4: ;   {runtime_call}
  0x0000019007c650c4: 8bd7 48b8 | 0076 419d | f97f 0000 | ffd0 4c8b | 4c24 284c | 8b5c 2430 | 4c8b 5424 | 38c5 f877 
  0x0000019007c650e4: 4883 c440 | e919 5cff | ff45 8b01 | 49c1 e003 | 4983 f800 | 0f84 ed5c | ffff 4d8b | 5f38 4d85 
  0x0000019007c65104: db0f 8414 | 0000 0049 | 83eb 084d | 895f 384d | 035f 404d | 8903 e9cc | 5cff ff48 | 83ec 404c 
  0x0000019007c65124: 8954 2438 | 4c89 4c24 | 3048 894c | 2428 4889 | 7c24 2049 | 8bc8 498b 

  0x0000019007c6513c: ;   {runtime_call}
  0x0000019007c6513c: d748 b820 | 7641 9df9 | 7f00 00ff | d048 8b7c | 2420 488b | 4c24 284c | 8b4c 2430 | 4c8b 5424 
  0x0000019007c6515c: 38c5 f877 | 4883 c440 | e982 5cff | ff45 8b10 | 49c1 e203 | 4983 fa00 | 0f84 4e5d | ffff 4d8b 
  0x0000019007c6517c: 5f38 4d85 | db0f 8414 | 0000 0049 | 83eb 084d | 895f 384d | 035f 404d | 8913 e92d | 5dff ff48 
  0x0000019007c6519c: 83ec 404c | 8944 2438 | 4c89 4c24 | 3048 894c | 2428 498b | ca49 8bd7 

  0x0000019007c651b4: ;   {runtime_call}
  0x0000019007c651b4: 48b8 2076 | 419d f97f | 0000 ffd0 | 488b 4c24 | 284c 8b4c | 2430 4c8b | 4424 38c5 | f877 4883 
  0x0000019007c651d4: c440 e9ed | 5cff ff45 | 8b19 49c1 | e303 4983 | fb00 0f84 | 895e ffff | 4d8b 4738 | 4d85 c00f 
  0x0000019007c651f4: 8414 0000 | 0049 83e8 | 084d 8947 | 384d 0347 | 404d 8918 | e968 5eff | ff48 83ec | 304c 894c 
  0x0000019007c65214: 2428 4889 | 4c24 2049 | 8bcb 498b 

  0x0000019007c65220: ;   {runtime_call}
  0x0000019007c65220: d748 b820 | 7641 9df9 | 7f00 00ff | d048 8b4c | 2420 4c8b | 4c24 28c5 | f877 4883 | c430 e932 
  0x0000019007c65240: 5eff fff0 | 8344 24c0 | 0041 8038 | 000f 845a | 5eff ff41 | c600 004d | 8b5f 504d | 85db 0f84 
  0x0000019007c65260: 1400 0000 | 4983 eb08 | 4d89 5f50 | 4d03 5f58 | 4d89 03e9 | 355e ffff | 4883 ec20 | 498b c849 
  0x0000019007c65280: ;   {runtime_call}
  0x0000019007c65280: 8bd7 48b8 | 0076 419d | f97f 0000 | ffd0 c5f8 | 7748 83c4 | 20e9 135e | ffff 458b | 1349 c1e2 
  0x0000019007c652a0: 0349 83fa | 000f 84d7 | 60ff ff4d | 8b47 384d | 85c0 0f84 | 1400 0000 | 4983 e808 | 4d89 4738 
  0x0000019007c652c0: 4d03 4740 | 4d89 10e9 | b660 ffff | 4883 ec30 | 4c89 5c24 | 2848 894c | 2420 498b | ca49 8bd7 
  0x0000019007c652e0: ;   {runtime_call}
  0x0000019007c652e0: 48b8 2076 | 419d f97f | 0000 ffd0 | 488b 4c24 | 204c 8b5c | 2428 c5f8 | 7748 83c4 | 30e9 8060 
  0x0000019007c65300: ffff 458b | 1a49 c1e3 | 0349 83fb | 000f 848e | 62ff ff4d | 8b47 384d | 85c0 0f84 | 1400 0000 
  0x0000019007c65320: 4983 e808 | 4d89 4738 | 4d03 4740 | 4d89 18e9 | 6d62 ffff | 4883 ec40 | 4c89 5424 | 3848 894c 
  0x0000019007c65340: 2430 4889 | 7c24 2849 | 8bcb 498b 

  0x0000019007c6534c: ;   {runtime_call}
  0x0000019007c6534c: d748 b820 | 7641 9df9 | 7f00 00ff | d048 8b7c | 2428 488b | 4c24 304c | 8b54 2438 | c5f8 7748 
  0x0000019007c6536c: 83c4 40e9 | 2d62 ffff | f083 4424 | c000 4180 | 3800 0f84 | 5562 ffff | 41c6 0000 | 4d8b 5f50 
  0x0000019007c6538c: 4d85 db0f | 8414 0000 | 0049 83eb | 084d 895f | 504d 035f | 584d 8903 | e930 62ff | ff48 83ec 
  0x0000019007c653ac: 3048 894c | 2428 4889 | 7c24 2049 | 8bc8 498b 

  0x0000019007c653bc: ;   {runtime_call}
  0x0000019007c653bc: d748 b800 | 7641 9df9 | 7f00 00ff | d048 8b7c | 2420 488b | 4c24 28c5 | f877 4883 | c430 e9fa 
  0x0000019007c653dc: 61ff ff45 | 8b1a 49c1 | e303 4983 | fb00 0f84 | 0062 ffff | 4d8b 4f38 | 4d85 c90f | 8414 0000 
  0x0000019007c653fc: 0049 83e9 | 084d 894f | 384d 034f | 404d 8919 | e9df 61ff | ff48 83ec | 504c 8954 | 2448 4c89 
  0x0000019007c6541c: 4424 4048 | 894c 2438 | 4889 7c24 | 3048 8954 | 2428 498b | cb49 8bd7 

  0x0000019007c65434: ;   {runtime_call}
  0x0000019007c65434: 48b8 2076 | 419d f97f | 0000 ffd0 | 488b 5424 | 2848 8b7c | 2430 488b | 4c24 384c | 8b44 2440 
  0x0000019007c65454: 4c8b 5424 | 48c5 f877 | 4883 c450 | e98b 61ff | ff45 8b18 | 49c1 e303 | 4983 fb00 | 0f84 8c61 
  0x0000019007c65474: ffff 4d8b | 5738 4d85 | d20f 8414 | 0000 0049 | 83ea 084d | 8957 384d | 0357 404d | 891a e96b 
  0x0000019007c65494: 61ff ff48 | 83ec 404c | 8944 2438 | 4889 4c24 | 3048 897c | 2428 4889 | 5424 2049 | 8bcb 498b 
  0x0000019007c654b4: ;   {runtime_call}
  0x0000019007c654b4: d748 b820 | 7641 9df9 | 7f00 00ff | d048 8b54 | 2420 488b | 7c24 2848 | 8b4c 2430 | 4c8b 4424 
  0x0000019007c654d4: 38c5 f877 | 4883 c440 | e921 61ff | ff45 8b01 | 49c1 e003 | 4983 f800 | 0f84 0663 | ffff 4d8b 
  0x0000019007c654f4: 5738 4d85 | d20f 8414 | 0000 0049 | 83ea 084d | 8957 384d | 0357 404d | 8902 e9e5 | 62ff ff48 
  0x0000019007c65514: 83ec 304c | 894c 2428 | 498b c849 

  0x0000019007c65520: ;   {runtime_call}
  0x0000019007c65520: 8bd7 48b8 | 2076 419d | f97f 0000 | ffd0 4c8b | 4c24 28c5 | f877 4883 | c430 e9b9 | 62ff fff0 
  0x0000019007c65540: 8344 24c0 | 0041 803a | 000f 84e1 | 62ff ff41 | c602 004d | 8b47 504d | 85c0 0f84 | 1400 0000 
  0x0000019007c65560: 4983 e808 | 4d89 4750 | 4d03 4758 | 4d89 10e9 | bc62 ffff | 4883 ec20 | 498b ca49 

  0x0000019007c6557c: ;   {runtime_call}
  0x0000019007c6557c: 8bd7 48b8 | 0076 419d | f97f 0000 | ffd0 c5f8 | 7748 83c4 | 20e9 9a62 | ffff 8b0b | 48c1 e103 
  0x0000019007c6559c: 4883 f900 | 0f84 8463 | ffff 4d8b | 5f38 4d85 | db0f 8414 | 0000 0049 | 83eb 084d | 895f 384d 
  0x0000019007c655bc: 035f 4049 | 890b e963 | 63ff ff48 | 83ec 404c | 8954 2438 | 4c89 4424 | 304c 894c | 2428 4889 
  0x0000019007c655dc: 7c24 2049 

  0x0000019007c655e0: ;   {runtime_call}
  0x0000019007c655e0: 8bd7 48b8 | 2076 419d | f97f 0000 | ffd0 488b | 7c24 204c | 8b4c 2428 | 4c8b 4424 | 304c 8b54 
  0x0000019007c65600: 2438 c5f8 | 7748 83c4 | 40e9 1c63 | ffff f083 | 4424 c000 | 4180 3b00 | 0f84 4363 | ffff 41c6 
  0x0000019007c65620: 0300 498b | 4f50 4885 | c90f 8414 | 0000 0048 | 83e9 0849 | 894f 5049 | 034f 584c | 8919 e91e 
  0x0000019007c65640: 63ff ff48 | 83ec 404c | 8954 2438 | 4c89 4424 | 304c 894c | 2428 4889 | 7c24 2049 | 8bcb 498b 
  0x0000019007c65660: ;   {runtime_call}
  0x0000019007c65660: d748 b800 | 7641 9df9 | 7f00 00ff | d048 8b7c | 2420 4c8b | 4c24 284c | 8b44 2430 | 4c8b 5424 
  0x0000019007c65680: 38c5 f877 | 4883 c440 | e9d4 62ff | ff45 8b03 | 49c1 e003 | 4983 f800 | 0f84 d362 | ffff 4d8b 
  0x0000019007c656a0: 5738 4d85 | d20f 8414 | 0000 0049 | 83ea 084d | 8957 384d | 0357 404d | 8902 e9b2 | 62ff ff48 
  0x0000019007c656c0: 83ec 304c | 895c 2428 | 4889 7c24 | 2049 8bc8 

  0x0000019007c656d0: ;   {runtime_call}
  0x0000019007c656d0: 498b d748 | b820 7641 | 9df9 7f00 | 00ff d048 | 8b7c 2420 | 4c8b 5c24 | 28c5 f877 | 4883 c430 
  0x0000019007c656f0: e97c 62ff | fff0 8344 | 24c0 0041 | 803a 000f | 84a4 62ff | ff41 c602 | 004d 8b47 | 504d 85c0 
  0x0000019007c65710: 0f84 1400 | 0000 4983 | e808 4d89 | 4750 4d03 | 4758 4d89 | 10e9 7f62 | ffff 4883 | ec20 498b 
  0x0000019007c65730: ca49 8bd7 

  0x0000019007c65734: ;   {runtime_call}
  0x0000019007c65734: 48b8 0076 | 419d f97f | 0000 ffd0 | c5f8 7748 | 83c4 20e9 | 5d62 ffff | 458b 1349 | c1e2 0349 
  0x0000019007c65754: 83fa 000f | 84fd 66ff | ff4d 8b47 | 384d 85c0 | 0f84 1400 | 0000 4983 | e808 4d89 | 4738 4d03 
  0x0000019007c65774: 4740 4d89 | 10e9 dc66 | ffff 4883 | ec30 4c89 | 5c24 284c | 894c 2420 | 498b ca49 

  0x0000019007c65790: ;   {runtime_call}
  0x0000019007c65790: 8bd7 48b8 | 2076 419d | f97f 0000 | ffd0 4c8b | 4c24 204c | 8b5c 2428 | c5f8 7748 | 83c4 30e9 
  0x0000019007c657b0: a666 ffff | 458b 0149 | c1e0 0349 | 83f8 000f | 8447 68ff | ff4d 8b5f | 384d 85db | 0f84 1400 
  0x0000019007c657d0: 0000 4983 | eb08 4d89 | 5f38 4d03 | 5f40 4d89 | 03e9 2668 | ffff 4883 | ec30 4c89 | 4c24 2848 
  0x0000019007c657f0: 894c 2420 | 498b c849 

  0x0000019007c657f8: ;   {runtime_call}
  0x0000019007c657f8: 8bd7 48b8 | 2076 419d | f97f 0000 | ffd0 488b | 4c24 204c | 8b4c 2428 | c5f8 7748 | 83c4 30e9 
  0x0000019007c65818: f067 ffff | f083 4424 | c000 4180 | 3b00 0f84 | 1868 ffff | 41c6 0300 | 4d8b 4750 | 4d85 c00f 
  0x0000019007c65838: 8414 0000 | 0049 83e8 | 084d 8947 | 504d 0347 | 584d 8918 | e9f3 67ff | ff48 83ec | 2049 8bcb 
  0x0000019007c65858: ;   {runtime_call}
  0x0000019007c65858: 498b d748 | b800 7641 | 9df9 7f00 | 00ff d0c5 | f877 4883 | c420 e9d1 | 67ff ff8b | 3948 c1e7 
  0x0000019007c65878: 0348 83ff | 000f 8447 | 69ff ff49 | 8b5f 3848 | 85db 0f84 | 1400 0000 | 4883 eb08 | 4989 5f38 
  0x0000019007c65898: 4903 5f40 | 4889 3be9 | 2669 ffff | 4883 ec50 | 4c89 5424 | 484c 895c | 2440 4c89 | 4424 3848 
  0x0000019007c658b8: 894c 2430 | 4889 5424 | 2848 8bcf 

  0x0000019007c658c4: ;   {runtime_call}
  0x0000019007c658c4: 498b d748 | b820 7641 | 9df9 7f00 | 00ff d048 | 8b54 2428 | 488b 4c24 | 304c 8b44 | 2438 4c8b 
  0x0000019007c658e4: 5c24 404c | 8b54 2448 | c5f8 7748 | 83c4 50e9 | d268 ffff | f083 4424 | c000 803b | 000f 84f9 
  0x0000019007c65904: 68ff ffc6 | 0300 498b | 7f50 4885 | ff0f 8414 | 0000 0048 | 83ef 0849 | 897f 5049 | 037f 5848 
  0x0000019007c65924: 891f e9d5 | 68ff ff48 | 83ec 404c | 8954 2438 | 4c89 5c24 | 304c 8944 | 2428 4889 | 5424 2048 
  0x0000019007c65944: 8bcb 498b 

  0x0000019007c65948: ;   {runtime_call}
  0x0000019007c65948: d748 b800 | 7641 9df9 | 7f00 00ff | d048 8b54 | 2420 4c8b | 4424 284c | 8b5c 2430 | 4c8b 5424 
  0x0000019007c65968: 38c5 f877 | 4883 c440 | e98b 68ff | ff45 8b11 | 49c1 e203 | 4983 fa00 | 0f84 8a68 | ffff 4d8b 
  0x0000019007c65988: 4738 4d85 | c00f 8414 | 0000 0049 | 83e8 084d | 8947 384d | 0347 404d | 8910 e969 | 68ff ff48 
  0x0000019007c659a8: 83ec 304c | 894c 2428 | 4889 5424 | 2049 8bca 

  0x0000019007c659b8: ;   {runtime_call}
  0x0000019007c659b8: 498b d748 | b820 7641 | 9df9 7f00 | 00ff d048 | 8b54 2420 | 4c8b 4c24 | 28c5 f877 | 4883 c430 
  0x0000019007c659d8: e933 68ff | fff0 8344 | 24c0 0041 | 8038 000f | 845b 68ff | ff41 c600 | 004d 8b57 | 504d 85d2 
  0x0000019007c659f8: 0f84 1400 | 0000 4983 | ea08 4d89 | 5750 4d03 | 5758 4d89 | 02e9 3668 | ffff 4883 | ec20 498b 
  0x0000019007c65a18: c849 8bd7 

  0x0000019007c65a1c: ;   {runtime_call}
  0x0000019007c65a1c: 48b8 0076 | 419d f97f | 0000 ffd0 | c5f8 7748 | 83c4 20e9 | 1468 ffff | 8b39 48c1 | e703 4883 
  0x0000019007c65a3c: ff00 0f84 | 6369 ffff | 498b 5f38 | 4885 db0f | 8414 0000 | 0048 83eb | 0849 895f | 3849 035f 
  0x0000019007c65a5c: 4048 893b | e942 69ff | ff48 83ec | 504c 8954 | 2448 4c89 | 5c24 404c | 8944 2438 | 4889 4c24 
  0x0000019007c65a7c: 3048 8954 | 2428 488b | cf49 8bd7 

  0x0000019007c65a88: ;   {runtime_call}
  0x0000019007c65a88: 48b8 2076 | 419d f97f | 0000 ffd0 | 488b 5424 | 2848 8b4c | 2430 4c8b | 4424 384c | 8b5c 2440 
  0x0000019007c65aa8: 4c8b 5424 | 48c5 f877 | 4883 c450 | e9ee 68ff | fff0 8344 | 24c0 0080 | 3b00 0f84 | 1569 ffff 
  0x0000019007c65ac8: c603 0049 | 8b7f 5048 | 85ff 0f84 | 1400 0000 | 4883 ef08 | 4989 7f50 | 4903 7f58 | 4889 1fe9 
  0x0000019007c65ae8: f168 ffff | 4883 ec40 | 4c89 5424 | 384c 895c | 2430 4c89 | 4424 2848 | 8954 2420 | 488b cb49 
  0x0000019007c65b08: ;   {runtime_call}
  0x0000019007c65b08: 8bd7 48b8 | 0076 419d | f97f 0000 | ffd0 488b | 5424 204c | 8b44 2428 | 4c8b 5c24 | 304c 8b54 
  0x0000019007c65b28: 2438 c5f8 | 7748 83c4 | 40e9 a768 | ffff 458b | 1149 c1e2 | 0349 83fa | 000f 84a6 | 68ff ff4d 
  0x0000019007c65b48: 8b47 384d | 85c0 0f84 | 1400 0000 | 4983 e808 | 4d89 4738 | 4d03 4740 | 4d89 10e9 | 8568 ffff 
  0x0000019007c65b68: 4883 ec30 | 4c89 4c24 | 2848 8954 | 2420 498b | ca49 8bd7 

  0x0000019007c65b7c: ;   {runtime_call}
  0x0000019007c65b7c: 48b8 2076 | 419d f97f | 0000 ffd0 | 488b 5424 | 204c 8b4c | 2428 c5f8 | 7748 83c4 | 30e9 4f68 
  0x0000019007c65b9c: ffff f083 | 4424 c000 | 4180 3800 | 0f84 7768 | ffff 41c6 | 0000 4d8b | 5750 4d85 | d20f 8414 
  0x0000019007c65bbc: 0000 0049 | 83ea 084d | 8957 504d | 0357 584d | 8902 e952 | 68ff ff48 | 83ec 2049 | 8bc8 498b 
  0x0000019007c65bdc: ;   {runtime_call}
  0x0000019007c65bdc: d748 b800 | 7641 9df9 | 7f00 00ff | d0c5 f877 | 4883 c420 | e930 68ff | ff8b 0b48 | c1e1 0348 
  0x0000019007c65bfc: 83f9 000f | 8437 6bff | ff4d 8b47 | 384d 85c0 | 0f84 1400 | 0000 4983 | e808 4d89 | 4738 4d03 
  0x0000019007c65c1c: 4740 4989 | 08e9 166b | ffff 4883 | ec40 4c89 | 5424 384c | 895c 2430 | 4889 7c24 | 2849 8bd7 
  0x0000019007c65c3c: ;   {runtime_call}
  0x0000019007c65c3c: 48b8 2076 | 419d f97f | 0000 ffd0 | 488b 7c24 | 284c 8b5c | 2430 4c8b | 5424 38c5 | f877 4883 
  0x0000019007c65c5c: c440 e9d9 | 6aff fff0 | 8344 24c0 | 0041 8038 | 000f 8400 | 6bff ff41 | c600 0049 | 8b4f 5048 
  0x0000019007c65c7c: 85c9 0f84 | 1400 0000 | 4883 e908 | 4989 4f50 | 4903 4f58 | 4c89 01e9 | db6a ffff | 4883 ec40 
  0x0000019007c65c9c: 4c89 5424 | 384c 895c | 2430 4889 | 7c24 2849 | 8bc8 498b 

  0x0000019007c65cb0: ;   {runtime_call}
  0x0000019007c65cb0: d748 b800 | 7641 9df9 | 7f00 00ff | d048 8b7c | 2428 4c8b | 5c24 304c | 8b54 2438 | c5f8 7748 
  0x0000019007c65cd0: 83c4 40e9 | 9b6a ffff | 458b 0849 | c1e1 0349 | 83f9 000f | 849a 6aff | ff4d 8b5f | 384d 85db 
  0x0000019007c65cf0: 0f84 1400 | 0000 4983 | eb08 4d89 | 5f38 4d03 | 5f40 4d89 | 0be9 796a | ffff 4883 | ec30 4c89 
  0x0000019007c65d10: 4424 2848 | 897c 2420 | 498b c949 

  0x0000019007c65d1c: ;   {runtime_call}
  0x0000019007c65d1c: 8bd7 48b8 | 2076 419d | f97f 0000 | ffd0 488b | 7c24 204c | 8b44 2428 | c5f8 7748 | 83c4 30e9 
  0x0000019007c65d3c: 436a ffff | f083 4424 | c000 4180 | 3b00 0f84 | 6b6a ffff | 41c6 0300 | 4d8b 4f50 | 4d85 c90f 
  0x0000019007c65d5c: 8414 0000 | 0049 83e9 | 084d 894f | 504d 034f | 584d 8919 | e946 6aff | ff48 83ec | 2049 8bcb 
  0x0000019007c65d7c: ;   {runtime_call}
  0x0000019007c65d7c: 498b d748 | b800 7641 | 9df9 7f00 | 00ff d0c5 | f877 4883 | c420 e924 | 6aff ff45 | 8b10 49c1 
  0x0000019007c65d9c: e203 4983 | fa00 0f84 | 8c6e ffff | 4d8b 4f38 | 4d85 c90f | 8414 0000 | 0049 83e9 | 084d 894f 
  0x0000019007c65dbc: 384d 034f | 404d 8911 | e96b 6eff | ff48 83ec | 304c 895c | 2428 4c89 | 4424 2049 | 8bca 498b 
  0x0000019007c65ddc: ;   {runtime_call}
  0x0000019007c65ddc: d748 b820 | 7641 9df9 | 7f00 00ff | d04c 8b44 | 2420 4c8b | 5c24 28c5 | f877 4883 | c430 e935 
  0x0000019007c65dfc: 6eff fff0 | 8344 24c0 | 0041 8039 | 000f 8467 | 6eff ff41 | c601 004d | 8b57 504d | 85d2 0f84 
  0x0000019007c65e1c: 1400 0000 | 4983 ea08 | 4d89 5750 | 4d03 5758 | 4d89 0ae9 | 426e ffff | 4883 ec30 | 4c89 5c24 
  0x0000019007c65e3c: 2849 8bc9 

  0x0000019007c65e40: ;   {runtime_call}
  0x0000019007c65e40: 498b d748 | b800 7641 | 9df9 7f00 | 00ff d04c | 8b5c 2428 | c5f8 7748 | 83c4 30e9 | 166e ffff 
  0x0000019007c65e60: 458b 0349 | c1e0 0349 | 83f8 000f | 8482 73ff | ff49 8b4f | 3848 85c9 | 0f84 1400 | 0000 4883 
  0x0000019007c65e80: e908 4989 | 4f38 4903 | 4f40 4c89 | 01e9 6173 | ffff 4883 | ec40 4c89 | 5424 384c | 895c 2430 
  0x0000019007c65ea0: 4c89 4c24 | 2849 8bc8 

  0x0000019007c65ea8: ;   {runtime_call}
  0x0000019007c65ea8: 498b d748 | b820 7641 | 9df9 7f00 | 00ff d04c | 8b4c 2428 | 4c8b 5c24 | 304c 8b54 | 2438 c5f8 
  0x0000019007c65ec8: 7748 83c4 | 40e9 2173 | ffff f083 | 4424 c000 | 8039 000f | 8449 73ff | ffc6 0100 | 4d8b 4750 
  0x0000019007c65ee8: 4d85 c00f | 8414 0000 | 0049 83e8 | 084d 8947 | 504d 0347 | 5849 8908 | e925 73ff | ff48 83ec 
  0x0000019007c65f08: 304c 8954 | 2428 4c89 | 4c24 2049 

  0x0000019007c65f14: ;   {runtime_call}
  0x0000019007c65f14: 8bd7 48b8 | 0076 419d | f97f 0000 | ffd0 4c8b | 4c24 204c | 8b54 2428 | c5f8 7748 | 83c4 30e9 
  0x0000019007c65f34: f272 ffff | 458b 1349 | c1e2 0349 | 83fa 000f | 84f1 72ff | ff4d 8b47 | 384d 85c0 | 0f84 1400 
  0x0000019007c65f54: 0000 4983 | e808 4d89 | 4738 4d03 | 4740 4d89 | 10e9 d072 | ffff 4883 | ec30 4c89 | 5c24 2849 
  0x0000019007c65f74: 8bca 498b 

  0x0000019007c65f78: ;   {runtime_call}
  0x0000019007c65f78: d748 b820 | 7641 9df9 | 7f00 00ff | d04c 8b5c | 2428 c5f8 | 7748 83c4 | 30e9 a472 | ffff f083 
  0x0000019007c65f98: 4424 c000 | 4180 3800 | 0f84 cc72 | ffff 41c6 | 0000 4d8b | 5750 4d85 | d20f 8414 | 0000 0049 
  0x0000019007c65fb8: 83ea 084d | 8957 504d | 0357 584d | 8902 e9a7 | 72ff ff48 | 83ec 2049 | 8bc8 498b 

  0x0000019007c65fd4: ;   {runtime_call}
  0x0000019007c65fd4: d748 b800 | 7641 9df9 | 7f00 00ff | d0c5 f877 | 4883 c420 | e985 72ff | ff41 8b08 | 48c1 e103 
  0x0000019007c65ff4: 4883 f900 | 0f84 d772 | ffff 4d8b | 4f38 4d85 | c90f 8414 | 0000 0049 | 83e9 084d | 894f 384d 
  0x0000019007c66014: 034f 4049 | 8909 e9b6 | 72ff ff48 | 83ec 404c | 8954 2438 | 4c89 4424 | 3048 8944 | 2428 498b 
  0x0000019007c66034: ;   {runtime_call}
  0x0000019007c66034: d748 b820 | 7641 9df9 | 7f00 00ff | d048 8b44 | 2428 4c8b | 4424 304c | 8b54 2438 | c5f8 7748 
  0x0000019007c66054: 83c4 40e9 | 7972 ffff | f083 4424 | c000 8039 | 000f 84b5 | 72ff ffc6 | 0100 4d8b | 4f50 4d85 
  0x0000019007c66074: c90f 8414 | 0000 0049 | 83e9 084d | 894f 504d | 034f 5849 | 8909 e991 | 72ff ff48 | 83ec 304c 
  0x0000019007c66094: 895c 2428 

  0x0000019007c66098: ;   {runtime_call}
  0x0000019007c66098: 498b d748 | b800 7641 | 9df9 7f00 | 00ff d04c | 8b5c 2428 | c5f8 7748 | 83c4 30e9 | 6872 ffff 
  0x0000019007c660b8: 458b 0a49 | c1e1 0349 | 83f9 000f | 8441 73ff | ff4d 8b47 | 384d 85c0 | 0f84 1400 | 0000 4983 
  0x0000019007c660d8: e808 4d89 | 4738 4d03 | 4740 4d89 | 08e9 2073 | ffff 4883 | ec30 4c89 | 5424 284c | 895c 2420 
  0x0000019007c660f8: 498b c949 

  0x0000019007c660fc: ;   {runtime_call}
  0x0000019007c660fc: 8bd7 48b8 | 2076 419d | f97f 0000 | ffd0 4c8b | 5c24 204c | 8b54 2428 | c5f8 7748 | 83c4 30e9 
  0x0000019007c6611c: ea72 ffff | f083 4424 | c000 4180 | 3800 0f84 | 1273 ffff | 41c6 0000 | 4d8b 4f50 | 4d85 c90f 
  0x0000019007c6613c: 8414 0000 | 0049 83e9 | 084d 894f | 504d 034f | 584d 8901 | e9ed 72ff | ff48 83ec | 304c 895c 
  0x0000019007c6615c: 2428 498b | c849 8bd7 

  0x0000019007c66164: ;   {runtime_call}
  0x0000019007c66164: 48b8 0076 | 419d f97f | 0000 ffd0 | 4c8b 5c24 | 28c5 f877 | 4883 c430 | e9c1 72ff | ff41 8b1b 
  0x0000019007c66184: 48c1 e303 | 4883 fb00 | 0f84 cd72 | ffff 498b | 4f38 4885 | c90f 8414 | 0000 0048 | 83e9 0849 
  0x0000019007c661a4: 894f 3849 | 034f 4048 | 8919 e9ac | 72ff ff48 | 83ec 504c | 8954 2448 | 4c89 5c24 | 404c 8944 
  0x0000019007c661c4: 2438 4c89 | 4c24 3048 | 897c 2428 | 488b cb49 

  0x0000019007c661d4: ;   {runtime_call}
  0x0000019007c661d4: 8bd7 48b8 | 2076 419d | f97f 0000 | ffd0 488b | 7c24 284c | 8b4c 2430 | 4c8b 4424 | 384c 8b5c 
  0x0000019007c661f4: 2440 4c8b | 5424 48c5 | f877 4883 | c450 e958 | 72ff fff0 | 8344 24c0 | 0080 3900 | 0f84 8072 
  0x0000019007c66214: ffff c601 | 0049 8b5f | 5048 85db | 0f84 1400 | 0000 4883 | eb08 4989 | 5f50 4903 | 5f58 4889 
  0x0000019007c66234: 0be9 5c72 | ffff 4883 | ec40 4c89 | 5424 384c | 8944 2430 | 4c89 4c24 | 2848 897c | 2420 498b 
  0x0000019007c66254: ;   {runtime_call}
  0x0000019007c66254: d748 b800 | 7641 9df9 | 7f00 00ff | d048 8b7c | 2420 4c8b | 4c24 284c | 8b44 2430 | 4c8b 5424 
  0x0000019007c66274: 38c5 f877 | 4883 c440 | e915 72ff | ff45 8b18 | 49c1 e303 | 4983 fb00 | 0f84 1472 | ffff 4d8b 
  0x0000019007c66294: 5738 4d85 | d20f 8414 | 0000 0049 | 83ea 084d | 8957 384d | 0357 404d | 891a e9f3 | 71ff ff48 
  0x0000019007c662b4: 83ec 304c | 8944 2428 | 4889 7c24 | 2049 8bcb 

  0x0000019007c662c4: ;   {runtime_call}
  0x0000019007c662c4: 498b d748 | b820 7641 | 9df9 7f00 | 00ff d048 | 8b7c 2420 | 4c8b 4424 | 28c5 f877 | 4883 c430 
  0x0000019007c662e4: e9bd 71ff | fff0 8344 | 24c0 0041 | 803a 000f | 84e5 71ff | ff41 c602 | 004d 8b5f | 504d 85db 
  0x0000019007c66304: 0f84 1400 | 0000 4983 | eb08 4d89 | 5f50 4d03 | 5f58 4d89 | 13e9 c071 | ffff 4883 | ec20 498b 
  0x0000019007c66324: ca49 8bd7 

  0x0000019007c66328: ;   {runtime_call}
  0x0000019007c66328: 48b8 0076 | 419d f97f | 0000 ffd0 | c5f8 7748 | 83c4 20e9 | 9e71 ffff | 458b 0a49 | c1e1 0349 
  0x0000019007c66348: 83f9 000f | 8414 72ff | ff4d 8b47 | 384d 85c0 | 0f84 1400 | 0000 4983 | e808 4d89 | 4738 4d03 
  0x0000019007c66368: 4740 4d89 | 08e9 f371 | ffff 4883 | ec30 4c89 | 5424 284c | 895c 2420 | 498b c949 

  0x0000019007c66384: ;   {runtime_call}
  0x0000019007c66384: 8bd7 48b8 | 2076 419d | f97f 0000 | ffd0 4c8b | 5c24 204c | 8b54 2428 | c5f8 7748 | 83c4 30e9 
  0x0000019007c663a4: bd71 ffff | f083 4424 | c000 4180 | 3800 0f84 | e571 ffff | 41c6 0000 | 4d8b 4f50 | 4d85 c90f 
  0x0000019007c663c4: 8414 0000 | 0049 83e9 | 084d 894f | 504d 034f | 584d 8901 | e9c0 71ff | ff48 83ec | 304c 895c 
  0x0000019007c663e4: 2428 498b | c849 8bd7 

  0x0000019007c663ec: ;   {runtime_call}
  0x0000019007c663ec: 48b8 0076 | 419d f97f | 0000 ffd0 | 4c8b 5c24 | 28c5 f877 | 4883 c430 | e994 71ff | ff41 8b08 
  0x0000019007c6640c: 48c1 e103 | 4883 f900 | 0f84 bf71 | ffff 4d8b | 5f38 4d85 | db0f 8414 | 0000 0049 | 83eb 084d 
  0x0000019007c6642c: 895f 384d | 035f 4049 | 890b e99e | 71ff ff48 | 83ec 404c | 8954 2438 | 4c89 4424 | 304c 894c 
  0x0000019007c6644c: 2428 498b 

  0x0000019007c66450: ;   {runtime_call}
  0x0000019007c66450: d748 b820 | 7641 9df9 | 7f00 00ff | d04c 8b4c | 2428 4c8b | 4424 304c | 8b54 2438 | c5f8 7748 
  0x0000019007c66470: 83c4 40e9 | 6171 ffff | f083 4424 | c000 4180 | 3b00 0f84 | 8971 ffff | 41c6 0300 | 498b 4f50 
  0x0000019007c66490: 4885 c90f | 8414 0000 | 0048 83e9 | 0849 894f | 5049 034f | 584c 8919 | e964 71ff | ff48 83ec 
  0x0000019007c664b0: 304c 8954 | 2428 4c89 | 4c24 2049 | 8bcb 498b 

  0x0000019007c664c0: ;   {runtime_call}
  0x0000019007c664c0: d748 b800 | 7641 9df9 | 7f00 00ff | d04c 8b4c | 2420 4c8b | 5424 28c5 | f877 4883 | c430 e92e 
  0x0000019007c664e0: 71ff ff45 | 8b03 49c1 | e003 4983 | f800 0f84 | 2d71 ffff | 4d8b 5738 | 4d85 d20f | 8414 0000 
  0x0000019007c66500: 0049 83ea | 084d 8957 | 384d 0357 | 404d 8902 | e90c 71ff | ff48 83ec | 304c 895c | 2428 498b 
  0x0000019007c66520: c849 8bd7 

  0x0000019007c66524: ;   {runtime_call}
  0x0000019007c66524: 48b8 2076 | 419d f97f | 0000 ffd0 | 4c8b 5c24 | 28c5 f877 | 4883 c430 | e9e0 70ff | fff0 8344 
  0x0000019007c66544: 24c0 0041 | 803a 000f | 8408 71ff | ff41 c602 | 004d 8b47 | 504d 85c0 | 0f84 1400 | 0000 4983 
  0x0000019007c66564: e808 4d89 | 4750 4d03 | 4758 4d89 | 10e9 e370 | ffff 4883 | ec20 498b | ca49 8bd7 

  0x0000019007c66580: ;   {runtime_call}
  0x0000019007c66580: 48b8 0076 | 419d f97f | 0000 ffd0 | c5f8 7748 | 83c4 20e9 | c170 ffff | 458b 0149 | c1e0 0349 
  0x0000019007c665a0: 83f8 000f | 844e 71ff | ff4d 8b57 | 384d 85d2 | 0f84 1400 | 0000 4983 | ea08 4d89 | 5738 4d03 
  0x0000019007c665c0: 5740 4d89 | 02e9 2d71 | ffff 4883 | ec30 4c89 | 5c24 284c | 894c 2420 | 498b c849 

  0x0000019007c665dc: ;   {runtime_call}
  0x0000019007c665dc: 8bd7 48b8 | 2076 419d | f97f 0000 | ffd0 4c8b | 4c24 204c | 8b5c 2428 | c5f8 7748 | 83c4 30e9 
  0x0000019007c665fc: f770 ffff | f083 4424 | c000 4180 | 3a00 0f84 | 1f71 ffff | 41c6 0200 | 4d8b 4750 | 4d85 c00f 
  0x0000019007c6661c: 8414 0000 | 0049 83e8 | 084d 8947 | 504d 0347 | 584d 8910 | e9fa 70ff | ff48 83ec | 304c 895c 
  0x0000019007c6663c: 2428 498b | ca49 8bd7 

  0x0000019007c66644: ;   {runtime_call}
  0x0000019007c66644: 48b8 0076 | 419d f97f | 0000 ffd0 | 4c8b 5c24 | 28c5 f877 | 4883 c430 | e9ce 70ff | ff45 8b18 
  0x0000019007c66664: 49c1 e303 | 4983 fb00 | 0f84 9c71 | ffff 4d8b | 5738 4d85 | d20f 8414 | 0000 0049 | 83ea 084d 
  0x0000019007c66684: 8957 384d | 0357 404d | 891a e97b | 71ff ff48 | 83ec 304c | 8944 2428 | 4889 4c24 | 2049 8bcb 
  0x0000019007c666a4: ;   {runtime_call}
  0x0000019007c666a4: 498b d748 | b820 7641 | 9df9 7f00 | 00ff d048 | 8b4c 2420 | 4c8b 4424 | 28c5 f877 | 4883 c430 
  0x0000019007c666c4: e945 71ff | fff0 8344 | 24c0 0041 | 803a 000f | 846d 71ff | ff41 c602 | 004d 8b5f | 504d 85db 
  0x0000019007c666e4: 0f84 1400 | 0000 4983 | eb08 4d89 | 5f50 4d03 | 5f58 4d89 | 13e9 4871 | ffff 4883 | ec20 498b 
  0x0000019007c66704: ca49 8bd7 

  0x0000019007c66708: ;   {runtime_call}
  0x0000019007c66708: 48b8 0076 | 419d f97f | 0000 ffd0 | c5f8 7748 | 83c4 20e9 | 2671 ffff | 4183 87d8 | 0600 0008 
  0x0000019007c66728: e9da 57ff | ff41 8387 | d806 0000 | 08e9 c455 | ffff 4183 | 87d8 0600 | 0008 e917 | 55ff ff41 
  0x0000019007c66748: 8387 d806 | 0000 08e9 | ec4f ffff | 4183 87d8 | 0600 0008 | e934 4fff | ff41 8387 | d806 0000 
  0x0000019007c66768: 08e9 c14c | ffff 4183 | 87d8 0600 | 0008 e934 | 4bff ff41 | 8387 d806 | 0000 08e9 | eb47 ffff 
  0x0000019007c66788: 4183 87d8 | 0600 0008 | e961 43ff | ff41 8387 | d806 0000 | 08e9 b442 | ffff 4183 | 87d8 0600 
  0x0000019007c667a8: 0008 e991 | 3dff ff41 | 8387 d806 | 0000 08e9 | d93c ffff | 4183 87d8 | 0600 0008 | e966 3aff 
  0x0000019007c667c8: ff41 8387 | d806 0000 | 08e9 1236 | ffff 4183 | 87d8 0600 | 0008 e968 | 35ff ff41 | 8387 d806 
  0x0000019007c667e8: 0000 08e9 | 772e ffff | 4183 87d8 | 0600 0008 | e9b8 29ff | ff41 8387 | d806 0000 

  0x0000019007c66804: ;   {other}
  0x0000019007c66804: 08e9 0e29 

  0x0000019007c66808: ;   {internal_word}
  0x0000019007c66808: ffff 49ba | f88c c507 | 9001 0000 | 4d89 97e0 

  0x0000019007c66818: ;   {runtime_call SafepointBlob}
  0x0000019007c66818: 0400 00e9 | 40a7 91ff | 4183 87d8 | 0600 0008 | e90f 22ff | ff41 8387 | d806 0000 | 08e9 c620 
  0x0000019007c66838: ffff 4183 | 87d8 0600 | 0008 e9f4 | 1fff ff41 | 8387 d806 | 0000 08e9 | 3c1f ffff | 4183 87d8 
  0x0000019007c66858: 0600 0008 | e9de 1bff | ff41 8387 | d806 0000 | 08e9 261b | ffff 4183 | 87d8 0600 | 0008 e9fc 
  0x0000019007c66878: ;   {runtime_call Stub::method_entry_barrier}
  0x0000019007c66878: 18ff ffe8 | c0d9 8fff | e9a9 17ff | fff4 f4f4 
[Stub Code]
  0x0000019007c66888: ;   {static_stub}
  0x0000019007c66888: 48bb 0000 | 0000 0000 

  0x0000019007c66890: ;   {runtime_call nmethod}
  0x0000019007c66890: 0000 e9fb 

  0x0000019007c66894: ;   {static_stub}
  0x0000019007c66894: ffff ff48 | bb00 0000 | 0000 0000 

  0x0000019007c668a0: ;   {runtime_call nmethod}
  0x0000019007c668a0: 00e9 fbff 

  0x0000019007c668a4: ;   {static_stub}
  0x0000019007c668a4: ffff 48bb | 0000 0000 | 0000 0000 

  0x0000019007c668b0: ;   {runtime_call nmethod}
  0x0000019007c668b0: e9fb ffff 

  0x0000019007c668b4: ;   {static_stub}
  0x0000019007c668b4: ff48 bb00 | 0000 0000 

  0x0000019007c668bc: ;   {runtime_call nmethod}
  0x0000019007c668bc: 0000 00e9 | fbff ffff 

  0x0000019007c668c4: ;   {static_stub}
  0x0000019007c668c4: 48bb 0000 | 0000 0000 

  0x0000019007c668cc: ;   {runtime_call nmethod}
  0x0000019007c668cc: 0000 e9fb 

  0x0000019007c668d0: ;   {static_stub}
  0x0000019007c668d0: ffff ff48 | bb00 0000 | 0000 0000 

  0x0000019007c668dc: ;   {runtime_call nmethod}
  0x0000019007c668dc: 00e9 fbff 

  0x0000019007c668e0: ;   {static_stub}
  0x0000019007c668e0: ffff 48bb | 0000 0000 | 0000 0000 

  0x0000019007c668ec: ;   {runtime_call nmethod}
  0x0000019007c668ec: e9fb ffff 

  0x0000019007c668f0: ;   {static_stub}
  0x0000019007c668f0: ff48 bb00 | 0000 0000 

  0x0000019007c668f8: ;   {runtime_call nmethod}
  0x0000019007c668f8: 0000 00e9 | fbff ffff 

  0x0000019007c66900: ;   {static_stub}
  0x0000019007c66900: 48bb 0000 | 0000 0000 

  0x0000019007c66908: ;   {runtime_call nmethod}
  0x0000019007c66908: 0000 e9fb 

  0x0000019007c6690c: ;   {static_stub}
  0x0000019007c6690c: ffff ff48 | bb00 0000 | 0000 0000 

  0x0000019007c66918: ;   {runtime_call nmethod}
  0x0000019007c66918: 00e9 fbff 

  0x0000019007c6691c: ;   {static_stub}
  0x0000019007c6691c: ffff 48bb | 0000 0000 | 0000 0000 

  0x0000019007c66928: ;   {runtime_call nmethod}
  0x0000019007c66928: e9fb ffff 

  0x0000019007c6692c: ;   {static_stub}
  0x0000019007c6692c: ff48 bb00 | 0000 0000 

  0x0000019007c66934: ;   {runtime_call nmethod}
  0x0000019007c66934: 0000 00e9 | fbff ffff 

  0x0000019007c6693c: ;   {static_stub}
  0x0000019007c6693c: 48bb 0000 | 0000 0000 

  0x0000019007c66944: ;   {runtime_call nmethod}
  0x0000019007c66944: 0000 e9fb 

  0x0000019007c66948: ;   {static_stub}
  0x0000019007c66948: ffff ff48 | bb00 0000 | 0000 0000 

  0x0000019007c66954: ;   {runtime_call nmethod}
  0x0000019007c66954: 00e9 fbff 

  0x0000019007c66958: ;   {static_stub}
  0x0000019007c66958: ffff 48bb | 0000 0000 | 0000 0000 

  0x0000019007c66964: ;   {runtime_call nmethod}
  0x0000019007c66964: e9fb ffff 

  0x0000019007c66968: ;   {static_stub}
  0x0000019007c66968: ff48 bb00 | 0000 0000 

  0x0000019007c66970: ;   {runtime_call nmethod}
  0x0000019007c66970: 0000 00e9 | fbff ffff 

  0x0000019007c66978: ;   {static_stub}
  0x0000019007c66978: 48bb 0000 | 0000 0000 

  0x0000019007c66980: ;   {runtime_call nmethod}
  0x0000019007c66980: 0000 e9fb 

  0x0000019007c66984: ;   {static_stub}
  0x0000019007c66984: ffff ff48 | bb00 0000 | 0000 0000 

  0x0000019007c66990: ;   {runtime_call nmethod}
  0x0000019007c66990: 00e9 fbff 

  0x0000019007c66994: ;   {static_stub}
  0x0000019007c66994: ffff 48bb | 0000 0000 | 0000 0000 

  0x0000019007c669a0: ;   {runtime_call nmethod}
  0x0000019007c669a0: e9fb ffff 

  0x0000019007c669a4: ;   {static_stub}
  0x0000019007c669a4: ff48 bb00 | 0000 0000 

  0x0000019007c669ac: ;   {runtime_call nmethod}
  0x0000019007c669ac: 0000 00e9 | fbff ffff 

  0x0000019007c669b4: ;   {static_stub}
  0x0000019007c669b4: 48bb 0000 | 0000 0000 

  0x0000019007c669bc: ;   {runtime_call nmethod}
  0x0000019007c669bc: 0000 e9fb 

  0x0000019007c669c0: ;   {static_stub}
  0x0000019007c669c0: ffff ff48 | bb00 0000 | 0000 0000 

  0x0000019007c669cc: ;   {runtime_call nmethod}
  0x0000019007c669cc: 00e9 fbff 

  0x0000019007c669d0: ;   {static_stub}
  0x0000019007c669d0: ffff 48bb | 30fb 9e0f | 9001 0000 

  0x0000019007c669dc: ;   {runtime_call I2C/C2I adapters}
  0x0000019007c669dc: e955 f291 

  0x0000019007c669e0: ;   {static_stub}
  0x0000019007c669e0: ff48 bb00 | 0000 0000 

  0x0000019007c669e8: ;   {runtime_call nmethod}
  0x0000019007c669e8: 0000 00e9 | fbff ffff 

  0x0000019007c669f0: ;   {static_stub}
  0x0000019007c669f0: 48bb 0000 | 0000 0000 

  0x0000019007c669f8: ;   {runtime_call nmethod}
  0x0000019007c669f8: 0000 e9fb 

  0x0000019007c669fc: ;   {static_stub}
  0x0000019007c669fc: ffff ff48 | bb00 0000 | 0000 0000 

  0x0000019007c66a08: ;   {runtime_call nmethod}
  0x0000019007c66a08: 00e9 fbff 

  0x0000019007c66a0c: ;   {static_stub}
  0x0000019007c66a0c: ffff 48bb | 0000 0000 | 0000 0000 

  0x0000019007c66a18: ;   {runtime_call nmethod}
  0x0000019007c66a18: e9fb ffff 

  0x0000019007c66a1c: ;   {static_stub}
  0x0000019007c66a1c: ff48 bb00 | 0000 0000 

  0x0000019007c66a24: ;   {runtime_call nmethod}
  0x0000019007c66a24: 0000 00e9 | fbff ffff 

  0x0000019007c66a2c: ;   {static_stub}
  0x0000019007c66a2c: 48bb 0000 | 0000 0000 

  0x0000019007c66a34: ;   {runtime_call nmethod}
  0x0000019007c66a34: 0000 e9fb 

  0x0000019007c66a38: ;   {static_stub}
  0x0000019007c66a38: ffff ff48 | bb00 0000 | 0000 0000 

  0x0000019007c66a44: ;   {runtime_call nmethod}
  0x0000019007c66a44: 00e9 fbff 

  0x0000019007c66a48: ;   {static_stub}
  0x0000019007c66a48: ffff 48bb | 0000 0000 | 0000 0000 

  0x0000019007c66a54: ;   {runtime_call nmethod}
  0x0000019007c66a54: e9fb ffff 

  0x0000019007c66a58: ;   {runtime_call ExceptionBlob}
  0x0000019007c66a58: ffe9 0294 | 9eff e800 | 0000 0048 | 832c 2405 

  0x0000019007c66a68: ;   {runtime_call DeoptimizationBlob}
  0x0000019007c66a68: e9f3 a791 | fff4 f4f4 
[/MachCode]


---------------  P R O C E S S  ---------------

Threads class SMR info:
_java_thread_list=0x00000190147c5f00, length=20, elements={
0x000001907b558b10, 0x000001907b559570, 0x000001907b55a9e0, 0x000001907b55c830,
0x000001907b55f530, 0x000001907b563930, 0x000001907b57f270, 0x000001907b58ae20,
0x000001907b566e60, 0x000001907b5656f0, 0x000001907b569570, 0x000001907b569d40,
0x0000019013b26bc0, 0x0000019013b28330, 0x0000019013b2c980, 0x0000019013b2d920,
0x0000019013b2b210, 0x00000190140ead20, 0x00000190140ec490, 0x00000190140e8de0
}

Java Threads: ( => current thread )
  0x000001907b558b10 JavaThread "Reference Handler"          daemon [_thread_blocked, id=19172, stack(0x000000552f900000,0x000000552fa00000) (1024K)]
  0x000001907b559570 JavaThread "Finalizer"                  daemon [_thread_blocked, id=16224, stack(0x000000552fa00000,0x000000552fb00000) (1024K)]
  0x000001907b55a9e0 JavaThread "Signal Dispatcher"          daemon [_thread_blocked, id=8144, stack(0x000000552fb00000,0x000000552fc00000) (1024K)]
  0x000001907b55c830 JavaThread "Attach Listener"            daemon [_thread_blocked, id=17848, stack(0x000000552fc00000,0x000000552fd00000) (1024K)]
  0x000001907b55f530 JavaThread "Service Thread"             daemon [_thread_blocked, id=24436, stack(0x000000552fd00000,0x000000552fe00000) (1024K)]
  0x000001907b563930 JavaThread "Monitor Deflation Thread"   daemon [_thread_blocked, id=24304, stack(0x000000552fe00000,0x000000552ff00000) (1024K)]
  0x000001907b57f270 JavaThread "C2 CompilerThread0"         daemon [_thread_blocked, id=24480, stack(0x000000552ff00000,0x0000005530000000) (1024K)]
  0x000001907b58ae20 JavaThread "C1 CompilerThread0"         daemon [_thread_blocked, id=23792, stack(0x0000005530000000,0x0000005530100000) (1024K)]
  0x000001907b566e60 JavaThread "Common-Cleaner"             daemon [_thread_blocked, id=18044, stack(0x0000005530200000,0x0000005530300000) (1024K)]
  0x000001907b5656f0 JavaThread "Monitor Ctrl-Break"         daemon [_thread_in_native, id=19508, stack(0x0000005530300000,0x0000005530400000) (1024K)]
  0x000001907b569570 JavaThread "Notification Thread"        daemon [_thread_blocked, id=14820, stack(0x0000005530500000,0x0000005530600000) (1024K)]
  0x000001907b569d40 JavaThread "mysql-cj-abandoned-connection-cleanup" daemon [_thread_blocked, id=2604, stack(0x0000005530400000,0x0000005530500000) (1024K)]
  0x0000019013b26bc0 JavaThread "RMI TCP Accept-0"           daemon [_thread_in_native, id=9320, stack(0x0000005530700000,0x0000005530800000) (1024K)]
  0x0000019013b28330 JavaThread "RMI Scheduler(0)"           daemon [_thread_blocked, id=23048, stack(0x0000005530900000,0x0000005530a00000) (1024K)]
  0x0000019013b2c980 JavaThread "Java2D Disposer"            daemon [_thread_blocked, id=20972, stack(0x0000005530b00000,0x0000005530c00000) (1024K)]
  0x0000019013b2d920 JavaThread "AWT-Shutdown"                      [_thread_blocked, id=19544, stack(0x0000005530c00000,0x0000005530d00000) (1024K)]
  0x0000019013b2b210 JavaThread "AWT-Windows"                daemon [_thread_in_native, id=8216, stack(0x0000005530d00000,0x0000005530e00000) (1024K)]
=>0x00000190140ead20 JavaThread "AWT-EventQueue-0"                  [_thread_in_native, id=6148, stack(0x0000005530e00000,0x0000005530f00000) (1024K)]
  0x00000190140ec490 JavaThread "DestroyJavaVM"                     [_thread_blocked, id=1996, stack(0x000000552f100000,0x000000552f200000) (1024K)]
  0x00000190140e8de0 JavaThread "TimerQueue"                 daemon [_thread_blocked, id=9264, stack(0x0000005531200000,0x0000005531300000) (1024K)]
Total: 20

Other Threads:
  0x000001907b544700 VMThread "VM Thread"                           [id=2940, stack(0x000000552f800000,0x000000552f900000) (1024K)]
  0x000001907b535d80 WatcherThread "VM Periodic Task Thread"        [id=4552, stack(0x000000552f700000,0x000000552f800000) (1024K)]
  0x000001906adc3f00 WorkerThread "GC Thread#0"                     [id=18732, stack(0x000000552f200000,0x000000552f300000) (1024K)]
  0x0000019013ba51d0 WorkerThread "GC Thread#1"                     [id=13692, stack(0x000000552ef00000,0x000000552f000000) (1024K)]
  0x0000019013ba26b0 WorkerThread "GC Thread#2"                     [id=23776, stack(0x0000005530100000,0x0000005530200000) (1024K)]
  0x0000019013ba37f0 WorkerThread "GC Thread#3"                     [id=14844, stack(0x0000005530600000,0x0000005530700000) (1024K)]
  0x0000019013ba5a70 WorkerThread "GC Thread#4"                     [id=13772, stack(0x0000005531300000,0x0000005531400000) (1024K)]
  0x0000019013ba3c40 WorkerThread "GC Thread#5"                     [id=21860, stack(0x0000005531400000,0x0000005531500000) (1024K)]
  0x0000019013ba2b00 WorkerThread "GC Thread#6"                     [id=17488, stack(0x0000005531500000,0x0000005531600000) (1024K)]
  0x0000019013ba4090 WorkerThread "GC Thread#7"                     [id=20904, stack(0x0000005531600000,0x0000005531700000) (1024K)]
  0x0000019013ba44e0 WorkerThread "GC Thread#8"                     [id=24108, stack(0x0000005531700000,0x0000005531800000) (1024K)]
  0x0000019013908a80 WorkerThread "GC Thread#9"                     [id=11928, stack(0x0000005531800000,0x0000005531900000) (1024K)]
  0x000001906addd7a0 ConcurrentGCThread "G1 Main Marker"            [id=21724, stack(0x000000552f300000,0x000000552f400000) (1024K)]
  0x000001906adde950 WorkerThread "G1 Conc#0"                       [id=16328, stack(0x000000552f400000,0x000000552f500000) (1024K)]
  0x00000190148bce80 WorkerThread "G1 Conc#1"                       [id=22500, stack(0x0000005530f00000,0x0000005531000000) (1024K)]
  0x00000190148bb4a0 WorkerThread "G1 Conc#2"                       [id=9296, stack(0x0000005531000000,0x0000005531100000) (1024K)]
  0x000001907b407470 ConcurrentGCThread "G1 Refine#0"               [id=23316, stack(0x000000552f500000,0x000000552f600000) (1024K)]
  0x000001907b409d40 ConcurrentGCThread "G1 Service"                [id=10176, stack(0x000000552f600000,0x000000552f700000) (1024K)]
Total: 18

Threads with active compile tasks:
Total: 0

VM state: not at safepoint (normal execution)

VM Mutex/Monitor currently owned by a thread: None

Heap address: 0x0000000704c00000, size: 4020 MB, Compressed Oops mode: Zero based, Oop shift amount: 3

CDS archive(s) mapped at: [0x0000000089000000-0x0000000089dd0000-0x0000000089dd0000), size 14483456, SharedBaseAddress: 0x0000000089000000, ArchiveRelocationMode: 1.
Compressed class space mapped at: 0x000000008a000000-0x00000000ca000000, reserved size: 1073741824
UseCompressedClassPointers 1, UseCompactObjectHeaders 0
Narrow klass pointer bits 32, Max shift 3
Narrow klass base: 0x0000000089000000, Narrow klass shift: 0
Encoding Range: [0x0000000089000000 - 0x0000000189000000), (4294967296 bytes)
Klass Range:    [0x0000000089010000 - 0x00000000ca000000), (1090453504 bytes)
Klass ID Range:  [65536 - 1090519033) (1090453497)
Protection zone: [0x0000000089000000 - 0x0000000089010000), (65536 bytes)

GC Precious Log:
 CardTable entry size: 512
 Card Set container configuration: InlinePtr #cards 4 size 8 Array Of Cards #cards 16 size 48 Howl #buckets 8 coarsen threshold 3686 Howl Bitmap #cards 512 size 80 coarsen threshold 460 Card regions per heap region 1 cards per card region 4096
 CPUs: 12 total, 12 available
 Memory: 16076M
 Large Page Support: Disabled
 NUMA Support: Disabled
 Compressed Oops: Enabled (Zero based)
 Heap Region Size: 2M
 Heap Min Capacity: 8M
 Heap Initial Capacity: 252M
 Heap Max Capacity: 4020M
 Pre-touch: Disabled
 Parallel Workers: 10
 Concurrent Workers: 3
 Concurrent Refinement Workers: 10
 Periodic GC: Disabled

Heap:
 garbage-first heap   total reserved 4116480K, committed 86016K, used 40810K [0x0000000704c00000, 0x0000000800000000)
  region size 2048K, 19 young (38912K), 5 survivors (10240K)

Heap Regions: E=young(eden), S=young(survivor), O=old, HS=humongous(starts), HC=humongous(continues), CS=collection set, F=free, TAMS=top-at-mark-start, PB=parsable bottom
|   0|0x0000000704c00000, 0x0000000704c42898, 0x0000000704e00000| 12%| O|  |TAMS 0x0000000704c00000| PB 0x0000000704c00000| Untracked |  0
|   1|0x0000000704e00000, 0x0000000704e00000, 0x0000000705000000|  0%| F|  |TAMS 0x0000000704e00000| PB 0x0000000704e00000| Untracked |  0
|   2|0x0000000705000000, 0x0000000705000000, 0x0000000705200000|  0%| F|  |TAMS 0x0000000705000000| PB 0x0000000705000000| Untracked |  0
|   3|0x0000000705200000, 0x0000000705400000, 0x0000000705400000|100%|HS|  |TAMS 0x0000000705200000| PB 0x0000000705200000| Complete |  0
|   4|0x0000000705400000, 0x0000000705600000, 0x0000000705600000|100%|HC|  |TAMS 0x0000000705400000| PB 0x0000000705400000| Complete |  0
|   5|0x0000000705600000, 0x0000000705600000, 0x0000000705800000|  0%| F|  |TAMS 0x0000000705600000| PB 0x0000000705600000| Untracked |  0
|   6|0x0000000705800000, 0x0000000705800000, 0x0000000705a00000|  0%| F|  |TAMS 0x0000000705800000| PB 0x0000000705800000| Untracked |  0
|   7|0x0000000705a00000, 0x0000000705a00000, 0x0000000705c00000|  0%| F|  |TAMS 0x0000000705a00000| PB 0x0000000705a00000| Untracked |  0
|   8|0x0000000705c00000, 0x0000000705c00000, 0x0000000705e00000|  0%| F|  |TAMS 0x0000000705c00000| PB 0x0000000705c00000| Untracked |  0
|   9|0x0000000705e00000, 0x0000000705e00000, 0x0000000706000000|  0%| F|  |TAMS 0x0000000705e00000| PB 0x0000000705e00000| Untracked |  0
|  10|0x0000000706000000, 0x0000000706000000, 0x0000000706200000|  0%| F|  |TAMS 0x0000000706000000| PB 0x0000000706000000| Untracked |  0
|  11|0x0000000706200000, 0x0000000706200000, 0x0000000706400000|  0%| F|  |TAMS 0x0000000706200000| PB 0x0000000706200000| Untracked |  0
|  12|0x0000000706400000, 0x0000000706400000, 0x0000000706600000|  0%| F|  |TAMS 0x0000000706400000| PB 0x0000000706400000| Untracked |  0
|  13|0x0000000706600000, 0x0000000706600000, 0x0000000706800000|  0%| F|  |TAMS 0x0000000706600000| PB 0x0000000706600000| Untracked |  0
|  14|0x0000000706800000, 0x0000000706800000, 0x0000000706a00000|  0%| F|  |TAMS 0x0000000706800000| PB 0x0000000706800000| Untracked |  0
|  15|0x0000000706a00000, 0x0000000706a00000, 0x0000000706c00000|  0%| F|  |TAMS 0x0000000706a00000| PB 0x0000000706a00000| Untracked |  0
|  16|0x0000000706c00000, 0x0000000706c00000, 0x0000000706e00000|  0%| F|  |TAMS 0x0000000706c00000| PB 0x0000000706c00000| Untracked |  0
|  17|0x0000000706e00000, 0x0000000706e00000, 0x0000000707000000|  0%| F|  |TAMS 0x0000000706e00000| PB 0x0000000706e00000| Untracked |  0
|  18|0x0000000707000000, 0x0000000707000000, 0x0000000707200000|  0%| F|  |TAMS 0x0000000707000000| PB 0x0000000707000000| Untracked |  0
|  19|0x0000000707200000, 0x0000000707200000, 0x0000000707400000|  0%| F|  |TAMS 0x0000000707200000| PB 0x0000000707200000| Untracked |  0
|  20|0x0000000707400000, 0x0000000707400000, 0x0000000707600000|  0%| F|  |TAMS 0x0000000707400000| PB 0x0000000707400000| Untracked |  0
|  21|0x0000000707600000, 0x0000000707600000, 0x0000000707800000|  0%| F|  |TAMS 0x0000000707600000| PB 0x0000000707600000| Untracked |  0
|  22|0x0000000707800000, 0x0000000707a00000, 0x0000000707a00000|100%| E|  |TAMS 0x0000000707800000| PB 0x0000000707800000| Complete |  0
|  23|0x0000000707a00000, 0x0000000707c00000, 0x0000000707c00000|100%| E|CS|TAMS 0x0000000707a00000| PB 0x0000000707a00000| Complete |  0
|  24|0x0000000707c00000, 0x0000000707e00000, 0x0000000707e00000|100%| E|CS|TAMS 0x0000000707c00000| PB 0x0000000707c00000| Complete |  0
|  25|0x0000000707e00000, 0x0000000708000000, 0x0000000708000000|100%| E|CS|TAMS 0x0000000707e00000| PB 0x0000000707e00000| Complete |  0
|  26|0x0000000708000000, 0x0000000708200000, 0x0000000708200000|100%| E|CS|TAMS 0x0000000708000000| PB 0x0000000708000000| Complete |  0
|  27|0x0000000708200000, 0x0000000708400000, 0x0000000708400000|100%| E|CS|TAMS 0x0000000708200000| PB 0x0000000708200000| Complete |  0
|  28|0x0000000708400000, 0x0000000708600000, 0x0000000708600000|100%| E|CS|TAMS 0x0000000708400000| PB 0x0000000708400000| Complete |  0
|  29|0x0000000708600000, 0x0000000708800000, 0x0000000708800000|100%| S|CS|TAMS 0x0000000708600000| PB 0x0000000708600000| Complete |  0
|  30|0x0000000708800000, 0x0000000708a00000, 0x0000000708a00000|100%| S|CS|TAMS 0x0000000708800000| PB 0x0000000708800000| Complete |  0
|  31|0x0000000708a00000, 0x0000000708c00000, 0x0000000708c00000|100%| S|CS|TAMS 0x0000000708a00000| PB 0x0000000708a00000| Complete |  0
|  32|0x0000000708c00000, 0x0000000708e00000, 0x0000000708e00000|100%| S|CS|TAMS 0x0000000708c00000| PB 0x0000000708c00000| Complete |  0
|  33|0x0000000708e00000, 0x0000000708e72ad0, 0x0000000709000000| 22%| S|CS|TAMS 0x0000000708e00000| PB 0x0000000708e00000| Complete |  0
| 103|0x0000000711a00000, 0x0000000711c00000, 0x0000000711c00000|100%| E|CS|TAMS 0x0000000711a00000| PB 0x0000000711a00000| Complete |  0
| 104|0x0000000711c00000, 0x0000000711e00000, 0x0000000711e00000|100%| E|CS|TAMS 0x0000000711c00000| PB 0x0000000711c00000| Complete |  0
| 105|0x0000000711e00000, 0x0000000712000000, 0x0000000712000000|100%| E|CS|TAMS 0x0000000711e00000| PB 0x0000000711e00000| Complete |  0
| 106|0x0000000712000000, 0x0000000712200000, 0x0000000712200000|100%| E|CS|TAMS 0x0000000712000000| PB 0x0000000712000000| Complete |  0
| 107|0x0000000712200000, 0x0000000712400000, 0x0000000712400000|100%| E|CS|TAMS 0x0000000712200000| PB 0x0000000712200000| Complete |  0
| 124|0x0000000714400000, 0x0000000714600000, 0x0000000714600000|100%| E|CS|TAMS 0x0000000714400000| PB 0x0000000714400000| Complete |  0
| 125|0x0000000714600000, 0x0000000714800000, 0x0000000714800000|100%| E|CS|TAMS 0x0000000714600000| PB 0x0000000714600000| Complete |  0
|2009|0x00000007ffe00000, 0x00000007fff256a0, 0x0000000800000000| 57%| O|Cm|TAMS 0x00000007ffe00000| PB 0x00000007ffe00000| Complete |  0

Card table byte_map: [0x0000019074420000,0x0000019074c00000] _byte_map_base: 0x0000019070bfa000

Marking Bits: (CMBitMap*) 0x000001906adc4690
 Bits: [0x0000019074c00000, 0x0000019078ad0000)

Polling page: 0x0000019068b70000

Metaspace:
Metaspace        used 21764K, committed 22080K, reserved 1114112K
 class space     used 1863K, committed 2048K, reserved 1048576K

Usage:
  Non-class:     19.43 MB used.
      Class:      1.82 MB used.
       Both:     21.25 MB used.

Virtual space:
  Non-class space:       64.00 MB reserved,      19.56 MB ( 31%) committed,  1 nodes.
      Class space:        1.00 GB reserved,       2.00 MB ( <1%) committed,  1 nodes.
             Both:        1.06 GB reserved,      21.56 MB (  2%) committed. 

Chunk freelists:
   Non-Class:  12.34 MB
       Class:  14.04 MB
        Both:  26.38 MB

MaxMetaspaceSize: unlimited
CompressedClassSpaceSize: 1.00 GB
Initial GC threshold: 21.00 MB
Current GC threshold: 35.12 MB
CDS: on
 - commit_granule_bytes: 65536.
 - commit_granule_words: 8192.
 - virtual_space_node_default_size: 8388608.
 - enlarge_chunks_in_place: 1.
UseCompressedClassPointers 1, UseCompactObjectHeaders 0
Narrow klass pointer bits 32, Max shift 3
Narrow klass base: 0x0000000089000000, Narrow klass shift: 0
Encoding Range: [0x0000000089000000 - 0x0000000189000000), (4294967296 bytes)
Klass Range:    [0x0000000089010000 - 0x00000000ca000000), (1090453504 bytes)
Klass ID Range:  [65536 - 1090519033) (1090453497)
Protection zone: [0x0000000089000000 - 0x0000000089010000), (65536 bytes)


Internal statistics:

num_allocs_failed_limit: 3.
num_arena_births: 292.
num_arena_deaths: 0.
num_vsnodes_births: 2.
num_vsnodes_deaths: 0.
num_space_committed: 345.
num_space_uncommitted: 0.
num_chunks_returned_to_freelist: 3.
num_chunks_taken_from_freelist: 557.
num_chunk_merges: 0.
num_chunk_splits: 331.
num_chunks_enlarged: 193.
num_inconsistent_stats: 0.

CodeHeap 'non-profiled nmethods': size=120064Kb used=2739Kb max_used=2739Kb free=117324Kb
 bounds [0x0000019007ac0000, 0x0000019007d70000, 0x000001900f000000]
CodeHeap 'profiled nmethods': size=120000Kb used=10029Kb max_used=10029Kb free=109970Kb
 bounds [0x0000019000000000, 0x00000190009d0000, 0x0000019007530000]
CodeHeap 'non-nmethods': size=5696Kb used=1648Kb max_used=1803Kb free=4047Kb
 bounds [0x0000019007530000, 0x00000190077a0000, 0x0000019007ac0000]
CodeCache: size=245760Kb, used=14416Kb, max_used=14571Kb, free=231341Kb
 total_blobs=6967, nmethods=6184, adapters=683, full_count=0
Compilation: enabled, stopped_count=0, restarted_count=0

Compilation events (20 events):
Event: 2274.010 Thread 0x000001907b57f270 6190       4       java.util.WeakHashMap::get (75 bytes)
Event: 2274.013 Thread 0x000001907b57f270 nmethod 6190 0x0000019007d6bc88 code [0x0000019007d6bd80, 0x0000019007d6c0b8]
Event: 2274.019 Thread 0x000001907b58ae20 6191       1       javax.swing.JFrame::isRootPaneCheckingEnabled (5 bytes)
Event: 2274.019 Thread 0x000001907b58ae20 nmethod 6191 0x0000019007d6c108 code [0x0000019007d6c200, 0x0000019007d6c2d0]
Event: 2274.019 Thread 0x000001907b58ae20 6192       1       javax.swing.JFrame::setRootPaneCheckingEnabled (6 bytes)
Event: 2274.019 Thread 0x000001907b58ae20 nmethod 6192 0x0000019007d6c408 code [0x0000019007d6c500, 0x0000019007d6c5d0]
Event: 2274.020 Thread 0x000001907b58ae20 6193       3       javax.swing.plaf.basic.BasicScrollBarUI::getInputMap (123 bytes)
Event: 2274.020 Thread 0x000001907b58ae20 nmethod 6193 0x00000190009c8508 code [0x00000190009c8600, 0x00000190009c9278]
Event: 2274.020 Thread 0x000001907b58ae20 6194       3       javax.swing.DefaultListSelectionModel::updateLeadAnchorIndices (60 bytes)
Event: 2274.020 Thread 0x000001907b58ae20 nmethod 6194 0x00000190009c9288 code [0x00000190009c9380, 0x00000190009c9c50]
Event: 2274.020 Thread 0x000001907b58ae20 6195       3       javax.swing.SwingUtilities::updateRendererOrEditorUI (43 bytes)
Event: 2274.021 Thread 0x000001907b58ae20 nmethod 6195 0x00000190009c9c88 code [0x00000190009c9d80, 0x00000190009ca600]
Event: 2274.026 Thread 0x000001907b58ae20 6196       3       javax.swing.table.JTableHeader::resizeAndRepaint (9 bytes)
Event: 2274.026 Thread 0x000001907b58ae20 nmethod 6196 0x00000190009ca608 code [0x00000190009ca700, 0x00000190009ca980]
Event: 2334.308 Thread 0x000001907b58ae20 6197       3       sun.awt.windows.WKeyboardFocusManagerPeer::setCurrentFocusOwner (23 bytes)
Event: 2334.311 Thread 0x000001907b58ae20 nmethod 6197 0x00000190009ca988 code [0x00000190009caa80, 0x00000190009cb180]
Event: 2334.311 Thread 0x000001907b58ae20 6198       3       java.awt.Component::processFocusEvent (58 bytes)
Event: 2334.312 Thread 0x000001907b58ae20 nmethod 6198 0x00000190009cb208 code [0x00000190009cb300, 0x00000190009cb6f8]
Event: 2708.510 Thread 0x000001907b57f270 6199       4       java.lang.String::replace (42 bytes)
Event: 2708.531 Thread 0x000001907b57f270 nmethod 6199 0x0000019007d6c708 code [0x0000019007d6c800, 0x0000019007d6cef0]

GC Heap Usage History (6 events):
Event: 39.815 {heap Before GC invocations=0 (full 0):
 garbage-first heap   total reserved 4116480K, committed 260096K, used 48277K [0x0000000704c00000, 0x0000000800000000)
  region size 2048K, 24 young (49152K), 0 survivors (0K)
}
Event: 39.823 {heap After GC invocations=1 (full 0):
 garbage-first heap   total reserved 4116480K, committed 260096K, used 7583K [0x0000000704c00000, 0x0000000800000000)
  region size 2048K, 3 young (6144K), 3 survivors (6144K)
}
Event: 374.460 {heap Before GC invocations=1 (full 0):
 garbage-first heap   total reserved 4116480K, committed 260096K, used 50591K [0x0000000704c00000, 0x0000000800000000)
  region size 2048K, 21 young (43008K), 3 survivors (6144K)
}
Event: 374.473 {heap After GC invocations=2 (full 0):
 garbage-first heap   total reserved 4116480K, committed 260096K, used 18005K [0x0000000704c00000, 0x0000000800000000)
  region size 2048K, 5 young (10240K), 5 survivors (10240K)
}
Event: 1934.041 {heap Before GC invocations=3 (full 0):
 garbage-first heap   total reserved 4116480K, committed 75776K, used 71253K [0x0000000704c00000, 0x0000000800000000)
  region size 2048K, 31 young (63488K), 5 survivors (10240K)
}
Event: 1934.056 {heap After GC invocations=4 (full 0):
 garbage-first heap   total reserved 4116480K, committed 86016K, used 14186K [0x0000000704c00000, 0x0000000800000000)
  region size 2048K, 5 young (10240K), 5 survivors (10240K)
}

Metaspace Usage History (6 events):
Event: 39.815 {metaspace Before GC invocations=0 (full 0):
 Metaspace       used 17134K, committed 17408K, reserved 1114112K
  class space    used 1449K, committed 1536K, reserved 1048576K
}
Event: 39.823 {metaspace After GC invocations=1 (full 0):
 Metaspace       used 17134K, committed 17408K, reserved 1114112K
  class space    used 1449K, committed 1536K, reserved 1048576K
}
Event: 374.460 {metaspace Before GC invocations=1 (full 0):
 Metaspace       used 21236K, committed 21504K, reserved 1114112K
  class space    used 1838K, committed 1984K, reserved 1048576K
}
Event: 374.473 {metaspace After GC invocations=2 (full 0):
 Metaspace       used 21236K, committed 21504K, reserved 1114112K
  class space    used 1838K, committed 1984K, reserved 1048576K
}
Event: 1934.041 {metaspace Before GC invocations=3 (full 0):
 Metaspace       used 21517K, committed 21888K, reserved 1114112K
  class space    used 1860K, committed 2048K, reserved 1048576K
}
Event: 1934.056 {metaspace After GC invocations=4 (full 0):
 Metaspace       used 21517K, committed 21888K, reserved 1114112K
  class space    used 1860K, committed 2048K, reserved 1048576K
}

Dll operation events (13 events):
Event: 0.006 Loaded shared library C:\Program Files\Java\jdk-25\bin\java.dll
Event: 0.046 Loaded shared library C:\Program Files\Java\jdk-25\bin\zip.dll
Event: 0.048 Loaded shared library C:\Program Files\Java\jdk-25\bin\instrument.dll
Event: 0.050 Loaded shared library C:\Program Files\Java\jdk-25\bin\net.dll
Event: 0.051 Loaded shared library C:\Program Files\Java\jdk-25\bin\nio.dll
Event: 0.054 Loaded shared library C:\Program Files\Java\jdk-25\bin\zip.dll
Event: 0.067 Loaded shared library C:\Program Files\Java\jdk-25\bin\jimage.dll
Event: 0.075 Loaded shared library C:\Program Files\Java\jdk-25\bin\extnet.dll
Event: 0.099 Loaded shared library C:\Program Files\Java\jdk-25\bin\management.dll
Event: 0.103 Loaded shared library C:\Program Files\Java\jdk-25\bin\management_ext.dll
Event: 0.257 Loaded shared library C:\Program Files\Java\jdk-25\bin\awt.dll
Event: 0.348 Loaded shared library C:\Program Files\Java\jdk-25\bin\freetype.dll
Event: 0.348 Loaded shared library C:\Program Files\Java\jdk-25\bin\fontmanager.dll

Deoptimization events (20 events):
Event: 2231.073 Thread 0x00000190140ead20 Uncommon trap: trap_request=0xffffffc6 fr.pc=0x0000019007d319d0 relative=0x0000000000000ed0
Event: 2231.073 Thread 0x00000190140ead20 Uncommon trap: reason=bimorphic_or_optimized_type_check action=maybe_recompile pc=0x0000019007d319d0 method=javax.swing.JComponent.getInsets(Ljava/awt/Insets;)Ljava/awt/Insets; @ 42 c2
Event: 2231.073 Thread 0x00000190140ead20 DEOPT PACKING pc=0x0000019007d319d0 sp=0x0000005530efe620
Event: 2231.073 Thread 0x00000190140ead20 DEOPT UNPACKING pc=0x000001900764fc02 sp=0x0000005530efe4e0 mode 2
Event: 2232.823 Thread 0x00000190140ead20 Uncommon trap: trap_request=0xffffffc6 fr.pc=0x0000019007d319d0 relative=0x0000000000000ed0
Event: 2232.823 Thread 0x00000190140ead20 Uncommon trap: reason=bimorphic_or_optimized_type_check action=maybe_recompile pc=0x0000019007d319d0 method=javax.swing.JComponent.getInsets(Ljava/awt/Insets;)Ljava/awt/Insets; @ 42 c2
Event: 2232.823 Thread 0x00000190140ead20 DEOPT PACKING pc=0x0000019007d319d0 sp=0x0000005530efe620
Event: 2232.823 Thread 0x00000190140ead20 DEOPT UNPACKING pc=0x000001900764fc02 sp=0x0000005530efe4e0 mode 2
Event: 2234.002 Thread 0x00000190140ead20 Uncommon trap: trap_request=0xffffffc6 fr.pc=0x0000019007d29f5c relative=0x000000000000045c
Event: 2234.002 Thread 0x00000190140ead20 Uncommon trap: reason=bimorphic_or_optimized_type_check action=maybe_recompile pc=0x0000019007d29f5c method=javax.swing.JComponent.getInsets(Ljava/awt/Insets;)Ljava/awt/Insets; @ 42 c2
Event: 2234.002 Thread 0x00000190140ead20 DEOPT PACKING pc=0x0000019007d29f5c sp=0x0000005530efe570
Event: 2234.002 Thread 0x00000190140ead20 DEOPT UNPACKING pc=0x000001900764fc02 sp=0x0000005530efe4d8 mode 2
Event: 2272.897 Thread 0x00000190140ead20 Uncommon trap: trap_request=0xffffffbe fr.pc=0x0000019007d67084 relative=0x0000000000006204
Event: 2272.897 Thread 0x00000190140ead20 Uncommon trap: reason=profile_predicate action=maybe_recompile pc=0x0000019007d67084 method=com.intellij.uiDesigner.core.GridLayoutManager.getCellsWithHigherPriorities(Lcom/intellij/uiDesigner/core/DimensionInfo;[Z[ZZ[I)V @ 192 c2
Event: 2272.897 Thread 0x00000190140ead20 DEOPT PACKING pc=0x0000019007d67084 sp=0x0000005530efe700
Event: 2272.897 Thread 0x00000190140ead20 DEOPT UNPACKING pc=0x000001900764fc02 sp=0x0000005530efe5f8 mode 2
Event: 2272.897 Thread 0x00000190140ead20 Uncommon trap: trap_request=0xffffffbe fr.pc=0x0000019007d67084 relative=0x0000000000006204
Event: 2272.897 Thread 0x00000190140ead20 Uncommon trap: reason=profile_predicate action=maybe_recompile pc=0x0000019007d67084 method=com.intellij.uiDesigner.core.GridLayoutManager.getCellsWithHigherPriorities(Lcom/intellij/uiDesigner/core/DimensionInfo;[Z[ZZ[I)V @ 192 c2
Event: 2272.897 Thread 0x00000190140ead20 DEOPT PACKING pc=0x0000019007d67084 sp=0x0000005530efe700
Event: 2272.897 Thread 0x00000190140ead20 DEOPT UNPACKING pc=0x000001900764fc02 sp=0x0000005530efe5f8 mode 2

Classes loaded (20 events):
Event: 392.848 Loading class com/sun/java/swing/SwingUtilities3$UnscaledBorderPainter
Event: 392.848 Loading class com/sun/java/swing/SwingUtilities3$UnscaledBorderPainter done
Event: 392.849 Loading class java/awt/geom/RectIterator
Event: 392.849 Loading class java/awt/geom/RectIterator done
Event: 1615.384 Loading class sun/net/ConnectionResetException
Event: 1615.384 Loading class sun/net/ConnectionResetException done
Event: 1615.385 Loading class java/io/InterruptedIOException
Event: 1615.385 Loading class java/io/InterruptedIOException done
Event: 1615.385 Loading class java/net/SocketTimeoutException
Event: 1615.385 Loading class java/net/SocketTimeoutException done
Event: 1682.196 Loading class javax/swing/event/CaretListener
Event: 1682.196 Loading class javax/swing/event/CaretListener done
Event: 1734.810 Loading class java/rmi/server/UnicastRemoteObject
Event: 1734.811 Loading class java/rmi/server/UnicastRemoteObject done
Event: 2194.211 Loading class javax/swing/plaf/BorderUIResource$LineBorderUIResource
Event: 2194.211 Loading class javax/swing/plaf/BorderUIResource$LineBorderUIResource done
Event: 2228.503 Loading class javax/swing/JTable$GenericEditor
Event: 2228.503 Loading class javax/swing/JTable$GenericEditor done
Event: 2228.506 Loading class javax/swing/DefaultCellEditor$1
Event: 2228.507 Loading class javax/swing/DefaultCellEditor$1 done

Classes unloaded (0 events):
No events

Classes redefined (0 events):
No events

Internal exceptions (20 events):
Event: 0.353 Thread 0x000001906ad5ad80 Exception <a 'java/lang/NoSuchMethodError'{0x00000007127a0d28}: 'java.lang.Object java.lang.invoke.DirectMethodHandle$Holder.invokeInterface(java.lang.Object, java.lang.Object, long, long)'> (0x00000007127a0d28) 
thrown [s\open\src\hotspot\share\interpreter\linkResolver.cpp, line 804]
Event: 0.354 Thread 0x000001906ad5ad80 Exception <a 'java/lang/NoSuchMethodError'{0x00000007127b9300}: 'void java.lang.invoke.DirectMethodHandle$Holder.invokeStaticInit(java.lang.Object, java.lang.Object, long, java.lang.Object)'> (0x00000007127b9300) 
thrown [s\open\src\hotspot\share\interpreter\linkResolver.cpp, line 804]
Event: 0.355 Thread 0x000001906ad5ad80 Exception <a 'java/lang/NoSuchMethodError'{0x00000007127c1808}: 'long java.lang.invoke.DirectMethodHandle$Holder.invokeStatic(java.lang.Object, long, long)'> (0x00000007127c1808) 
thrown [s\open\src\hotspot\share\interpreter\linkResolver.cpp, line 804]
Event: 0.356 Thread 0x000001906ad5ad80 Exception <a 'java/lang/NoSuchMethodError'{0x00000007127e3518}: 'java.lang.Object java.lang.invoke.DirectMethodHandle$Holder.newInvokeSpecial(java.lang.Object, int, java.lang.Object)'> (0x00000007127e3518) 
thrown [s\open\src\hotspot\share\interpreter\linkResolver.cpp, line 804]
Event: 0.475 Thread 0x0000019013b2a270 Exception <a 'java/lang/NoSuchMethodError'{0x0000000712b853a8}: 'long java.lang.invoke.DirectMethodHandle$Holder.invokeVirtual(java.lang.Object, java.lang.Object)'> (0x0000000712b853a8) 
thrown [s\open\src\hotspot\share\interpreter\linkResolver.cpp, line 804]
Event: 0.476 Thread 0x0000019013b2a270 Exception <a 'java/lang/NoSuchMethodError'{0x0000000712b956d0}: 'long java.lang.invoke.DelegatingMethodHandle$Holder.reinvoke_L(java.lang.Object, java.lang.Object)'> (0x0000000712b956d0) 
thrown [s\open\src\hotspot\share\interpreter\linkResolver.cpp, line 804]
Event: 0.484 Thread 0x0000019013b2b210 Exception <a 'java/lang/NoSuchMethodError'{0x0000000712bfc868}: 'void java.lang.invoke.DirectMethodHandle$Holder.invokeVirtual(java.lang.Object, java.lang.Object)'> (0x0000000712bfc868) 
thrown [s\open\src\hotspot\share\interpreter\linkResolver.cpp, line 804]
Event: 0.493 Thread 0x000001906ad5ad80 Exception <a 'java/lang/NoSuchMethodError'{0x0000000711cae080}: 'void java.lang.invoke.DirectMethodHandle$Holder.invokeStaticInit(java.lang.Object)'> (0x0000000711cae080) 
thrown [s\open\src\hotspot\share\interpreter\linkResolver.cpp, line 804]
Event: 0.520 Thread 0x000001906ad5ad80 Exception <a 'java/lang/NoSuchMethodError'{0x0000000711ced340}: 'void java.lang.invoke.DelegatingMethodHandle$Holder.reinvoke_L(java.lang.Object, java.lang.Object, java.lang.Object, long, float)'> (0x0000000711ced340) 
thrown [s\open\src\hotspot\share\interpreter\linkResolver.cpp, line 804]
Event: 0.520 Thread 0x000001906ad5ad80 Exception <a 'java/lang/NoSuchMethodError'{0x0000000711b07cf0}: 'java.lang.Object java.lang.invoke.DirectMethodHandle$Holder.invokeStatic(java.lang.Object, java.lang.Object, java.lang.Object, java.lang.Object, long)'> (0x0000000711b07cf0) 
thrown [s\open\src\hotspot\share\interpreter\linkResolver.cpp, line 804]
Event: 0.521 Thread 0x000001906ad5ad80 Exception <a 'java/lang/NoSuchMethodError'{0x0000000711b29cc8}: 'float java.lang.invoke.DelegatingMethodHandle$Holder.reinvoke_L(java.lang.Object, java.lang.Object, java.lang.Object, long)'> (0x0000000711b29cc8) 
thrown [s\open\src\hotspot\share\interpreter\linkResolver.cpp, line 804]
Event: 58.973 Thread 0x00000190140ead20 Exception <a 'java/lang/NoSuchMethodError'{0x0000000714071100}: 'int java.lang.invoke.DelegatingMethodHandle$Holder.reinvoke_L(java.lang.Object, java.lang.Object, java.lang.Object, long)'> (0x0000000714071100) 
thrown [s\open\src\hotspot\share\interpreter\linkResolver.cpp, line 804]
Event: 58.974 Thread 0x00000190140ead20 Exception <a 'java/lang/NoSuchMethodError'{0x00000007140926d8}: 'long java.lang.invoke.DelegatingMethodHandle$Holder.reinvoke_L(java.lang.Object, java.lang.Object, java.lang.Object, long)'> (0x00000007140926d8) 
thrown [s\open\src\hotspot\share\interpreter\linkResolver.cpp, line 804]
Event: 58.974 Thread 0x00000190140ead20 Exception <a 'java/lang/NoSuchMethodError'{0x00000007140b2b00}: 'java.lang.Object java.lang.invoke.DirectMethodHandle$Holder.invokeStatic(java.lang.Object, java.lang.Object, java.lang.Object, java.lang.Object, java.lang.Object, long)'> (0x00000007140b2b00) 
thrown [s\open\src\hotspot\share\interpreter\linkResolver.cpp, line 804]
Event: 58.984 Thread 0x00000190140ead20 Exception <a 'java/lang/NoSuchMethodError'{0x00000007140d74c8}: 'int java.lang.invoke.DirectMethodHandle$Holder.invokeStatic(java.lang.Object)'> (0x00000007140d74c8) 
thrown [s\open\src\hotspot\share\interpreter\linkResolver.cpp, line 804]
Event: 60.115 Thread 0x0000019013a42ed0 Implicit null exception at 0x0000019007b1c536 to 0x0000019007b1cf3c
Event: 60.115 Thread 0x0000019013a42ed0 Implicit null exception at 0x0000019007b1d236 to 0x0000019007b1dc48
Event: 163.394 Thread 0x00000190140ead20 Implicit null exception at 0x0000019007bc6303 to 0x0000019007bc7188
Event: 392.828 Thread 0x00000190140ead20 Implicit null exception at 0x0000019007c7771d to 0x0000019007c77898
Event: 1615.385 Thread 0x0000019013a41f30 Exception <a 'sun/net/ConnectionResetException'{0x0000000706161518}: Connection reset> (0x0000000706161518) 
thrown [s\open\src\hotspot\share\prims\jni.cpp, line 534]

VM Operations (20 events):
Event: 2044.276 Executing non-safepoint VM operation: RendezvousGCThreads
Event: 2044.276 Executing non-safepoint VM operation: RendezvousGCThreads done
Event: 2104.373 Executing non-safepoint VM operation: HandshakeAllThreads (HandshakeForDeflation)
Event: 2104.374 Executing non-safepoint VM operation: HandshakeAllThreads (HandshakeForDeflation) done
Event: 2104.374 Executing non-safepoint VM operation: RendezvousGCThreads
Event: 2104.374 Executing non-safepoint VM operation: RendezvousGCThreads done
Event: 2164.481 Executing non-safepoint VM operation: HandshakeAllThreads (HandshakeForDeflation)
Event: 2164.481 Executing non-safepoint VM operation: HandshakeAllThreads (HandshakeForDeflation) done
Event: 2164.482 Executing non-safepoint VM operation: RendezvousGCThreads
Event: 2164.482 Executing non-safepoint VM operation: RendezvousGCThreads done
Event: 2224.583 Executing non-safepoint VM operation: HandshakeAllThreads (HandshakeForDeflation)
Event: 2224.583 Executing non-safepoint VM operation: HandshakeAllThreads (HandshakeForDeflation) done
Event: 2224.583 Executing non-safepoint VM operation: RendezvousGCThreads
Event: 2224.583 Executing non-safepoint VM operation: RendezvousGCThreads done
Event: 2228.506 Executing non-safepoint VM operation: HandshakeAllThreads (Deoptimize)
Event: 2228.506 Executing non-safepoint VM operation: HandshakeAllThreads (Deoptimize) done
Event: 2284.686 Executing non-safepoint VM operation: HandshakeAllThreads (HandshakeForDeflation)
Event: 2284.686 Executing non-safepoint VM operation: HandshakeAllThreads (HandshakeForDeflation) done
Event: 2284.687 Executing non-safepoint VM operation: RendezvousGCThreads
Event: 2284.687 Executing non-safepoint VM operation: RendezvousGCThreads done

Memory protections (0 events):
No events

Nmethod flushes (0 events):
No events

Events (20 events):
Event: 1.517 Thread 0x00000190138741d0 Thread exited: 0x00000190138741d0
Event: 1.517 Thread 0x000001901310bcc0 Thread exited: 0x000001901310bcc0
Event: 58.949 Thread 0x000001907b58ae20 Thread added: 0x000001901423dca0
Event: 58.961 Thread 0x00000190140ead20 Thread added: 0x0000019013a42ed0
Event: 59.352 Thread 0x000001901423dca0 Thread exited: 0x000001901423dca0
Event: 60.128 Thread 0x000001907b58ae20 Thread added: 0x000001901423d490
Event: 60.445 Thread 0x000001901423d490 Thread exited: 0x000001901423d490
Event: 66.749 Thread 0x0000019013a42ed0 Thread exited: 0x0000019013a42ed0
Event: 68.118 Thread 0x000001907b58ae20 Thread added: 0x000001901423cc80
Event: 68.741 Thread 0x000001901423cc80 Thread exited: 0x000001901423cc80
Event: 96.993 Thread 0x00000190140ead20 Thread added: 0x0000019013a42ed0
Event: 101.994 Thread 0x0000019013a42ed0 Thread exited: 0x0000019013a42ed0
Event: 163.401 Thread 0x00000190140ead20 Thread added: 0x0000019013a41760
Event: 168.404 Thread 0x0000019013a41760 Thread exited: 0x0000019013a41760
Event: 374.593 Thread 0x000001907b57f270 Thread added: 0x000001901423b450
Event: 374.739 Thread 0x000001901423b450 Thread exited: 0x000001901423b450
Event: 840.332 Thread 0x0000019013b26bc0 Thread added: 0x0000019013a41f30
Event: 915.462 Thread 0x0000019013b2a270 Thread exited: 0x0000019013b2a270
Event: 1675.393 Thread 0x0000019013a41f30 Thread exited: 0x0000019013a41f30
Event: 1734.811 Thread 0x0000019013b2c1b0 Thread exited: 0x0000019013b2c1b0


Dynamic libraries:
0x00007ff6249b0000 - 0x00007ff6249c0000 	C:\Program Files\Java\jdk-25\bin\java.exe
0x00007ffa18900000 - 0x00007ffa18b67000 	C:\Windows\SYSTEM32\ntdll.dll
0x00007ffa176a0000 - 0x00007ffa17769000 	C:\Windows\System32\KERNEL32.DLL
0x00007ffa159f0000 - 0x00007ffa15de4000 	C:\Windows\System32\KERNELBASE.dll
0x00007ffa15440000 - 0x00007ffa1558b000 	C:\Windows\System32\ucrtbase.dll
0x00007ffa037b0000 - 0x00007ffa037c7000 	C:\Program Files\Java\jdk-25\bin\jli.dll
0x00007ffa0b4a0000 - 0x00007ffa0b4be000 	C:\Program Files\Java\jdk-25\bin\VCRUNTIME140.dll
0x00007ffa17f90000 - 0x00007ffa18155000 	C:\Windows\System32\USER32.dll
0x00007ffa15df0000 - 0x00007ffa15e17000 	C:\Windows\System32\win32u.dll
0x00007ffa18160000 - 0x00007ffa1818b000 	C:\Windows\System32\GDI32.dll
0x00007ff9fce60000 - 0x00007ff9fd0f3000 	C:\Windows\WinSxS\amd64_microsoft.windows.common-controls_6595b64144ccf1df_6.0.26100.8115_none_3e075c82e3354f9c\COMCTL32.dll
0x00007ffa15260000 - 0x00007ffa1538b000 	C:\Windows\System32\gdi32full.dll
0x00007ffa16690000 - 0x00007ffa16739000 	C:\Windows\System32\msvcrt.dll
0x00007ffa15590000 - 0x00007ffa15633000 	C:\Windows\System32\msvcp_win.dll
0x00007ffa17350000 - 0x00007ffa17382000 	C:\Windows\System32\IMM32.DLL
0x00007ffa0d5a0000 - 0x00007ffa0d5ac000 	C:\Program Files\Java\jdk-25\bin\vcruntime140_1.dll
0x00007ffa006e0000 - 0x00007ffa0076d000 	C:\Program Files\Java\jdk-25\bin\msvcp140.dll
0x00007ff99d060000 - 0x00007ff99debf000 	C:\Program Files\Java\jdk-25\bin\server\jvm.dll
0x00007ffa179a0000 - 0x00007ffa17a56000 	C:\Windows\System32\ADVAPI32.dll
0x00007ffa17530000 - 0x00007ffa175d7000 	C:\Windows\System32\sechost.dll
0x00007ffa16740000 - 0x00007ffa16858000 	C:\Windows\System32\RPCRT4.dll
0x00007ffa17390000 - 0x00007ffa17410000 	C:\Windows\System32\WS2_32.dll
0x00007ffa0cf60000 - 0x00007ffa0cf96000 	C:\Windows\SYSTEM32\WINMM.dll
0x00007ffa15030000 - 0x00007ffa1508e000 	C:\Windows\SYSTEM32\POWRPROF.dll
0x00007ffa09d20000 - 0x00007ffa09d2b000 	C:\Windows\SYSTEM32\VERSION.dll
0x00007ffa15010000 - 0x00007ffa15024000 	C:\Windows\SYSTEM32\UMPDC.dll
0x00007ffa13f60000 - 0x00007ffa13f7b000 	C:\Windows\SYSTEM32\kernel.appcore.dll
0x00007ffa037a0000 - 0x00007ffa037aa000 	C:\Program Files\Java\jdk-25\bin\jimage.dll
0x00007ffa13150000 - 0x00007ffa13392000 	C:\Windows\SYSTEM32\DBGHELP.DLL
0x00007ffa17c00000 - 0x00007ffa17f82000 	C:\Windows\System32\combase.dll
0x00007ffa17770000 - 0x00007ffa17848000 	C:\Windows\System32\OLEAUT32.dll
0x00007ffa0fb60000 - 0x00007ffa0fb9b000 	C:\Windows\SYSTEM32\dbgcore.DLL
0x00007ffa15390000 - 0x00007ffa15435000 	C:\Windows\System32\bcryptPrimitives.dll
0x00007ffa03780000 - 0x00007ffa03790000 	C:\Program Files\Java\jdk-25\bin\instrument.dll
0x00007ffa036c0000 - 0x00007ffa036df000 	C:\Program Files\Java\jdk-25\bin\java.dll
0x00007ffa17a60000 - 0x00007ffa17bf7000 	C:\Windows\System32\ole32.dll
0x00007ffa169e0000 - 0x00007ffa17147000 	C:\Windows\System32\SHELL32.dll
0x00007ffa15640000 - 0x00007ffa157aa000 	C:\Windows\System32\wintypes.dll
0x00007ffa15e20000 - 0x00007ffa16688000 	C:\Windows\System32\windows.storage.dll
0x00007ffa178a0000 - 0x00007ffa17998000 	C:\Windows\System32\SHCORE.dll
0x00007ffa187f0000 - 0x00007ffa18856000 	C:\Windows\System32\shlwapi.dll
0x00007ffa150f0000 - 0x00007ffa15119000 	C:\Windows\SYSTEM32\profapi.dll
0x00007ffa017b0000 - 0x00007ffa017c7000 	C:\Program Files\Java\jdk-25\bin\zip.dll
0x00007ffa01e30000 - 0x00007ffa01e42000 	C:\Program Files\Java\jdk-25\bin\net.dll
0x00007ffa144d0000 - 0x00007ffa1453c000 	C:\Windows\system32\mswsock.dll
0x00007ffa01e10000 - 0x00007ffa01e26000 	C:\Program Files\Java\jdk-25\bin\nio.dll
0x00007ffa01b30000 - 0x00007ffa01b39000 	C:\Program Files\Java\jdk-25\bin\extnet.dll
0x00007ffa13a30000 - 0x00007ffa13b62000 	C:\Windows\SYSTEM32\DNSAPI.dll
0x00007ffa13990000 - 0x00007ffa139c2000 	C:\Windows\SYSTEM32\IPHLPAPI.DLL
0x00007ffa16860000 - 0x00007ffa1686a000 	C:\Windows\System32\NSI.dll
0x00007ffa0c450000 - 0x00007ffa0c45b000 	C:\Windows\System32\rasadhlp.dll
0x00007ffa0d9f0000 - 0x00007ffa0da76000 	C:\Windows\System32\fwpuclnt.dll
0x00007ffa01500000 - 0x00007ffa0150a000 	C:\Program Files\Java\jdk-25\bin\management.dll
0x00007ffa006d0000 - 0x00007ffa006dc000 	C:\Program Files\Java\jdk-25\bin\management_ext.dll
0x00007ffa169d0000 - 0x00007ffa169d8000 	C:\Windows\System32\PSAPI.DLL
0x00007ffa147b0000 - 0x00007ffa147cb000 	C:\Windows\SYSTEM32\CRYPTSP.dll
0x00007ffa13ec0000 - 0x00007ffa13ef9000 	C:\Windows\system32\rsaenh.dll
0x00007ffa14580000 - 0x00007ffa145b3000 	C:\Windows\SYSTEM32\USERENV.dll
0x00007ffa150c0000 - 0x00007ffa150ea000 	C:\Windows\SYSTEM32\bcrypt.dll
0x00007ffa147d0000 - 0x00007ffa147dc000 	C:\Windows\SYSTEM32\CRYPTBASE.dll
0x00007ff9e8ca0000 - 0x00007ff9e8cb8000 	C:\Windows\system32\napinsp.dll
0x00007ff9e8c80000 - 0x00007ff9e8c93000 	C:\Windows\System32\winrnr.dll
0x00007ff9e8c20000 - 0x00007ff9e8c42000 	C:\Windows\system32\nlansp_c.dll
0x00007ff9e8c00000 - 0x00007ff9e8c16000 	C:\Windows\system32\wshbth.dll
0x00007ff9b7b10000 - 0x00007ff9b7c94000 	C:\Program Files\Java\jdk-25\bin\awt.dll
0x00007ffa0fcc0000 - 0x00007ffa0fd5f000 	C:\Windows\SYSTEM32\apphelp.dll
0x00007ff9f70e0000 - 0x00007ff9f7136000 	C:\Windows\SYSTEM32\pdh.dll
0x00007ffa10350000 - 0x00007ffa1037f000 	C:\Windows\system32\DWMAPI.DLL
0x00007ffa10040000 - 0x00007ffa100e9000 	C:\Windows\system32\uxtheme.dll
0x00007ff9b6a50000 - 0x00007ff9b6b5f000 	C:\Windows\system32\opengl32.dll
0x00007ff9f8640000 - 0x00007ff9f866d000 	C:\Windows\SYSTEM32\GLU32.dll
0x00007ffa10390000 - 0x00007ffa103d3000 	C:\Windows\SYSTEM32\dxcore.dll
0x00007ffa16870000 - 0x00007ffa169cc000 	C:\Windows\System32\MSCTF.dll
0x00007ff9f05b0000 - 0x00007ff9f0637000 	C:\Program Files\Java\jdk-25\bin\freetype.dll
0x00007ff9df480000 - 0x00007ff9df56e000 	C:\Program Files\Java\jdk-25\bin\fontmanager.dll
0x00007ffa0fb10000 - 0x00007ffa0fb22000 	C:\Windows\System32\perfproc.dll
0x00007ffa175e0000 - 0x00007ffa1768e000 	C:\Windows\System32\clbcatq.dll
0x00007ffa0dda0000 - 0x00007ffa0dfce000 	C:\Windows\SYSTEM32\WindowsCodecs.dll
0x00007ff9ea090000 - 0x00007ff9ea0ea000 	C:\Windows\system32\dataexchange.dll
0x00007ffa02670000 - 0x00007ffa028bd000 	C:\Windows\system32\twinapi.appcore.dll
0x00007ff9ea7e0000 - 0x00007ff9ea928000 	C:\Windows\SYSTEM32\textinputframework.dll
0x00007ffa0f750000 - 0x00007ffa0f877000 	C:\Windows\SYSTEM32\CoreMessaging.dll
0x00007ffa0bbd0000 - 0x00007ffa0beb2000 	C:\Windows\SYSTEM32\CoreUIComponents.dll
0x00007ff9eb580000 - 0x00007ff9eb5fb000 	C:\Windows\system32\Ninput.dll

JVMTI agents:
C:\Program Files\JetBrains\IntelliJ IDEA 2025.3.3\lib\idea_rt.jar path:C:\Program Files\Java\jdk-25\bin\instrument.dll, loaded, initialized, instrumentlib options:51300

dbghelp: loaded successfully - version: 4.0.5 - missing functions: none
symbol engine: initialized successfully - sym options: 0x614 - pdb path: .;C:\Program Files\Java\jdk-25\bin;C:\Windows\SYSTEM32;C:\Windows\WinSxS\amd64_microsoft.windows.common-controls_6595b64144ccf1df_6.0.26100.8115_none_3e075c82e3354f9c;C:\Program Files\Java\jdk-25\bin\server

VM Arguments:
jvm_args: -javaagent:C:\Program Files\JetBrains\IntelliJ IDEA 2025.3.3\lib\idea_rt.jar=51300 -Dfile.encoding=UTF-8 -Dsun.stdout.encoding=UTF-8 -Dsun.stderr.encoding=UTF-8 
java_command: Main
java_class_path (initial): C:\Users\Maneesha\Desktop\java\Java-Mini-Project\out\production\Java-Mini-Project;C:\Users\Maneesha\Desktop\java\Java-Mini-Project\JAVA\lib\mysql-connector-j-9.6.0.jar
Launcher Type: SUN_STANDARD

[Global flags]
     intx CICompilerCount                          = 4                                         {product} {ergonomic}
     uint ConcGCThreads                            = 3                                         {product} {ergonomic}
     uint G1ConcRefinementThreads                  = 10                                        {product} {ergonomic}
   size_t G1HeapRegionSize                         = 2097152                                   {product} {ergonomic}
   size_t InitialHeapSize                          = 264241152                                 {product} {ergonomic}
   size_t MarkStackSize                            = 4194304                                   {product} {ergonomic}
   size_t MarkStackSizeMax                         = 536870912                                 {product} {ergonomic}
   size_t MaxHeapSize                              = 4215275520                                {product} {ergonomic}
   size_t MaxNewSize                               = 2529165312                                {product} {ergonomic}
   size_t MinHeapDeltaBytes                        = 2097152                                   {product} {ergonomic}
   size_t MinHeapSize                              = 8388608                                   {product} {ergonomic}
    uintx NonNMethodCodeHeapSize                   = 5832704                                {pd product} {ergonomic}
    uintx NonProfiledCodeHeapSize                  = 122945536                              {pd product} {ergonomic}
    uintx ProfiledCodeHeapSize                     = 122880000                              {pd product} {ergonomic}
    uintx ReservedCodeCacheSize                    = 251658240                              {pd product} {ergonomic}
     bool SegmentedCodeCache                       = true                                      {product} {ergonomic}
   size_t SoftMaxHeapSize                          = 4215275520                             {manageable} {ergonomic}
     bool UseCompressedOops                        = true                           {product lp64_product} {ergonomic}
     bool UseG1GC                                  = true                                      {product} {ergonomic}
     bool UseLargePagesIndividualAllocation        = false                                  {pd product} {ergonomic}

Logging:
Log output configuration:
 #0: stdout all=warning uptime,level,tags foldmultilines=false
 #1: stderr all=off uptime,level,tags foldmultilines=false

Release file:
IMPLEMENTOR="Oracle Corporation" 
JAVA_RUNTIME_VERSION="25.0.1+8-LTS-27" 
JAVA_VERSION="25.0.1" 
JAVA_VERSION_DATE="2025-10-21" 
LIBC="default" 
MODULES="java.base java.compiler java.datatransfer java.xml java.prefs java.desktop java.instrument java.logging java.management java.security.sasl java.naming java.rmi java.management.rmi java.net.http java.scripting java.security.jgss java.transaction.xa java.sql java.sql.rowset java.xml.crypto java.se java.smartcardio jdk.accessibility jdk.internal.jvmstat jdk.attach jdk.charsets jdk.internal.opt jdk.zipfs jdk.compiler jdk.crypto.cryptoki jdk.crypto.ec jdk.crypto.mscapi jdk.dynalink jdk.internal.ed jdk.editpad jdk.internal.vm.ci jdk.graal.compiler jdk.graal.compiler.management jdk.hotspot.agent jdk.httpserver jdk.incubator.vector jdk.internal.le jdk.internal.md jdk.jartool jdk.javadoc jdk.jcmd jdk.management jdk.management.agent jdk.jconsole jdk.jdeps jdk.jdwp.agent jdk.jdi jdk.jfr jdk.jlink jdk.jpackage jdk.jshell jdk.jsobject jdk.jstatd jdk.localedata jdk.management.jfr jdk.naming.dns jdk.naming.rmi jdk.net jdk.nio.mapmode jdk.sctp jdk.security.auth jdk.security.jgss jdk.unsupported jdk.unsupported.desktop jdk.xml.dom" 
OS_ARCH="x86_64" 
OS_NAME="Windows" 
SOURCE=".:git:862c85bc42b7 open:git:78770bfaefd2" 

Environment Variables:
JAVA_HOME=C:\Program Files\Java\jdk-25
PATH=C:\Program Files\Common Files\Oracle\Java\javapath;C:\Windows\system32;C:\Windows;C:\Windows\System32\Wbem;C:\Windows\System32\WindowsPowerShell\v1.0\;C:\Windows\System32\OpenSSH\;C:\Program Files\Git\cmd;C:\Program Files\Java\jdk-25\bin;C:\Users\Maneesha\AppData\Local\Microsoft\WindowsApps;C:\Users\Maneesha\AppData\Local\GitHubDesktop\bin;C:\Users\Maneesha\AppData\Local\Programs\Microsoft VS Code\bin;C:\Program Files\JetBrains\IntelliJ IDEA 2025.3.3\bin
USERNAME=Maneesha
OS=Windows_NT
PROCESSOR_IDENTIFIER=Intel64 Family 6 Model 186 Stepping 2, GenuineIntel
TMP=C:\Users\Maneesha\AppData\Local\Temp
TEMP=C:\Users\Maneesha\AppData\Local\Temp




Compilation memory statistics disabled.

Periodic native trim disabled

---------------  S Y S T E M  ---------------

OS:
 Windows 11 , 64 bit Build 26100 (10.0.26100.8246)
OS uptime: 1 days 1:26 hours
Hyper-V role detected

CPU: total 12 (initial active 12) (6 cores per cpu, 2 threads per core) family 6 model 186 stepping 2 microcode 0x4112, cx8, cmov, fxsr, ht, mmx, 3dnowpref, sse, sse2, sse3, ssse3, sse4.1, sse4.2, popcnt, lzcnt, tsc, tscinvbit, avx, avx2, aes, erms, clmul, bmi1, bmi2, adx, sha, fma, vzeroupper, clflush, clflushopt, clwb, hv, serialize, rdtscp, rdpid, fsrm, gfni, f16c, cet_ibt, cet_ss
Processor Information for processor 0
  Max Mhz: 2100, Current Mhz: 2100, Mhz Limit: 2100
Processor Information for processor 1
  Max Mhz: 2100, Current Mhz: 2100, Mhz Limit: 2100
Processor Information for processor 2
  Max Mhz: 2100, Current Mhz: 2100, Mhz Limit: 2100
Processor Information for processor 3
  Max Mhz: 2100, Current Mhz: 2100, Mhz Limit: 2100
Processor Information for processor 4
  Max Mhz: 2100, Current Mhz: 2100, Mhz Limit: 2100
Processor Information for processor 5
  Max Mhz: 2100, Current Mhz: 2100, Mhz Limit: 2100
Processor Information for processor 6
  Max Mhz: 2100, Current Mhz: 2100, Mhz Limit: 2100
Processor Information for processor 7
  Max Mhz: 2100, Current Mhz: 2100, Mhz Limit: 2100
Processor Information for processor 8
  Max Mhz: 2100, Current Mhz: 1500, Mhz Limit: 1491
Processor Information for processor 9
  Max Mhz: 2100, Current Mhz: 1500, Mhz Limit: 1491
Processor Information for processor 10
  Max Mhz: 2100, Current Mhz: 1500, Mhz Limit: 1491
Processor Information for processor 11
  Max Mhz: 2100, Current Mhz: 1500, Mhz Limit: 1491

Memory: 4k page, system-wide physical 16076M (5464M free)
TotalPageFile size 17100M (AvailPageFile size 3912M)
current process WorkingSet (physical memory assigned to process): 205M, peak: 242M
current process commit charge ("private bytes"): 277M, peak: 444M

vm_info: Java HotSpot(TM) 64-Bit Server VM (25.0.1+8-LTS-27) for windows-amd64 JRE (25.0.1+8-LTS-27), built on 2025-09-25T16:41:16Z with unknown MS VC++:1943

END.
